2026-05-06 03:10:30,882 | INFO    | =======================================================
2026-05-06 03:10:30,884 | INFO    |   myschool.ng ALL SUBJECTS SCRAPER (Local)
2026-05-06 03:10:30,887 | INFO    | =======================================================
2026-05-06 03:10:30,891 | INFO    | 
=======================================================
2026-05-06 03:10:30,892 | INFO    |   Scraping: English Language
2026-05-06 03:10:30,898 | INFO    | =======================================================
2026-05-06 03:11:25,243 | INFO    | Total pages: 816
2026-05-06 03:11:27,214 | INFO    |   Page 1: 5 questions
2026-05-06 03:11:30,569 | INFO    |   Page 2: 5 questions
2026-05-06 03:11:33,966 | INFO    |   Page 3: 5 questions
2026-05-06 03:11:37,189 | INFO    |   Page 4: 5 questions
2026-05-06 03:11:40,704 | INFO    |   Page 5: 5 questions
2026-05-06 03:11:40,737 | INFO    | 💾 Saved at page 5 (25 questions)
2026-05-06 03:11:44,137 | INFO    |   Page 6: 5 questions
2026-05-06 03:11:49,090 | INFO    |   Page 7: 5 questions
2026-05-06 03:11:52,525 | INFO    |   Page 8: 5 questions
2026-05-06 03:11:55,912 | INFO    |   Page 9: 5 questions
2026-05-06 03:11:59,146 | INFO    |   Page 10: 5 questions
2026-05-06 03:11:59,162 | INFO    | 💾 Saved at page 10 (50 questions)
2026-05-06 03:12:02,493 | INFO    |   Page 11: 5 questions
2026-05-06 03:12:06,491 | INFO    |   Page 12: 5 questions
2026-05-06 03:12:09,918 | INFO    |   Page 13: 5 questions
2026-05-06 03:12:13,306 | INFO    |   Page 14: 5 questions
2026-05-06 03:12:16,681 | INFO    |   Page 15: 5 questions
2026-05-06 03:12:16,697 | INFO    | 💾 Saved at page 15 (75 questions)
2026-05-06 03:12:19,926 | INFO    |   Page 16: 5 questions
2026-05-06 03:12:23,303 | INFO    |   Page 17: 5 questions
2026-05-06 03:12:26,698 | INFO    |   Page 18: 5 questions
2026-05-06 03:12:30,062 | INFO    |   Page 19: 5 questions
2026-05-06 03:12:33,413 | INFO    |   Page 20: 5 questions
2026-05-06 03:12:33,429 | INFO    | 💾 Saved at page 20 (100 questions)
2026-05-06 03:12:36,760 | INFO    |   Page 21: 5 questions
2026-05-06 03:12:40,157 | INFO    |   Page 22: 5 questions
2026-05-06 03:12:43,585 | INFO    |   Page 23: 5 questions
2026-05-06 03:12:47,062 | INFO    |   Page 24: 5 questions
2026-05-06 03:12:50,641 | INFO    |   Page 25: 5 questions
2026-05-06 03:12:50,658 | INFO    | 💾 Saved at page 25 (125 questions)
2026-05-06 03:12:54,025 | INFO    |   Page 26: 5 questions
2026-05-06 03:12:57,408 | INFO    |   Page 27: 5 questions
2026-05-06 03:13:00,740 | INFO    |   Page 28: 5 questions
2026-05-06 03:13:04,079 | INFO    |   Page 29: 5 questions
2026-05-06 03:13:07,351 | INFO    |   Page 30: 5 questions
2026-05-06 03:13:07,376 | INFO    | 💾 Saved at page 30 (150 questions)
2026-05-06 03:13:10,949 | INFO    |   Page 31: 5 questions
2026-05-06 03:13:14,273 | INFO    |   Page 32: 5 questions
2026-05-06 03:13:17,612 | INFO    |   Page 33: 5 questions
2026-05-06 03:13:20,937 | INFO    |   Page 34: 5 questions
2026-05-06 03:13:24,291 | INFO    |   Page 35: 5 questions
2026-05-06 03:13:24,315 | INFO    | 💾 Saved at page 35 (175 questions)
2026-05-06 03:13:27,667 | INFO    |   Page 36: 5 questions
2026-05-06 03:13:31,005 | INFO    |   Page 37: 5 questions
2026-05-06 03:13:34,762 | INFO    |   Page 38: 5 questions
2026-05-06 03:13:38,157 | INFO    |   Page 39: 5 questions
2026-05-06 03:13:41,444 | INFO    |   Page 40: 5 questions
2026-05-06 03:13:41,484 | INFO    | 💾 Saved at page 40 (200 questions)
2026-05-06 03:13:44,888 | INFO    |   Page 41: 5 questions
2026-05-06 03:13:48,229 | INFO    |   Page 42: 5 questions
2026-05-06 03:13:51,486 | INFO    |   Page 43: 5 questions
2026-05-06 03:13:54,873 | INFO    |   Page 44: 5 questions
2026-05-06 03:13:58,250 | INFO    |   Page 45: 5 questions
2026-05-06 03:13:58,274 | INFO    | 💾 Saved at page 45 (225 questions)
2026-05-06 03:14:01,603 | INFO    |   Page 46: 5 questions
2026-05-06 03:14:05,203 | INFO    |   Page 47: 5 questions
2026-05-06 03:14:08,487 | INFO    |   Page 48: 5 questions
2026-05-06 03:14:11,842 | INFO    |   Page 49: 5 questions
2026-05-06 03:14:15,166 | INFO    |   Page 50: 5 questions
2026-05-06 03:14:15,193 | INFO    | 💾 Saved at page 50 (250 questions)
2026-05-06 03:14:18,830 | INFO    |   Page 51: 5 questions
2026-05-06 03:14:22,275 | INFO    |   Page 52: 5 questions
2026-05-06 03:14:25,608 | INFO    |   Page 53: 5 questions
2026-05-06 03:14:28,951 | INFO    |   Page 54: 5 questions
2026-05-06 03:14:32,225 | INFO    |   Page 55: 5 questions
2026-05-06 03:14:32,265 | INFO    | 💾 Saved at page 55 (275 questions)
2026-05-06 03:14:35,688 | INFO    |   Page 56: 5 questions
2026-05-06 03:14:39,123 | INFO    |   Page 57: 5 questions
2026-05-06 03:14:42,763 | INFO    |   Page 58: 5 questions
2026-05-06 03:14:46,168 | INFO    |   Page 59: 5 questions
2026-05-06 03:14:49,816 | INFO    |   Page 60: 5 questions
2026-05-06 03:14:49,864 | INFO    | 💾 Saved at page 60 (300 questions)
2026-05-06 03:14:53,566 | INFO    |   Page 61: 5 questions
2026-05-06 03:14:57,307 | INFO    |   Page 62: 5 questions
2026-05-06 03:15:00,825 | INFO    |   Page 63: 5 questions
2026-05-06 03:15:04,223 | INFO    |   Page 64: 5 questions
2026-05-06 03:15:07,581 | INFO    |   Page 65: 5 questions
2026-05-06 03:15:07,622 | INFO    | 💾 Saved at page 65 (325 questions)
2026-05-06 03:15:10,976 | INFO    |   Page 66: 5 questions
2026-05-06 03:15:14,324 | INFO    |   Page 67: 5 questions
2026-05-06 03:15:17,885 | INFO    |   Page 68: 5 questions
2026-05-06 03:15:21,285 | INFO    |   Page 69: 5 questions
2026-05-06 03:15:24,971 | INFO    |   Page 70: 5 questions
2026-05-06 03:15:25,021 | INFO    | 💾 Saved at page 70 (350 questions)
2026-05-06 03:15:28,527 | INFO    |   Page 71: 5 questions
2026-05-06 03:15:32,141 | INFO    |   Page 72: 5 questions
2026-05-06 03:15:35,639 | INFO    |   Page 73: 5 questions
2026-05-06 03:15:39,120 | INFO    |   Page 74: 5 questions
2026-05-06 03:15:42,441 | INFO    |   Page 75: 5 questions
2026-05-06 03:15:42,492 | INFO    | 💾 Saved at page 75 (375 questions)
2026-05-06 03:15:45,877 | INFO    |   Page 76: 5 questions
2026-05-06 03:15:49,477 | INFO    |   Page 77: 5 questions
2026-05-06 03:15:53,033 | INFO    |   Page 78: 5 questions
2026-05-06 03:15:56,650 | INFO    |   Page 79: 5 questions
2026-05-06 03:16:00,084 | INFO    |   Page 80: 5 questions
2026-05-06 03:16:00,124 | INFO    | 💾 Saved at page 80 (398 questions)
2026-05-06 03:16:03,437 | INFO    |   Page 81: 5 questions
2026-05-06 03:16:06,773 | INFO    |   Page 82: 5 questions
2026-05-06 03:16:10,249 | INFO    |   Page 83: 5 questions
2026-05-06 03:16:13,725 | INFO    |   Page 84: 5 questions
2026-05-06 03:16:17,094 | INFO    |   Page 85: 5 questions
2026-05-06 03:16:17,142 | INFO    | 💾 Saved at page 85 (423 questions)
2026-05-06 03:16:21,184 | INFO    |   Page 86: 5 questions
2026-05-06 03:16:24,800 | INFO    |   Page 87: 5 questions
2026-05-06 03:16:28,139 | INFO    |   Page 88: 5 questions
2026-05-06 03:16:31,907 | INFO    |   Page 89: 5 questions
2026-05-06 03:16:35,230 | INFO    |   Page 90: 5 questions
2026-05-06 03:16:35,280 | INFO    | 💾 Saved at page 90 (445 questions)
2026-05-06 03:16:38,971 | INFO    |   Page 91: 5 questions
2026-05-06 03:16:42,574 | INFO    |   Page 92: 5 questions
2026-05-06 03:16:46,323 | INFO    |   Page 93: 5 questions
2026-05-06 03:16:49,963 | INFO    |   Page 94: 5 questions
2026-05-06 03:16:53,329 | INFO    |   Page 95: 5 questions
2026-05-06 03:16:53,395 | INFO    | 💾 Saved at page 95 (467 questions)
2026-05-06 03:16:56,775 | INFO    |   Page 96: 5 questions
2026-05-06 03:17:00,130 | INFO    |   Page 97: 5 questions
2026-05-06 03:17:03,705 | INFO    |   Page 98: 5 questions
2026-05-06 03:17:07,092 | INFO    |   Page 99: 5 questions
2026-05-06 03:17:10,894 | INFO    |   Page 100: 5 questions
2026-05-06 03:17:10,950 | INFO    | 💾 Saved at page 100 (492 questions)
2026-05-06 03:17:14,434 | INFO    |   Page 101: 5 questions
2026-05-06 03:17:17,881 | INFO    |   Page 102: 5 questions
2026-05-06 03:17:21,541 | INFO    |   Page 103: 5 questions
2026-05-06 03:17:24,921 | INFO    |   Page 104: 5 questions
2026-05-06 03:17:28,606 | INFO    |   Page 105: 5 questions
2026-05-06 03:17:28,663 | INFO    | 💾 Saved at page 105 (517 questions)
2026-05-06 03:17:32,152 | INFO    |   Page 106: 5 questions
2026-05-06 03:17:35,611 | INFO    |   Page 107: 5 questions
2026-05-06 03:17:38,857 | INFO    |   Page 108: 5 questions
2026-05-06 03:17:42,186 | INFO    |   Page 109: 5 questions
2026-05-06 03:17:45,871 | INFO    |   Page 110: 5 questions
2026-05-06 03:17:45,936 | INFO    | 💾 Saved at page 110 (538 questions)
2026-05-06 03:17:49,626 | INFO    |   Page 111: 5 questions
2026-05-06 03:17:53,139 | INFO    |   Page 112: 5 questions
2026-05-06 03:17:56,876 | INFO    |   Page 113: 5 questions
2026-05-06 03:18:00,182 | INFO    |   Page 114: 5 questions
2026-05-06 03:18:03,560 | INFO    |   Page 115: 5 questions
2026-05-06 03:18:03,626 | INFO    | 💾 Saved at page 115 (538 questions)
2026-05-06 03:18:07,069 | INFO    |   Page 116: 5 questions
2026-05-06 03:18:10,680 | INFO    |   Page 117: 5 questions
2026-05-06 03:18:14,115 | INFO    |   Page 118: 5 questions
2026-05-06 03:18:17,750 | INFO    |   Page 119: 5 questions
2026-05-06 03:18:21,110 | INFO    |   Page 120: 5 questions
2026-05-06 03:18:21,183 | INFO    | 💾 Saved at page 120 (563 questions)
2026-05-06 03:18:24,532 | INFO    |   Page 121: 5 questions
2026-05-06 03:18:27,975 | INFO    |   Page 122: 5 questions
2026-05-06 03:18:31,359 | INFO    |   Page 123: 5 questions
2026-05-06 03:18:35,019 | INFO    |   Page 124: 5 questions
2026-05-06 03:18:39,299 | INFO    |   Page 125: 5 questions
2026-05-06 03:18:39,365 | INFO    | 💾 Saved at page 125 (588 questions)
2026-05-06 03:18:42,891 | INFO    |   Page 126: 5 questions
2026-05-06 03:18:46,395 | INFO    |   Page 127: 5 questions
2026-05-06 03:18:50,099 | INFO    |   Page 128: 5 questions
2026-05-06 03:18:53,757 | INFO    |   Page 129: 5 questions
2026-05-06 03:18:57,100 | INFO    |   Page 130: 5 questions
2026-05-06 03:18:57,181 | INFO    | 💾 Saved at page 130 (611 questions)
2026-05-06 03:19:00,827 | INFO    |   Page 131: 5 questions
2026-05-06 03:19:04,076 | INFO    |   Page 132: 5 questions
2026-05-06 03:19:07,522 | INFO    |   Page 133: 5 questions
2026-05-06 03:19:10,940 | INFO    |   Page 134: 5 questions
2026-05-06 03:19:14,577 | INFO    |   Page 135: 5 questions
2026-05-06 03:19:14,641 | INFO    | 💾 Saved at page 135 (613 questions)
2026-05-06 03:19:18,315 | INFO    |   Page 136: 5 questions
2026-05-06 03:19:21,596 | INFO    |   Page 137: 5 questions
2026-05-06 03:19:25,020 | INFO    |   Page 138: 5 questions
2026-05-06 03:19:28,424 | INFO    |   Page 139: 5 questions
2026-05-06 03:19:31,756 | INFO    |   Page 140: 5 questions
2026-05-06 03:19:31,822 | INFO    | 💾 Saved at page 140 (638 questions)
2026-05-06 03:19:35,173 | INFO    |   Page 141: 5 questions
2026-05-06 03:19:38,548 | INFO    |   Page 142: 5 questions
2026-05-06 03:19:41,915 | INFO    |   Page 143: 5 questions
2026-05-06 03:19:45,322 | INFO    |   Page 144: 5 questions
2026-05-06 03:19:48,605 | INFO    |   Page 145: 5 questions
2026-05-06 03:19:48,670 | INFO    | 💾 Saved at page 145 (663 questions)
2026-05-06 03:19:51,939 | INFO    |   Page 146: 5 questions
2026-05-06 03:19:55,492 | INFO    |   Page 147: 5 questions
2026-05-06 03:19:59,081 | INFO    |   Page 148: 5 questions
2026-05-06 03:20:02,558 | INFO    |   Page 149: 5 questions
2026-05-06 03:20:05,918 | INFO    |   Page 150: 5 questions
2026-05-06 03:20:05,987 | INFO    | 💾 Saved at page 150 (685 questions)
2026-05-06 03:20:09,615 | INFO    |   Page 151: 5 questions
2026-05-06 03:20:12,991 | INFO    |   Page 152: 5 questions
2026-05-06 03:20:16,364 | INFO    |   Page 153: 5 questions
2026-05-06 03:20:19,670 | INFO    |   Page 154: 5 questions
2026-05-06 03:20:23,246 | INFO    |   Page 155: 5 questions
2026-05-06 03:20:23,320 | INFO    | 💾 Saved at page 155 (685 questions)
2026-05-06 03:20:26,713 | INFO    |   Page 156: 5 questions
2026-05-06 03:20:30,200 | INFO    |   Page 157: 5 questions
2026-05-06 03:20:33,635 | INFO    |   Page 158: 5 questions
2026-05-06 03:20:36,937 | INFO    |   Page 159: 5 questions
2026-05-06 03:20:40,304 | INFO    |   Page 160: 5 questions
2026-05-06 03:20:40,370 | INFO    | 💾 Saved at page 160 (709 questions)
2026-05-06 03:20:44,070 | INFO    |   Page 161: 5 questions
2026-05-06 03:20:47,362 | INFO    |   Page 162: 5 questions
2026-05-06 03:20:51,079 | INFO    |   Page 163: 5 questions
2026-05-06 03:20:54,410 | INFO    |   Page 164: 5 questions
2026-05-06 03:20:57,720 | INFO    |   Page 165: 5 questions
2026-05-06 03:20:57,800 | INFO    | 💾 Saved at page 165 (734 questions)
2026-05-06 03:21:01,102 | INFO    |   Page 166: 5 questions
2026-05-06 03:21:04,645 | INFO    |   Page 167: 5 questions
2026-05-06 03:21:08,087 | INFO    |   Page 168: 5 questions
2026-05-06 03:21:11,591 | INFO    |   Page 169: 5 questions
2026-05-06 03:21:14,953 | INFO    |   Page 170: 5 questions
2026-05-06 03:21:15,034 | INFO    | 💾 Saved at page 170 (758 questions)
2026-05-06 03:21:18,364 | INFO    |   Page 171: 5 questions
2026-05-06 03:21:21,730 | INFO    |   Page 172: 5 questions
2026-05-06 03:21:25,176 | INFO    |   Page 173: 5 questions
2026-05-06 03:21:28,607 | INFO    |   Page 174: 5 questions
2026-05-06 03:21:32,243 | INFO    |   Page 175: 5 questions
2026-05-06 03:21:32,332 | INFO    | 💾 Saved at page 175 (759 questions)
2026-05-06 03:21:36,243 | INFO    |   Page 176: 5 questions
2026-05-06 03:21:39,697 | INFO    |   Page 177: 5 questions
2026-05-06 03:21:43,302 | INFO    |   Page 178: 5 questions
2026-05-06 03:21:46,763 | INFO    |   Page 179: 5 questions
2026-05-06 03:21:50,619 | INFO    |   Page 180: 5 questions
2026-05-06 03:21:50,708 | INFO    | 💾 Saved at page 180 (784 questions)
2026-05-06 03:21:54,507 | INFO    |   Page 181: 5 questions
2026-05-06 03:21:58,085 | INFO    |   Page 182: 5 questions
2026-05-06 03:22:01,743 | INFO    |   Page 183: 5 questions
2026-05-06 03:22:05,081 | INFO    |   Page 184: 5 questions
2026-05-06 03:22:08,466 | INFO    |   Page 185: 5 questions
2026-05-06 03:22:08,554 | INFO    | 💾 Saved at page 185 (809 questions)
2026-05-06 03:22:12,158 | INFO    |   Page 186: 5 questions
2026-05-06 03:22:15,484 | INFO    |   Page 187: 5 questions
2026-05-06 03:22:18,912 | INFO    |   Page 188: 5 questions
2026-05-06 03:22:22,207 | INFO    |   Page 189: 5 questions
2026-05-06 03:22:48,633 | ERROR   | ✗ Page 190 failed: Page.goto: net::ERR_NETWORK_CHANGED at https://myschool.ng/classroom/english-language?exam_type=waec&type=obj&page=190
Call log:
  - navigating to "https://myschool.ng/classroom/english-language?exam_type=waec&type=obj&page=190", waiting until "domcontentloaded"

2026-05-06 03:22:50,786 | ERROR   | ✗ Page 191 failed: Page.goto: net::ERR_INTERNET_DISCONNECTED at https://myschool.ng/classroom/english-language?exam_type=waec&type=obj&page=191
Call log:
  - navigating to "https://myschool.ng/classroom/english-language?exam_type=waec&type=obj&page=191", waiting until "domcontentloaded"

2026-05-06 03:22:56,268 | INFO    |   Page 192: 5 questions
2026-05-06 03:23:20,030 | ERROR   | ✗ Page 193 failed: Page.goto: net::ERR_CONNECTION_RESET at https://myschool.ng/classroom/english-language?exam_type=waec&type=obj&page=193
Call log:
  - navigating to "https://myschool.ng/classroom/english-language?exam_type=waec&type=obj&page=193", waiting until "domcontentloaded"

2026-05-06 03:23:25,228 | INFO    |   Page 194: 5 questions
2026-05-06 03:23:28,877 | INFO    |   Page 195: 5 questions
2026-05-06 03:23:28,984 | INFO    | 💾 Saved at page 195 (829 questions)
2026-05-06 03:23:32,537 | INFO    |   Page 196: 5 questions
2026-05-06 03:23:35,882 | INFO    |   Page 197: 5 questions
2026-05-06 03:23:39,449 | INFO    |   Page 198: 5 questions
2026-05-06 03:23:42,981 | INFO    |   Page 199: 5 questions
2026-05-06 03:23:46,421 | INFO    |   Page 200: 5 questions
2026-05-06 03:23:46,501 | INFO    | 💾 Saved at page 200 (854 questions)
2026-05-06 03:23:50,438 | INFO    |   Page 201: 5 questions
2026-05-06 03:23:53,960 | INFO    |   Page 202: 5 questions
2026-05-06 03:23:57,336 | INFO    |   Page 203: 5 questions
2026-05-06 03:24:00,709 | INFO    |   Page 204: 5 questions
2026-05-06 03:24:04,075 | INFO    |   Page 205: 5 questions
2026-05-06 03:24:04,157 | INFO    | 💾 Saved at page 205 (879 questions)
2026-05-06 03:24:07,807 | INFO    |   Page 206: 5 questions
2026-05-06 03:24:11,244 | INFO    |   Page 207: 5 questions
2026-05-06 03:24:14,733 | INFO    |   Page 208: 5 questions
2026-05-06 03:24:18,404 | INFO    |   Page 209: 5 questions
2026-05-06 03:24:22,118 | INFO    |   Page 210: 5 questions
2026-05-06 03:24:22,200 | INFO    | 💾 Saved at page 210 (896 questions)
2026-05-06 03:24:25,503 | INFO    |   Page 211: 5 questions
2026-05-06 03:24:28,929 | INFO    |   Page 212: 5 questions
2026-05-06 03:24:32,366 | INFO    |   Page 213: 5 questions
2026-05-06 03:24:35,779 | INFO    |   Page 214: 5 questions
2026-05-06 03:24:39,367 | INFO    |   Page 215: 5 questions
2026-05-06 03:24:39,449 | INFO    | 💾 Saved at page 215 (899 questions)
2026-05-06 03:24:42,921 | INFO    |   Page 216: 5 questions
2026-05-06 03:24:46,427 | INFO    |   Page 217: 5 questions
2026-05-06 03:24:49,809 | INFO    |   Page 218: 5 questions
2026-05-06 03:24:53,235 | INFO    |   Page 219: 5 questions
2026-05-06 03:24:56,707 | INFO    |   Page 220: 5 questions
2026-05-06 03:24:56,795 | INFO    | 💾 Saved at page 220 (924 questions)
2026-05-06 03:25:00,221 | INFO    |   Page 221: 5 questions
2026-05-06 03:25:04,023 | INFO    |   Page 222: 5 questions
2026-05-06 03:25:07,410 | INFO    |   Page 223: 5 questions
2026-05-06 03:25:10,861 | INFO    |   Page 224: 5 questions
2026-05-06 03:25:14,375 | INFO    |   Page 225: 5 questions
2026-05-06 03:25:14,464 | INFO    | 💾 Saved at page 225 (949 questions)
2026-05-06 03:25:18,066 | INFO    |   Page 226: 5 questions
2026-05-06 03:25:21,677 | INFO    |   Page 227: 5 questions
2026-05-06 03:25:25,054 | INFO    |   Page 228: 5 questions
2026-05-06 03:25:28,642 | INFO    |   Page 229: 5 questions
2026-05-06 03:25:32,135 | INFO    |   Page 230: 5 questions
2026-05-06 03:25:32,233 | INFO    | 💾 Saved at page 230 (972 questions)
2026-05-06 03:25:36,045 | INFO    |   Page 231: 5 questions
2026-05-06 03:25:39,877 | INFO    |   Page 232: 5 questions
2026-05-06 03:25:43,268 | INFO    |   Page 233: 5 questions
2026-05-06 03:25:46,677 | INFO    |   Page 234: 5 questions
2026-05-06 03:25:50,309 | INFO    |   Page 235: 5 questions
2026-05-06 03:25:50,593 | INFO    | 💾 Saved at page 235 (997 questions)
2026-05-06 03:25:54,448 | INFO    |   Page 236: 5 questions
2026-05-06 03:25:58,070 | INFO    |   Page 237: 5 questions
2026-05-06 03:26:01,674 | INFO    |   Page 238: 5 questions
2026-05-06 03:26:05,815 | INFO    |   Page 239: 5 questions
2026-05-06 03:26:09,682 | INFO    |   Page 240: 5 questions
2026-05-06 03:26:09,794 | INFO    | 💾 Saved at page 240 (1022 questions)
2026-05-06 03:26:13,324 | INFO    |   Page 241: 5 questions
2026-05-06 03:26:16,984 | INFO    |   Page 242: 5 questions
2026-05-06 03:26:20,434 | INFO    |   Page 243: 5 questions
2026-05-06 03:26:25,030 | INFO    |   Page 244: 5 questions
2026-05-06 03:26:28,907 | INFO    |   Page 245: 5 questions
2026-05-06 03:26:29,317 | INFO    | 💾 Saved at page 245 (1047 questions)
2026-05-06 03:26:33,576 | INFO    |   Page 246: 5 questions
2026-05-06 03:26:38,535 | INFO    |   Page 247: 5 questions
2026-05-06 03:26:43,811 | INFO    |   Page 248: 5 questions
2026-05-06 03:26:48,456 | INFO    |   Page 249: 5 questions
2026-05-06 03:26:52,543 | INFO    |   Page 250: 5 questions
2026-05-06 03:26:53,208 | INFO    | 💾 Saved at page 250 (1068 questions)
2026-05-06 03:26:57,292 | INFO    |   Page 251: 5 questions
2026-05-06 03:27:00,912 | INFO    |   Page 252: 5 questions
2026-05-06 03:27:04,608 | INFO    |   Page 253: 5 questions
2026-05-06 03:27:08,232 | INFO    |   Page 254: 5 questions
2026-05-06 03:27:11,725 | INFO    |   Page 255: 5 questions
2026-05-06 03:27:11,957 | INFO    | 💾 Saved at page 255 (1074 questions)
2026-05-06 03:27:15,378 | INFO    |   Page 256: 5 questions
2026-05-06 03:27:18,805 | INFO    |   Page 257: 5 questions
2026-05-06 03:27:22,271 | INFO    |   Page 258: 5 questions
2026-05-06 03:27:25,695 | INFO    |   Page 259: 5 questions
2026-05-06 03:27:30,166 | INFO    |   Page 260: 5 questions
2026-05-06 03:27:30,463 | INFO    | 💾 Saved at page 260 (1099 questions)
2026-05-06 03:27:34,160 | INFO    |   Page 261: 5 questions
2026-05-06 03:27:37,656 | INFO    |   Page 262: 5 questions
2026-05-06 03:27:41,257 | INFO    |   Page 263: 5 questions
2026-05-06 03:27:44,832 | INFO    |   Page 264: 5 questions
2026-05-06 03:27:48,323 | INFO    |   Page 265: 5 questions
2026-05-06 03:27:48,469 | INFO    | 💾 Saved at page 265 (1124 questions)
2026-05-06 03:27:51,995 | INFO    |   Page 266: 5 questions
2026-05-06 03:27:55,560 | INFO    |   Page 267: 5 questions
2026-05-06 03:27:58,991 | INFO    |   Page 268: 5 questions
2026-05-06 03:28:02,374 | INFO    |   Page 269: 5 questions
2026-05-06 03:28:05,992 | INFO    |   Page 270: 5 questions
2026-05-06 03:28:06,126 | INFO    | 💾 Saved at page 270 (1144 questions)
2026-05-06 03:28:09,774 | INFO    |   Page 271: 5 questions
2026-05-06 03:28:13,398 | INFO    |   Page 272: 5 questions
2026-05-06 03:28:17,914 | INFO    |   Page 273: 5 questions
2026-05-06 03:28:22,090 | INFO    |   Page 274: 5 questions
2026-05-06 03:28:25,414 | INFO    |   Page 275: 5 questions
2026-05-06 03:28:25,568 | INFO    | 💾 Saved at page 275 (1151 questions)
2026-05-06 03:28:29,309 | INFO    |   Page 276: 5 questions
2026-05-06 03:28:32,809 | INFO    |   Page 277: 5 questions
2026-05-06 03:28:36,238 | INFO    |   Page 278: 5 questions
2026-05-06 03:28:39,747 | INFO    |   Page 279: 5 questions
2026-05-06 03:28:43,287 | INFO    |   Page 280: 5 questions
2026-05-06 03:28:43,507 | INFO    | 💾 Saved at page 280 (1174 questions)
2026-05-06 03:28:47,040 | INFO    |   Page 281: 5 questions
2026-05-06 03:28:51,807 | INFO    |   Page 282: 5 questions
2026-05-06 03:28:55,200 | INFO    |   Page 283: 5 questions
2026-05-06 03:28:58,588 | INFO    |   Page 284: 5 questions
2026-05-06 03:29:01,875 | INFO    |   Page 285: 5 questions
2026-05-06 03:29:01,986 | INFO    | 💾 Saved at page 285 (1198 questions)
2026-05-06 03:29:05,761 | INFO    |   Page 286: 5 questions
2026-05-06 03:29:09,002 | INFO    |   Page 287: 5 questions
2026-05-06 03:29:12,394 | INFO    |   Page 288: 5 questions
2026-05-06 03:29:15,806 | INFO    |   Page 289: 5 questions
2026-05-06 03:29:19,101 | INFO    |   Page 290: 5 questions
2026-05-06 03:29:19,254 | INFO    | 💾 Saved at page 290 (1219 questions)
2026-05-06 03:29:22,683 | INFO    |   Page 291: 5 questions
2026-05-06 03:29:26,067 | INFO    |   Page 292: 5 questions
2026-05-06 03:29:29,402 | INFO    |   Page 293: 5 questions
2026-05-06 03:29:32,692 | INFO    |   Page 294: 5 questions
2026-05-06 03:29:36,055 | INFO    |   Page 295: 5 questions
2026-05-06 03:29:36,173 | INFO    | 💾 Saved at page 295 (1221 questions)
2026-05-06 03:29:40,256 | INFO    |   Page 296: 5 questions
2026-05-06 03:29:43,724 | INFO    |   Page 297: 5 questions
2026-05-06 03:29:47,114 | INFO    |   Page 298: 5 questions
2026-05-06 03:29:50,696 | INFO    |   Page 299: 5 questions
2026-05-06 03:29:54,050 | INFO    |   Page 300: 5 questions
2026-05-06 03:29:54,174 | INFO    | 💾 Saved at page 300 (1245 questions)
2026-05-06 03:29:57,481 | INFO    |   Page 301: 5 questions
2026-05-06 03:30:00,866 | INFO    |   Page 302: 5 questions
2026-05-06 03:30:04,396 | INFO    |   Page 303: 5 questions
2026-05-06 03:30:07,757 | INFO    |   Page 304: 5 questions
2026-05-06 03:30:11,139 | INFO    |   Page 305: 5 questions
2026-05-06 03:30:11,261 | INFO    | 💾 Saved at page 305 (1269 questions)
2026-05-06 03:30:14,611 | INFO    |   Page 306: 5 questions
2026-05-06 03:30:17,989 | INFO    |   Page 307: 5 questions
2026-05-06 03:30:21,421 | INFO    |   Page 308: 5 questions
2026-05-06 03:30:24,793 | INFO    |   Page 309: 5 questions
2026-05-06 03:30:28,165 | INFO    |   Page 310: 5 questions
2026-05-06 03:30:28,289 | INFO    | 💾 Saved at page 310 (1292 questions)
2026-05-06 03:30:31,670 | INFO    |   Page 311: 5 questions
2026-05-06 03:30:34,961 | INFO    |   Page 312: 5 questions
2026-05-06 03:30:38,304 | INFO    |   Page 313: 5 questions
2026-05-06 03:30:41,635 | INFO    |   Page 314: 5 questions
2026-05-06 03:30:44,878 | INFO    |   Page 315: 5 questions
2026-05-06 03:30:45,056 | INFO    | 💾 Saved at page 315 (1293 questions)
2026-05-06 03:30:48,476 | INFO    |   Page 316: 5 questions
2026-05-06 03:30:51,821 | INFO    |   Page 317: 5 questions
2026-05-06 03:30:55,213 | INFO    |   Page 318: 5 questions
2026-05-06 03:30:58,539 | INFO    |   Page 319: 5 questions
2026-05-06 03:31:01,885 | INFO    |   Page 320: 5 questions
2026-05-06 03:31:02,007 | INFO    | 💾 Saved at page 320 (1318 questions)
2026-05-06 03:31:05,345 | INFO    |   Page 321: 5 questions
2026-05-06 03:31:08,793 | INFO    |   Page 322: 5 questions
2026-05-06 03:31:12,118 | INFO    |   Page 323: 5 questions
2026-05-06 03:31:15,471 | INFO    |   Page 324: 5 questions
2026-05-06 03:31:18,728 | INFO    |   Page 325: 5 questions
2026-05-06 03:31:18,856 | INFO    | 💾 Saved at page 325 (1343 questions)
2026-05-06 03:31:22,191 | INFO    |   Page 326: 5 questions
2026-05-06 03:31:25,536 | INFO    |   Page 327: 5 questions
2026-05-06 03:31:28,883 | INFO    |   Page 328: 5 questions
2026-05-06 03:31:32,234 | INFO    |   Page 329: 5 questions
2026-05-06 03:31:35,610 | INFO    |   Page 330: 5 questions
2026-05-06 03:31:35,746 | INFO    | 💾 Saved at page 330 (1367 questions)
2026-05-06 03:31:39,104 | INFO    |   Page 331: 5 questions
2026-05-06 03:31:42,420 | INFO    |   Page 332: 5 questions
2026-05-06 03:31:45,763 | INFO    |   Page 333: 5 questions
2026-05-06 03:31:49,122 | INFO    |   Page 334: 5 questions
2026-05-06 03:31:52,465 | INFO    |   Page 335: 5 questions
2026-05-06 03:31:52,603 | INFO    | 💾 Saved at page 335 (1368 questions)
2026-05-06 03:31:55,959 | INFO    |   Page 336: 5 questions
2026-05-06 03:31:59,319 | INFO    |   Page 337: 5 questions
2026-05-06 03:32:02,796 | INFO    |   Page 338: 5 questions
2026-05-06 03:32:06,160 | INFO    |   Page 339: 5 questions
2026-05-06 03:32:09,762 | INFO    |   Page 340: 5 questions
2026-05-06 03:32:09,954 | INFO    | 💾 Saved at page 340 (1393 questions)
2026-05-06 03:32:13,541 | INFO    |   Page 341: 5 questions
2026-05-06 03:32:16,941 | INFO    |   Page 342: 5 questions
2026-05-06 03:32:20,379 | INFO    |   Page 343: 5 questions
2026-05-06 03:32:23,854 | INFO    |   Page 344: 5 questions
2026-05-06 03:32:27,306 | INFO    |   Page 345: 5 questions
2026-05-06 03:32:27,479 | INFO    | 💾 Saved at page 345 (1418 questions)
2026-05-06 03:32:30,940 | INFO    |   Page 346: 5 questions
2026-05-06 03:32:34,559 | INFO    |   Page 347: 5 questions
2026-05-06 03:32:38,200 | INFO    |   Page 348: 5 questions
2026-05-06 03:32:41,882 | INFO    |   Page 349: 5 questions
2026-05-06 03:32:45,410 | INFO    |   Page 350: 5 questions
2026-05-06 03:32:45,644 | INFO    | 💾 Saved at page 350 (1443 questions)
2026-05-06 03:32:49,187 | INFO    |   Page 351: 5 questions
2026-05-06 03:32:52,610 | INFO    |   Page 352: 5 questions
2026-05-06 03:32:56,199 | INFO    |   Page 353: 5 questions
2026-05-06 03:32:59,706 | INFO    |   Page 354: 5 questions
2026-05-06 03:33:03,061 | INFO    |   Page 355: 5 questions
2026-05-06 03:33:03,397 | INFO    | 💾 Saved at page 355 (1448 questions)
2026-05-06 03:33:07,035 | INFO    |   Page 356: 5 questions
2026-05-06 03:33:10,609 | INFO    |   Page 357: 5 questions
2026-05-06 03:33:14,123 | INFO    |   Page 358: 5 questions
2026-05-06 03:33:17,690 | INFO    |   Page 359: 5 questions
2026-05-06 03:33:21,276 | INFO    |   Page 360: 5 questions
2026-05-06 03:33:21,554 | INFO    | 💾 Saved at page 360 (1473 questions)
2026-05-06 03:33:24,874 | INFO    |   Page 361: 5 questions
2026-05-06 03:33:28,208 | INFO    |   Page 362: 5 questions
2026-05-06 03:33:31,747 | INFO    |   Page 363: 5 questions
2026-05-06 03:33:35,072 | INFO    |   Page 364: 5 questions
2026-05-06 03:33:38,391 | INFO    |   Page 365: 5 questions
2026-05-06 03:33:38,620 | INFO    | 💾 Saved at page 365 (1498 questions)
2026-05-06 03:33:42,151 | INFO    |   Page 366: 5 questions
2026-05-06 03:33:45,696 | INFO    |   Page 367: 5 questions
2026-05-06 03:33:49,264 | INFO    |   Page 368: 5 questions
2026-05-06 03:33:52,805 | INFO    |   Page 369: 5 questions
2026-05-06 03:33:57,323 | INFO    |   Page 370: 5 questions
2026-05-06 03:33:57,547 | INFO    | 💾 Saved at page 370 (1522 questions)
2026-05-06 03:34:01,112 | INFO    |   Page 371: 5 questions
2026-05-06 03:34:04,677 | INFO    |   Page 372: 5 questions
2026-05-06 03:34:08,972 | INFO    |   Page 373: 5 questions
2026-05-06 03:34:13,311 | INFO    |   Page 374: 5 questions
2026-05-06 03:34:17,861 | INFO    |   Page 375: 5 questions
2026-05-06 03:34:18,125 | INFO    | 💾 Saved at page 375 (1527 questions)
2026-05-06 03:34:21,806 | INFO    |   Page 376: 5 questions
2026-05-06 03:34:25,301 | INFO    |   Page 377: 5 questions
2026-05-06 03:34:28,820 | INFO    |   Page 378: 5 questions
2026-05-06 03:34:32,425 | INFO    |   Page 379: 5 questions
2026-05-06 03:34:35,966 | INFO    |   Page 380: 5 questions
2026-05-06 03:34:36,183 | INFO    | 💾 Saved at page 380 (1552 questions)
2026-05-06 03:34:39,880 | INFO    |   Page 381: 5 questions
2026-05-06 03:34:43,538 | INFO    |   Page 382: 5 questions
2026-05-06 03:34:47,458 | INFO    |   Page 383: 5 questions
2026-05-06 03:34:51,147 | INFO    |   Page 384: 5 questions
2026-05-06 03:34:54,569 | INFO    |   Page 385: 5 questions
2026-05-06 03:34:54,800 | INFO    | 💾 Saved at page 385 (1577 questions)
2026-05-06 03:34:58,254 | INFO    |   Page 386: 5 questions
2026-05-06 03:35:01,726 | INFO    |   Page 387: 5 questions
2026-05-06 03:35:05,208 | INFO    |   Page 388: 5 questions
2026-05-06 03:35:08,735 | INFO    |   Page 389: 5 questions
2026-05-06 03:35:12,325 | INFO    |   Page 390: 5 questions
2026-05-06 03:35:12,569 | INFO    | 💾 Saved at page 390 (1596 questions)
2026-05-06 03:35:16,159 | INFO    |   Page 391: 5 questions
2026-05-06 03:35:19,656 | INFO    |   Page 392: 5 questions
2026-05-06 03:35:23,159 | INFO    |   Page 393: 5 questions
2026-05-06 03:35:26,686 | INFO    |   Page 394: 5 questions
2026-05-06 03:35:30,530 | INFO    |   Page 395: 5 questions
2026-05-06 03:35:30,844 | INFO    | 💾 Saved at page 395 (1601 questions)
2026-05-06 03:35:34,359 | INFO    |   Page 396: 5 questions
2026-05-06 03:35:37,949 | INFO    |   Page 397: 5 questions
2026-05-06 03:35:41,418 | INFO    |   Page 398: 4 questions
2026-05-06 03:35:44,968 | INFO    |   Page 399: 2 questions
2026-05-06 03:35:48,687 | INFO    |   Page 400: 3 questions
2026-05-06 03:35:48,904 | INFO    | 💾 Saved at page 400 (1620 questions)
2026-05-06 03:35:52,410 | INFO    |   Page 401: 2 questions
2026-05-06 03:35:55,892 | INFO    |   Page 402: 3 questions
2026-05-06 03:35:59,369 | INFO    |   Page 403: 2 questions
2026-05-06 03:36:02,872 | INFO    |   Page 404: 3 questions
2026-05-06 03:36:06,369 | INFO    |   Page 405: 2 questions
2026-05-06 03:36:06,585 | INFO    | 💾 Saved at page 405 (1632 questions)
2026-05-06 03:36:10,098 | INFO    |   Page 406: 5 questions
2026-05-06 03:36:13,687 | INFO    |   Page 407: 5 questions
2026-05-06 03:36:17,219 | INFO    |   Page 408: 5 questions
2026-05-06 03:36:20,670 | INFO    |   Page 409: 5 questions
2026-05-06 03:36:24,201 | INFO    |   Page 410: 5 questions
2026-05-06 03:36:24,412 | INFO    | 💾 Saved at page 410 (1650 questions)
2026-05-06 03:36:28,016 | INFO    |   Page 411: 5 questions
2026-05-06 03:36:31,325 | INFO    |   Page 412: 5 questions
2026-05-06 03:36:34,630 | INFO    |   Page 413: 5 questions
2026-05-06 03:36:38,164 | INFO    |   Page 414: 5 questions
2026-05-06 03:36:41,713 | INFO    |   Page 415: 5 questions
2026-05-06 03:36:41,927 | INFO    | 💾 Saved at page 415 (1657 questions)
2026-05-06 03:36:45,479 | INFO    |   Page 416: 5 questions
2026-05-06 03:36:48,997 | INFO    |   Page 417: 5 questions
2026-05-06 03:36:52,464 | INFO    |   Page 418: 5 questions
2026-05-06 03:36:55,981 | INFO    |   Page 419: 5 questions
2026-05-06 03:36:59,535 | INFO    |   Page 420: 5 questions
2026-05-06 03:37:00,054 | INFO    | 💾 Saved at page 420 (1682 questions)
2026-05-06 03:37:03,988 | INFO    |   Page 421: 5 questions
2026-05-06 03:37:07,743 | INFO    |   Page 422: 5 questions
2026-05-06 03:37:11,235 | INFO    |   Page 423: 5 questions
2026-05-06 03:37:14,885 | INFO    |   Page 424: 5 questions
2026-05-06 03:37:18,714 | INFO    |   Page 425: 5 questions
2026-05-06 03:37:19,018 | INFO    | 💾 Saved at page 425 (1707 questions)
2026-05-06 03:37:22,615 | INFO    |   Page 426: 5 questions
2026-05-06 03:37:26,316 | INFO    |   Page 427: 5 questions
2026-05-06 03:37:29,923 | INFO    |   Page 428: 5 questions
2026-05-06 03:37:33,675 | INFO    |   Page 429: 5 questions
2026-05-06 03:37:37,285 | INFO    |   Page 430: 5 questions
2026-05-06 03:37:37,516 | INFO    | 💾 Saved at page 430 (1723 questions)
2026-05-06 03:37:40,871 | INFO    |   Page 431: 5 questions
2026-05-06 03:37:44,435 | INFO    |   Page 432: 5 questions
2026-05-06 03:37:47,995 | INFO    |   Page 433: 5 questions
2026-05-06 03:37:51,547 | INFO    |   Page 434: 5 questions
2026-05-06 03:37:55,357 | INFO    |   Page 435: 5 questions
2026-05-06 03:37:55,830 | INFO    | 💾 Saved at page 435 (1731 questions)
2026-05-06 03:38:01,419 | INFO    |   Page 436: 5 questions
2026-05-06 03:38:04,858 | INFO    |   Page 437: 5 questions
2026-05-06 03:38:08,458 | INFO    |   Page 438: 5 questions
2026-05-06 03:38:11,766 | INFO    |   Page 439: 5 questions
2026-05-06 03:38:15,463 | INFO    |   Page 440: 5 questions
2026-05-06 03:38:16,096 | INFO    | 💾 Saved at page 440 (1755 questions)
2026-05-06 03:38:19,693 | INFO    |   Page 441: 5 questions
2026-05-06 03:38:23,900 | INFO    |   Page 442: 5 questions
2026-05-06 03:38:27,252 | INFO    |   Page 443: 5 questions
2026-05-06 03:38:34,939 | INFO    |   Page 444: 5 questions
2026-05-06 03:38:39,107 | INFO    |   Page 445: 5 questions
2026-05-06 03:38:39,493 | INFO    | 💾 Saved at page 445 (1780 questions)
2026-05-06 03:38:43,281 | INFO    |   Page 446: 5 questions
2026-05-06 03:38:46,792 | INFO    |   Page 447: 5 questions
2026-05-06 03:38:50,240 | INFO    |   Page 448: 5 questions
2026-05-06 03:38:53,876 | INFO    |   Page 449: 5 questions
2026-05-06 03:38:57,886 | INFO    |   Page 450: 5 questions
2026-05-06 03:38:58,431 | INFO    | 💾 Saved at page 450 (1803 questions)
2026-05-06 03:39:01,847 | INFO    |   Page 451: 5 questions
2026-05-06 03:39:05,429 | INFO    |   Page 452: 5 questions
2026-05-06 03:39:09,107 | INFO    |   Page 453: 5 questions
2026-05-06 03:39:12,663 | INFO    |   Page 454: 5 questions
2026-05-06 03:39:16,289 | INFO    |   Page 455: 5 questions
2026-05-06 03:39:16,573 | INFO    | 💾 Saved at page 455 (1827 questions)
2026-05-06 03:39:21,033 | INFO    |   Page 456: 5 questions
2026-05-06 03:39:25,302 | INFO    |   Page 457: 5 questions
2026-05-06 03:39:29,664 | INFO    |   Page 458: 5 questions
2026-05-06 03:39:34,170 | INFO    |   Page 459: 5 questions
2026-05-06 03:39:39,177 | INFO    |   Page 460: 5 questions
2026-05-06 03:39:40,122 | INFO    | 💾 Saved at page 460 (1852 questions)
2026-05-06 03:39:44,837 | INFO    |   Page 461: 5 questions
2026-05-06 03:39:49,952 | INFO    |   Page 462: 5 questions
2026-05-06 03:39:54,106 | INFO    |   Page 463: 5 questions
2026-05-06 03:39:58,434 | INFO    |   Page 464: 5 questions
2026-05-06 03:40:03,234 | INFO    |   Page 465: 5 questions
2026-05-06 03:40:04,449 | INFO    | 💾 Saved at page 465 (1873 questions)
2026-05-06 03:40:08,868 | INFO    |   Page 466: 5 questions
2026-05-06 03:40:15,179 | INFO    |   Page 467: 5 questions
2026-05-06 03:40:19,763 | INFO    |   Page 468: 5 questions
2026-05-06 03:40:23,994 | INFO    |   Page 469: 5 questions
2026-05-06 03:40:28,428 | INFO    |   Page 470: 5 questions
2026-05-06 03:40:29,240 | INFO    | 💾 Saved at page 470 (1879 questions)
2026-05-06 03:40:33,566 | INFO    |   Page 471: 5 questions
2026-05-06 03:40:37,758 | INFO    |   Page 472: 5 questions
2026-05-06 03:40:42,044 | INFO    |   Page 473: 5 questions
2026-05-06 03:40:46,386 | INFO    |   Page 474: 5 questions
2026-05-06 03:40:50,641 | INFO    |   Page 475: 5 questions
2026-05-06 03:40:51,454 | INFO    | 💾 Saved at page 475 (1903 questions)
2026-05-06 03:40:55,620 | INFO    |   Page 476: 5 questions
2026-05-06 03:40:59,874 | INFO    |   Page 477: 5 questions
2026-05-06 03:41:04,119 | INFO    |   Page 478: 5 questions
2026-05-06 03:41:08,161 | INFO    |   Page 479: 5 questions
2026-05-06 03:41:12,326 | INFO    |   Page 480: 5 questions
2026-05-06 03:41:13,311 | INFO    | 💾 Saved at page 480 (1928 questions)
2026-05-06 03:41:17,982 | INFO    |   Page 481: 5 questions
2026-05-06 03:41:22,438 | INFO    |   Page 482: 5 questions
2026-05-06 03:41:26,829 | INFO    |   Page 483: 5 questions
2026-05-06 03:41:31,640 | INFO    |   Page 484: 5 questions
2026-05-06 03:41:36,190 | INFO    |   Page 485: 5 questions
2026-05-06 03:41:37,627 | INFO    | 💾 Saved at page 485 (1946 questions)
2026-05-06 03:41:42,760 | INFO    |   Page 486: 5 questions
2026-05-06 03:41:47,470 | INFO    |   Page 487: 5 questions
2026-05-06 03:41:52,136 | INFO    |   Page 488: 5 questions
2026-05-06 03:41:56,521 | INFO    |   Page 489: 5 questions
2026-05-06 03:42:01,066 | INFO    |   Page 490: 5 questions
2026-05-06 03:42:02,290 | INFO    | 💾 Saved at page 490 (1950 questions)
2026-05-06 03:42:07,748 | INFO    |   Page 491: 5 questions
2026-05-06 03:42:12,205 | INFO    |   Page 492: 5 questions
2026-05-06 03:42:16,553 | INFO    |   Page 493: 5 questions
2026-05-06 03:42:21,116 | INFO    |   Page 494: 5 questions
2026-05-06 03:42:25,702 | INFO    |   Page 495: 5 questions
2026-05-06 03:42:26,678 | INFO    | 💾 Saved at page 495 (1975 questions)
2026-05-06 03:42:31,209 | INFO    |   Page 496: 5 questions
2026-05-06 03:42:35,607 | INFO    |   Page 497: 5 questions
2026-05-06 03:42:39,817 | INFO    |   Page 498: 5 questions
2026-05-06 03:42:44,256 | INFO    |   Page 499: 5 questions
2026-05-06 03:42:48,580 | INFO    |   Page 500: 5 questions
2026-05-06 03:42:49,538 | INFO    | 💾 Saved at page 500 (2000 questions)
2026-05-06 03:42:53,686 | INFO    |   Page 501: 5 questions
2026-05-06 03:42:57,799 | INFO    |   Page 502: 5 questions
2026-05-06 03:43:02,218 | INFO    |   Page 503: 5 questions
2026-05-06 03:43:07,268 | INFO    |   Page 504: 5 questions
2026-05-06 03:43:11,964 | INFO    |   Page 505: 5 questions
2026-05-06 03:43:12,947 | INFO    | 💾 Saved at page 505 (2024 questions)
2026-05-06 03:43:17,114 | INFO    |   Page 506: 5 questions
2026-05-06 03:43:21,783 | INFO    |   Page 507: 5 questions
2026-05-06 03:43:26,254 | INFO    |   Page 508: 5 questions
2026-05-06 03:43:30,690 | INFO    |   Page 509: 5 questions
2026-05-06 03:43:35,014 | INFO    |   Page 510: 5 questions
2026-05-06 03:43:35,968 | INFO    | 💾 Saved at page 510 (2049 questions)
2026-05-06 03:43:41,426 | INFO    |   Page 511: 5 questions
2026-05-06 03:43:46,292 | INFO    |   Page 512: 5 questions
2026-05-06 03:43:50,835 | INFO    |   Page 513: 5 questions
2026-05-06 03:43:55,156 | INFO    |   Page 514: 5 questions
2026-05-06 03:43:59,791 | INFO    |   Page 515: 5 questions
2026-05-06 03:44:01,068 | INFO    | 💾 Saved at page 515 (2074 questions)
2026-05-06 03:44:05,559 | INFO    |   Page 516: 5 questions
2026-05-06 03:44:11,771 | INFO    |   Page 517: 5 questions
2026-05-06 03:44:16,394 | INFO    |   Page 518: 5 questions
2026-05-06 03:44:20,807 | INFO    |   Page 519: 5 questions
2026-05-06 03:44:25,003 | INFO    |   Page 520: 5 questions
2026-05-06 03:44:26,014 | INFO    | 💾 Saved at page 520 (2096 questions)
2026-05-06 03:44:30,936 | INFO    |   Page 521: 5 questions
2026-05-06 03:44:35,289 | INFO    |   Page 522: 5 questions
2026-05-06 03:44:39,491 | INFO    |   Page 523: 5 questions
2026-05-06 03:44:44,309 | INFO    |   Page 524: 5 questions
2026-05-06 03:44:49,602 | INFO    |   Page 525: 5 questions
2026-05-06 03:44:51,313 | INFO    | 💾 Saved at page 525 (2121 questions)
2026-05-06 03:45:02,325 | INFO    |   Page 526: 5 questions
2026-05-06 03:45:09,652 | INFO    |   Page 527: 5 questions
2026-05-06 03:45:14,563 | INFO    |   Page 528: 5 questions
2026-05-06 03:45:19,388 | INFO    |   Page 529: 5 questions
2026-05-06 03:45:24,507 | INFO    |   Page 530: 5 questions
2026-05-06 03:45:25,603 | INFO    | 💾 Saved at page 530 (2146 questions)
2026-05-06 03:45:30,470 | INFO    |   Page 531: 5 questions
2026-05-06 03:45:34,920 | INFO    |   Page 532: 5 questions
2026-05-06 03:45:39,337 | INFO    |   Page 533: 5 questions
2026-05-06 03:45:43,680 | INFO    |   Page 534: 5 questions
2026-05-06 03:45:48,456 | INFO    |   Page 535: 5 questions
2026-05-06 03:45:49,801 | INFO    | 💾 Saved at page 535 (2171 questions)
2026-05-06 03:45:54,632 | INFO    |   Page 536: 5 questions
2026-05-06 03:45:59,326 | INFO    |   Page 537: 5 questions
2026-05-06 03:46:03,874 | INFO    |   Page 538: 5 questions
2026-05-06 03:46:08,209 | INFO    |   Page 539: 5 questions
2026-05-06 03:46:12,945 | INFO    |   Page 540: 5 questions
2026-05-06 03:46:14,261 | INFO    | 💾 Saved at page 540 (2196 questions)
2026-05-06 03:46:19,156 | INFO    |   Page 541: 5 questions
2026-05-06 03:46:23,774 | INFO    |   Page 542: 5 questions
2026-05-06 03:46:28,434 | INFO    |   Page 543: 5 questions
2026-05-06 03:46:32,974 | INFO    |   Page 544: 5 questions
2026-05-06 03:46:38,393 | INFO    |   Page 545: 5 questions
2026-05-06 03:46:40,306 | INFO    | 💾 Saved at page 545 (2221 questions)
2026-05-06 03:46:44,999 | INFO    |   Page 546: 5 questions
2026-05-06 03:46:49,558 | INFO    |   Page 547: 5 questions
2026-05-06 03:46:53,948 | INFO    |   Page 548: 5 questions
2026-05-06 03:46:58,338 | INFO    |   Page 549: 5 questions
2026-05-06 03:47:03,067 | INFO    |   Page 550: 5 questions
2026-05-06 03:47:04,054 | INFO    | 💾 Saved at page 550 (2246 questions)
2026-05-06 03:47:08,455 | INFO    |   Page 551: 5 questions
2026-05-06 03:47:13,119 | INFO    |   Page 552: 5 questions
2026-05-06 03:47:17,389 | INFO    |   Page 553: 5 questions
2026-05-06 03:47:21,751 | INFO    |   Page 554: 5 questions
2026-05-06 03:47:26,178 | INFO    |   Page 555: 5 questions
2026-05-06 03:47:27,178 | INFO    | 💾 Saved at page 555 (2271 questions)
2026-05-06 03:47:32,205 | INFO    |   Page 556: 5 questions
2026-05-06 03:47:37,624 | INFO    |   Page 557: 5 questions
2026-05-06 03:47:41,982 | INFO    |   Page 558: 5 questions
2026-05-06 03:47:46,253 | INFO    |   Page 559: 5 questions
2026-05-06 03:47:50,628 | INFO    |   Page 560: 5 questions
2026-05-06 03:47:51,600 | INFO    | 💾 Saved at page 560 (2296 questions)
2026-05-06 03:47:55,851 | INFO    |   Page 561: 5 questions
2026-05-06 03:48:00,072 | INFO    |   Page 562: 5 questions
2026-05-06 03:48:04,339 | INFO    |   Page 563: 5 questions
2026-05-06 03:48:08,722 | INFO    |   Page 564: 5 questions
2026-05-06 03:48:12,990 | INFO    |   Page 565: 5 questions
2026-05-06 03:48:14,028 | INFO    | 💾 Saved at page 565 (2320 questions)
2026-05-06 03:48:18,404 | INFO    |   Page 566: 5 questions
2026-05-06 03:48:22,657 | INFO    |   Page 567: 5 questions
2026-05-06 03:48:27,662 | INFO    |   Page 568: 5 questions
2026-05-06 03:48:31,861 | INFO    |   Page 569: 5 questions
2026-05-06 03:48:36,385 | INFO    |   Page 570: 5 questions
2026-05-06 03:48:37,399 | INFO    | 💾 Saved at page 570 (2345 questions)
2026-05-06 03:48:41,710 | INFO    |   Page 571: 5 questions
2026-05-06 03:48:46,232 | INFO    |   Page 572: 5 questions
2026-05-06 03:48:50,664 | INFO    |   Page 573: 5 questions
2026-05-06 03:48:55,052 | INFO    |   Page 574: 5 questions
2026-05-06 03:48:59,567 | INFO    |   Page 575: 5 questions
2026-05-06 03:49:00,649 | INFO    | 💾 Saved at page 575 (2370 questions)
2026-05-06 03:49:04,853 | INFO    |   Page 576: 5 questions
2026-05-06 03:49:09,281 | INFO    |   Page 577: 5 questions
2026-05-06 03:49:13,641 | INFO    |   Page 578: 5 questions
2026-05-06 03:49:17,796 | INFO    |   Page 579: 4 questions
2026-05-06 03:49:22,163 | INFO    |   Page 580: 5 questions
2026-05-06 03:49:23,264 | INFO    | 💾 Saved at page 580 (2394 questions)
2026-05-06 03:49:27,736 | INFO    |   Page 581: 5 questions
2026-05-06 03:49:32,019 | INFO    |   Page 582: 5 questions
2026-05-06 03:49:36,206 | INFO    |   Page 583: 5 questions
2026-05-06 03:49:40,688 | INFO    |   Page 584: 5 questions
2026-05-06 03:49:44,921 | INFO    |   Page 585: 5 questions
2026-05-06 03:49:45,979 | INFO    | 💾 Saved at page 585 (2419 questions)
2026-05-06 03:49:50,318 | INFO    |   Page 586: 5 questions
2026-05-06 03:49:54,530 | INFO    |   Page 587: 5 questions
2026-05-06 03:49:58,952 | INFO    |   Page 588: 5 questions
2026-05-06 03:50:03,388 | INFO    |   Page 589: 5 questions
2026-05-06 03:50:08,325 | INFO    |   Page 590: 5 questions
2026-05-06 03:50:10,696 | INFO    | 💾 Saved at page 590 (2440 questions)
2026-05-06 03:50:16,937 | INFO    |   Page 591: 5 questions
2026-05-06 03:50:21,781 | INFO    |   Page 592: 4 questions
2026-05-06 03:50:26,970 | INFO    |   Page 593: 5 questions
2026-05-06 03:50:31,175 | INFO    |   Page 594: 5 questions
2026-05-06 03:50:35,364 | INFO    |   Page 595: 5 questions
2026-05-06 03:50:36,483 | INFO    | 💾 Saved at page 595 (2464 questions)
2026-05-06 03:50:41,143 | INFO    |   Page 596: 5 questions
2026-05-06 03:50:45,269 | INFO    |   Page 597: 5 questions
2026-05-06 03:50:49,951 | INFO    |   Page 598: 5 questions
2026-05-06 03:50:54,314 | INFO    |   Page 599: 5 questions
2026-05-06 03:50:58,664 | INFO    |   Page 600: 5 questions
2026-05-06 03:50:59,751 | INFO    | 💾 Saved at page 600 (2489 questions)
2026-05-06 03:51:04,188 | INFO    |   Page 601: 5 questions
2026-05-06 03:51:08,365 | INFO    |   Page 602: 5 questions
2026-05-06 03:51:12,835 | INFO    |   Page 603: 5 questions
2026-05-06 03:51:17,009 | INFO    |   Page 604: 5 questions
2026-05-06 03:51:21,170 | INFO    |   Page 605: 5 questions
2026-05-06 03:51:22,340 | INFO    | 💾 Saved at page 605 (2514 questions)
2026-05-06 03:51:26,728 | INFO    |   Page 606: 5 questions
2026-05-06 03:51:30,878 | INFO    |   Page 607: 5 questions
2026-05-06 03:51:35,353 | INFO    |   Page 608: 5 questions
2026-05-06 03:51:40,084 | INFO    |   Page 609: 4 questions
2026-05-06 03:51:44,594 | INFO    |   Page 610: 5 questions
2026-05-06 03:51:45,641 | INFO    | 💾 Saved at page 610 (2537 questions)
2026-05-06 03:51:50,354 | INFO    |   Page 611: 5 questions
2026-05-06 03:51:54,999 | INFO    |   Page 612: 5 questions
2026-05-06 03:51:59,450 | INFO    |   Page 613: 5 questions
2026-05-06 03:52:03,802 | INFO    |   Page 614: 5 questions
2026-05-06 03:52:08,874 | INFO    |   Page 615: 4 questions
2026-05-06 03:52:10,148 | INFO    | 💾 Saved at page 615 (2561 questions)
2026-05-06 03:52:14,779 | INFO    |   Page 616: 4 questions
2026-05-06 03:52:19,107 | INFO    |   Page 617: 4 questions
2026-05-06 03:52:23,625 | INFO    |   Page 618: 4 questions
2026-05-06 03:52:28,820 | INFO    |   Page 619: 5 questions
2026-05-06 03:52:33,070 | INFO    |   Page 620: 5 questions
2026-05-06 03:52:34,288 | INFO    | 💾 Saved at page 620 (2581 questions)
2026-05-06 03:52:39,793 | INFO    |   Page 621: 5 questions
2026-05-06 03:52:46,986 | INFO    |   Page 622: 5 questions
2026-05-06 03:52:51,318 | INFO    |   Page 623: 5 questions
2026-05-06 03:52:55,930 | INFO    |   Page 624: 5 questions
2026-05-06 03:53:00,273 | INFO    |   Page 625: 5 questions
2026-05-06 03:53:01,505 | INFO    | 💾 Saved at page 625 (2606 questions)
2026-05-06 03:53:06,542 | INFO    |   Page 626: 5 questions
2026-05-06 03:53:10,746 | INFO    |   Page 627: 5 questions
2026-05-06 03:53:15,127 | INFO    |   Page 628: 5 questions
2026-05-06 03:53:19,800 | INFO    |   Page 629: 5 questions
2026-05-06 03:53:24,234 | INFO    |   Page 630: 5 questions
2026-05-06 03:53:25,440 | INFO    | 💾 Saved at page 630 (2631 questions)
2026-05-06 03:53:30,144 | INFO    |   Page 631: 5 questions
2026-05-06 03:53:34,750 | INFO    |   Page 632: 5 questions
2026-05-06 03:53:39,465 | INFO    |   Page 633: 5 questions
2026-05-06 03:53:44,217 | INFO    |   Page 634: 5 questions
2026-05-06 03:53:48,707 | INFO    |   Page 635: 5 questions
2026-05-06 03:53:50,293 | INFO    | 💾 Saved at page 635 (2656 questions)
2026-05-06 03:53:54,784 | INFO    |   Page 636: 5 questions
2026-05-06 03:53:59,552 | INFO    |   Page 637: 5 questions
2026-05-06 03:54:04,094 | INFO    |   Page 638: 5 questions
2026-05-06 03:54:09,027 | INFO    |   Page 639: 5 questions
2026-05-06 03:54:13,479 | INFO    |   Page 640: 5 questions
2026-05-06 03:54:14,776 | INFO    | 💾 Saved at page 640 (2681 questions)
2026-05-06 03:54:19,513 | INFO    |   Page 641: 5 questions
2026-05-06 03:54:23,903 | INFO    |   Page 642: 5 questions
2026-05-06 03:54:28,494 | INFO    |   Page 643: 5 questions
2026-05-06 03:54:32,800 | INFO    |   Page 644: 5 questions
2026-05-06 03:54:37,104 | INFO    |   Page 645: 5 questions
2026-05-06 03:54:38,381 | INFO    | 💾 Saved at page 645 (2701 questions)
2026-05-06 03:54:42,856 | INFO    |   Page 646: 5 questions
2026-05-06 03:54:47,184 | INFO    |   Page 647: 5 questions
2026-05-06 03:54:51,495 | INFO    |   Page 648: 5 questions
2026-05-06 03:54:55,838 | INFO    |   Page 649: 5 questions
2026-05-06 03:55:00,252 | INFO    |   Page 650: 5 questions
2026-05-06 03:55:01,527 | INFO    | 💾 Saved at page 650 (2725 questions)
2026-05-06 03:55:06,058 | INFO    |   Page 651: 5 questions
2026-05-06 03:55:10,776 | INFO    |   Page 652: 5 questions
2026-05-06 03:55:15,439 | INFO    |   Page 653: 5 questions
2026-05-06 03:55:20,549 | INFO    |   Page 654: 5 questions
2026-05-06 03:55:25,224 | INFO    |   Page 655: 5 questions
2026-05-06 03:55:26,628 | INFO    | 💾 Saved at page 655 (2750 questions)
2026-05-06 03:55:32,761 | INFO    |   Page 656: 5 questions
2026-05-06 03:55:37,555 | INFO    |   Page 657: 5 questions
2026-05-06 03:55:41,955 | INFO    |   Page 658: 5 questions
2026-05-06 03:55:46,402 | INFO    |   Page 659: 5 questions
2026-05-06 03:55:51,348 | INFO    |   Page 660: 5 questions
2026-05-06 03:55:52,993 | INFO    | 💾 Saved at page 660 (2775 questions)
2026-05-06 03:55:57,469 | INFO    |   Page 661: 5 questions
2026-05-06 03:56:01,877 | INFO    |   Page 662: 5 questions
2026-05-06 03:56:06,246 | INFO    |   Page 663: 5 questions
2026-05-06 03:56:10,572 | INFO    |   Page 664: 5 questions
2026-05-06 03:56:15,237 | INFO    |   Page 665: 5 questions
2026-05-06 03:56:16,554 | INFO    | 💾 Saved at page 665 (2790 questions)
2026-05-06 03:56:20,998 | INFO    |   Page 666: 5 questions
2026-05-06 03:56:25,626 | INFO    |   Page 667: 5 questions
2026-05-06 03:56:30,096 | INFO    |   Page 668: 5 questions
2026-05-06 03:56:34,802 | INFO    |   Page 669: 5 questions
2026-05-06 03:56:39,190 | INFO    |   Page 670: 5 questions
2026-05-06 03:56:41,109 | INFO    | 💾 Saved at page 670 (2815 questions)
2026-05-06 03:56:45,499 | INFO    |   Page 671: 5 questions
2026-05-06 03:56:50,120 | INFO    |   Page 672: 5 questions
2026-05-06 03:56:54,621 | INFO    |   Page 673: 5 questions
2026-05-06 03:56:59,022 | INFO    |   Page 674: 5 questions
2026-05-06 03:57:03,550 | INFO    |   Page 675: 5 questions
2026-05-06 03:57:04,904 | INFO    | 💾 Saved at page 675 (2835 questions)
2026-05-06 03:57:09,521 | INFO    |   Page 676: 5 questions
2026-05-06 03:57:13,803 | INFO    |   Page 677: 5 questions
2026-05-06 03:57:18,265 | INFO    |   Page 678: 5 questions
2026-05-06 03:57:22,729 | INFO    |   Page 679: 5 questions
2026-05-06 03:57:27,156 | INFO    |   Page 680: 5 questions
2026-05-06 03:57:28,482 | INFO    | 💾 Saved at page 680 (2860 questions)
2026-05-06 03:57:35,258 | INFO    |   Page 681: 5 questions
2026-05-06 03:57:39,663 | INFO    |   Page 682: 5 questions
2026-05-06 03:57:44,083 | INFO    |   Page 683: 5 questions
2026-05-06 03:57:48,305 | INFO    |   Page 684: 5 questions
2026-05-06 03:57:52,462 | INFO    |   Page 685: 5 questions
2026-05-06 03:57:53,785 | INFO    | 💾 Saved at page 685 (2885 questions)
2026-05-06 03:57:58,814 | INFO    |   Page 686: 5 questions
2026-05-06 03:58:03,163 | INFO    |   Page 687: 5 questions
2026-05-06 03:58:07,494 | INFO    |   Page 688: 5 questions
2026-05-06 03:58:11,866 | INFO    |   Page 689: 5 questions
2026-05-06 03:58:16,425 | INFO    |   Page 690: 5 questions
2026-05-06 03:58:17,706 | INFO    | 💾 Saved at page 690 (2910 questions)
2026-05-06 03:58:22,567 | INFO    |   Page 691: 5 questions
2026-05-06 03:58:26,800 | INFO    |   Page 692: 5 questions
2026-05-06 03:58:31,113 | INFO    |   Page 693: 5 questions
2026-05-06 03:58:35,684 | INFO    |   Page 694: 5 questions
2026-05-06 03:58:40,110 | INFO    |   Page 695: 5 questions
2026-05-06 03:58:41,522 | INFO    | 💾 Saved at page 695 (2935 questions)
2026-05-06 03:58:46,034 | INFO    |   Page 696: 5 questions
2026-05-06 03:58:50,454 | INFO    |   Page 697: 5 questions
2026-05-06 03:58:54,865 | INFO    |   Page 698: 5 questions
2026-05-06 03:58:58,996 | INFO    |   Page 699: 5 questions
2026-05-06 03:59:03,336 | INFO    |   Page 700: 5 questions
2026-05-06 03:59:04,590 | INFO    | 💾 Saved at page 700 (2956 questions)
2026-05-06 03:59:08,758 | INFO    |   Page 701: 5 questions
2026-05-06 03:59:13,179 | INFO    |   Page 702: 5 questions
2026-05-06 03:59:17,575 | INFO    |   Page 703: 5 questions
2026-05-06 03:59:21,891 | INFO    |   Page 704: 5 questions
2026-05-06 03:59:26,346 | INFO    |   Page 705: 5 questions
2026-05-06 03:59:27,793 | INFO    | 💾 Saved at page 705 (2979 questions)
2026-05-06 03:59:32,165 | INFO    |   Page 706: 5 questions
2026-05-06 03:59:36,389 | INFO    |   Page 707: 5 questions
2026-05-06 03:59:40,677 | INFO    |   Page 708: 5 questions
2026-05-06 03:59:45,948 | INFO    |   Page 709: 5 questions
2026-05-06 03:59:50,771 | INFO    |   Page 710: 5 questions
2026-05-06 03:59:52,094 | INFO    | 💾 Saved at page 710 (3004 questions)
2026-05-06 03:59:56,353 | INFO    |   Page 711: 5 questions
2026-05-06 04:00:00,746 | INFO    |   Page 712: 5 questions
2026-05-06 04:00:04,994 | INFO    |   Page 713: 5 questions
2026-05-06 04:00:09,329 | INFO    |   Page 714: 5 questions
2026-05-06 04:00:13,709 | INFO    |   Page 715: 5 questions
2026-05-06 04:00:15,015 | INFO    | 💾 Saved at page 715 (3029 questions)
2026-05-06 04:00:19,395 | INFO    |   Page 716: 5 questions
2026-05-06 04:00:23,774 | INFO    |   Page 717: 5 questions
2026-05-06 04:00:28,299 | INFO    |   Page 718: 5 questions
2026-05-06 04:00:32,864 | INFO    |   Page 719: 5 questions
2026-05-06 04:00:37,266 | INFO    |   Page 720: 5 questions
2026-05-06 04:00:38,645 | INFO    | 💾 Saved at page 720 (3054 questions)
2026-05-06 04:00:43,779 | INFO    |   Page 721: 5 questions
2026-05-06 04:00:48,065 | INFO    |   Page 722: 4 questions
2026-05-06 04:00:52,573 | INFO    |   Page 723: 5 questions
2026-05-06 04:00:57,099 | INFO    |   Page 724: 5 questions
2026-05-06 04:01:01,538 | INFO    |   Page 725: 5 questions
2026-05-06 04:01:02,901 | INFO    | 💾 Saved at page 725 (3076 questions)
2026-05-06 04:01:07,554 | INFO    |   Page 726: 5 questions
2026-05-06 04:01:11,905 | INFO    |   Page 727: 5 questions
2026-05-06 04:01:16,580 | INFO    |   Page 728: 5 questions
2026-05-06 04:01:21,858 | INFO    |   Page 729: 5 questions
2026-05-06 04:01:26,811 | INFO    |   Page 730: 4 questions
2026-05-06 04:01:28,214 | INFO    | 💾 Saved at page 730 (3095 questions)
2026-05-06 04:01:33,429 | INFO    |   Page 731: 5 questions
2026-05-06 04:01:37,827 | INFO    |   Page 732: 5 questions
2026-05-06 04:01:42,210 | INFO    |   Page 733: 5 questions
2026-05-06 04:01:46,729 | INFO    |   Page 734: 5 questions
2026-05-06 04:01:50,907 | INFO    |   Page 735: 5 questions
2026-05-06 04:01:52,984 | INFO    | 💾 Saved at page 735 (3120 questions)
2026-05-06 04:01:58,003 | INFO    |   Page 736: 5 questions
2026-05-06 04:02:02,400 | INFO    |   Page 737: 5 questions
2026-05-06 04:02:06,698 | INFO    |   Page 738: 5 questions
2026-05-06 04:02:10,986 | INFO    |   Page 739: 5 questions
2026-05-06 04:02:15,141 | INFO    |   Page 740: 5 questions
2026-05-06 04:02:16,617 | INFO    | 💾 Saved at page 740 (3145 questions)
2026-05-06 04:02:21,146 | INFO    |   Page 741: 5 questions
2026-05-06 04:02:25,540 | INFO    |   Page 742: 5 questions
2026-05-06 04:02:29,966 | INFO    |   Page 743: 5 questions
2026-05-06 04:02:34,111 | INFO    |   Page 744: 5 questions
2026-05-06 04:02:38,676 | INFO    |   Page 745: 5 questions
2026-05-06 04:02:40,005 | INFO    | 💾 Saved at page 745 (3170 questions)
2026-05-06 04:02:44,317 | INFO    |   Page 746: 5 questions
2026-05-06 04:02:48,696 | INFO    |   Page 747: 5 questions
2026-05-06 04:02:54,250 | INFO    |   Page 748: 5 questions
2026-05-06 04:02:58,904 | INFO    |   Page 749: 5 questions
2026-05-06 04:03:03,362 | INFO    |   Page 750: 5 questions
2026-05-06 04:03:04,966 | INFO    | 💾 Saved at page 750 (3195 questions)
2026-05-06 04:03:10,162 | INFO    |   Page 751: 5 questions
2026-05-06 04:03:14,630 | INFO    |   Page 752: 5 questions
2026-05-06 04:03:19,098 | INFO    |   Page 753: 5 questions
2026-05-06 04:03:23,459 | INFO    |   Page 754: 5 questions
2026-05-06 04:03:27,960 | INFO    |   Page 755: 5 questions
2026-05-06 04:03:29,398 | INFO    | 💾 Saved at page 755 (3216 questions)
2026-05-06 04:03:33,839 | INFO    |   Page 756: 5 questions
2026-05-06 04:03:38,261 | INFO    |   Page 757: 5 questions
2026-05-06 04:03:42,768 | INFO    |   Page 758: 5 questions
2026-05-06 04:03:47,265 | INFO    |   Page 759: 5 questions
2026-05-06 04:03:51,561 | INFO    |   Page 760: 5 questions
2026-05-06 04:03:52,938 | INFO    | 💾 Saved at page 760 (3241 questions)
2026-05-06 04:03:57,393 | INFO    |   Page 761: 5 questions
2026-05-06 04:04:01,836 | INFO    |   Page 762: 5 questions
2026-05-06 04:04:06,412 | INFO    |   Page 763: 5 questions
2026-05-06 04:04:10,974 | INFO    |   Page 764: 5 questions
2026-05-06 04:04:15,187 | INFO    |   Page 765: 5 questions
2026-05-06 04:04:16,593 | INFO    | 💾 Saved at page 765 (3266 questions)
2026-05-06 04:04:20,975 | INFO    |   Page 766: 5 questions
2026-05-06 04:04:25,309 | INFO    |   Page 767: 5 questions
2026-05-06 04:04:29,721 | INFO    |   Page 768: 5 questions
2026-05-06 04:04:34,192 | INFO    |   Page 769: 5 questions
2026-05-06 04:04:38,529 | INFO    |   Page 770: 5 questions
2026-05-06 04:04:39,969 | INFO    | 💾 Saved at page 770 (3290 questions)
2026-05-06 04:04:44,567 | INFO    |   Page 771: 5 questions
2026-05-06 04:04:48,859 | INFO    |   Page 772: 5 questions
2026-05-06 04:04:53,349 | INFO    |   Page 773: 5 questions
2026-05-06 04:04:57,548 | INFO    |   Page 774: 5 questions
2026-05-06 04:05:02,093 | INFO    |   Page 775: 5 questions
2026-05-06 04:05:03,471 | INFO    | 💾 Saved at page 775 (3315 questions)
2026-05-06 04:05:09,742 | INFO    |   Page 776: 5 questions
2026-05-06 04:05:14,087 | INFO    |   Page 777: 5 questions
2026-05-06 04:05:18,345 | INFO    |   Page 778: 5 questions
2026-05-06 04:05:22,801 | INFO    |   Page 779: 5 questions
2026-05-06 04:05:27,032 | INFO    |   Page 780: 5 questions
2026-05-06 04:05:28,537 | INFO    | 💾 Saved at page 780 (3339 questions)
2026-05-06 04:05:33,617 | INFO    |   Page 781: 5 questions
2026-05-06 04:05:37,936 | INFO    |   Page 782: 5 questions
2026-05-06 04:05:42,251 | INFO    |   Page 783: 4 questions
2026-05-06 04:05:46,633 | INFO    |   Page 784: 5 questions
2026-05-06 04:05:50,834 | INFO    |   Page 785: 5 questions
2026-05-06 04:05:52,311 | INFO    | 💾 Saved at page 785 (3358 questions)
2026-05-06 04:05:57,594 | INFO    |   Page 786: 5 questions
2026-05-06 04:06:02,034 | INFO    |   Page 787: 5 questions
2026-05-06 04:06:06,455 | INFO    |   Page 788: 5 questions
2026-05-06 04:06:10,783 | INFO    |   Page 789: 5 questions
2026-05-06 04:06:14,919 | INFO    |   Page 790: 5 questions
2026-05-06 04:06:16,382 | INFO    | 💾 Saved at page 790 (3382 questions)
2026-05-06 04:06:20,943 | INFO    |   Page 791: 5 questions
2026-05-06 04:06:25,295 | INFO    |   Page 792: 5 questions
2026-05-06 04:06:30,186 | INFO    |   Page 793: 5 questions
2026-05-06 04:06:34,449 | INFO    |   Page 794: 5 questions
2026-05-06 04:06:38,927 | INFO    |   Page 795: 5 questions
2026-05-06 04:06:40,517 | INFO    | 💾 Saved at page 795 (3406 questions)
2026-05-06 04:06:45,356 | INFO    |   Page 796: 5 questions
2026-05-06 04:06:49,581 | INFO    |   Page 797: 5 questions
2026-05-06 04:06:54,510 | INFO    |   Page 798: 5 questions
2026-05-06 04:06:58,987 | INFO    |   Page 799: 5 questions
2026-05-06 04:07:03,499 | INFO    |   Page 800: 5 questions
2026-05-06 04:07:04,980 | INFO    | 💾 Saved at page 800 (3431 questions)
2026-05-06 04:07:09,867 | INFO    |   Page 801: 5 questions
2026-05-06 04:07:14,364 | INFO    |   Page 802: 5 questions
2026-05-06 04:07:18,689 | INFO    |   Page 803: 5 questions
2026-05-06 04:07:23,228 | INFO    |   Page 804: 5 questions
2026-05-06 04:07:28,193 | INFO    |   Page 805: 5 questions
2026-05-06 04:07:29,552 | INFO    | 💾 Saved at page 805 (3446 questions)
2026-05-06 04:07:33,893 | INFO    |   Page 806: 5 questions
2026-05-06 04:07:38,483 | INFO    |   Page 807: 5 questions
2026-05-06 04:07:42,649 | INFO    |   Page 808: 5 questions
2026-05-06 04:07:47,054 | INFO    |   Page 809: 5 questions
2026-05-06 04:07:51,478 | INFO    |   Page 810: 5 questions
2026-05-06 04:07:52,942 | INFO    | 💾 Saved at page 810 (3470 questions)
2026-05-06 04:07:57,342 | INFO    |   Page 811: 5 questions
2026-05-06 04:08:01,682 | INFO    |   Page 812: 5 questions
2026-05-06 04:08:05,981 | INFO    |   Page 813: 5 questions
2026-05-06 04:08:10,507 | INFO    |   Page 814: 5 questions
2026-05-06 04:08:15,548 | INFO    |   Page 815: 5 questions
2026-05-06 04:08:17,886 | INFO    | 💾 Saved at page 815 (3488 questions)
2026-05-06 04:08:23,231 | INFO    |   Page 816: 3 questions
2026-05-06 04:08:25,140 | INFO    | 💾 Saved at page 816 (3491 questions)
2026-05-06 04:08:32,683 | INFO    | ✅ English Language: 3491 questions saved.

2026-05-06 04:08:32,683 | INFO    | 
=======================================================
2026-05-06 04:08:32,694 | INFO    |   Scraping: Mathematics
2026-05-06 04:08:32,694 | INFO    | =======================================================
2026-05-06 04:09:11,161 | INFO    | Total pages: 371
2026-05-06 04:09:14,815 | INFO    |   Page 1: 5 questions
2026-05-06 04:09:19,693 | INFO    |   Page 2: 5 questions
2026-05-06 04:09:24,260 | INFO    |   Page 3: 5 questions
2026-05-06 04:09:28,698 | INFO    |   Page 4: 5 questions
2026-05-06 04:09:33,226 | INFO    |   Page 5: 5 questions
2026-05-06 04:09:33,264 | INFO    | 💾 Saved at page 5 (25 questions)
2026-05-06 04:09:38,022 | INFO    |   Page 6: 5 questions
2026-05-06 04:09:42,380 | INFO    |   Page 7: 5 questions
2026-05-06 04:09:46,755 | INFO    |   Page 8: 5 questions
2026-05-06 04:09:51,285 | INFO    |   Page 9: 5 questions
2026-05-06 04:09:56,042 | INFO    |   Page 10: 5 questions
2026-05-06 04:09:56,097 | INFO    | 💾 Saved at page 10 (50 questions)
2026-05-06 04:10:02,237 | INFO    |   Page 11: 5 questions
2026-05-06 04:10:08,435 | INFO    |   Page 12: 5 questions
2026-05-06 04:10:12,821 | INFO    |   Page 13: 5 questions
2026-05-06 04:10:17,403 | INFO    |   Page 14: 5 questions
2026-05-06 04:10:21,906 | INFO    |   Page 15: 5 questions
2026-05-06 04:10:21,974 | INFO    | 💾 Saved at page 15 (75 questions)
2026-05-06 04:10:26,310 | INFO    |   Page 16: 5 questions
2026-05-06 04:10:31,378 | INFO    |   Page 17: 5 questions
2026-05-06 04:10:36,414 | INFO    |   Page 18: 5 questions
2026-05-06 04:10:40,783 | INFO    |   Page 19: 5 questions
2026-05-06 04:10:45,129 | INFO    |   Page 20: 5 questions
2026-05-06 04:10:45,456 | INFO    | 💾 Saved at page 20 (100 questions)
2026-05-06 04:10:50,216 | INFO    |   Page 21: 5 questions
2026-05-06 04:10:54,786 | INFO    |   Page 22: 5 questions
2026-05-06 04:10:59,280 | INFO    |   Page 23: 5 questions
2026-05-06 04:11:04,961 | INFO    |   Page 24: 5 questions
2026-05-06 04:11:09,731 | INFO    |   Page 25: 5 questions
2026-05-06 04:11:09,890 | INFO    | 💾 Saved at page 25 (125 questions)
2026-05-06 04:11:14,591 | INFO    |   Page 26: 5 questions
2026-05-06 04:11:19,160 | INFO    |   Page 27: 5 questions
2026-05-06 04:11:24,074 | INFO    |   Page 28: 5 questions
2026-05-06 04:11:29,573 | INFO    |   Page 29: 5 questions
2026-05-06 04:11:33,913 | INFO    |   Page 30: 5 questions
2026-05-06 04:11:34,084 | INFO    | 💾 Saved at page 30 (150 questions)
2026-05-06 04:11:39,598 | INFO    |   Page 31: 4 questions
2026-05-06 04:11:44,459 | INFO    |   Page 32: 5 questions
2026-05-06 04:11:49,406 | INFO    |   Page 33: 5 questions
2026-05-06 04:11:54,468 | INFO    |   Page 34: 4 questions
2026-05-06 04:11:59,210 | INFO    |   Page 35: 5 questions
2026-05-06 04:11:59,394 | INFO    | 💾 Saved at page 35 (173 questions)
2026-05-06 04:12:04,546 | INFO    |   Page 36: 5 questions
2026-05-06 04:12:10,140 | INFO    |   Page 37: 5 questions
2026-05-06 04:12:17,252 | INFO    |   Page 38: 5 questions
2026-05-06 04:12:22,109 | INFO    |   Page 39: 5 questions
2026-05-06 04:12:27,155 | INFO    |   Page 40: 5 questions
2026-05-06 04:12:27,347 | INFO    | 💾 Saved at page 40 (198 questions)
2026-05-06 04:12:32,048 | INFO    |   Page 41: 5 questions
2026-05-06 04:12:37,385 | INFO    |   Page 42: 5 questions
2026-05-06 04:12:42,642 | INFO    |   Page 43: 5 questions
2026-05-06 04:12:48,688 | INFO    |   Page 44: 5 questions
2026-05-06 04:13:00,963 | INFO    |   Page 45: 5 questions
2026-05-06 04:13:01,281 | INFO    | 💾 Saved at page 45 (223 questions)
2026-05-06 04:13:06,681 | INFO    |   Page 46: 3 questions
2026-05-06 04:13:11,471 | INFO    |   Page 47: 5 questions
2026-05-06 04:13:18,313 | INFO    |   Page 48: 5 questions
2026-05-06 04:13:25,370 | INFO    |   Page 49: 5 questions
2026-05-06 04:13:46,171 | INFO    |   Page 50: 5 questions
2026-05-06 04:13:46,354 | INFO    | 💾 Saved at page 50 (246 questions)
2026-05-06 04:13:59,216 | INFO    |   Page 51: 5 questions
2026-05-06 04:14:04,015 | INFO    |   Page 52: 5 questions
2026-05-06 04:14:08,544 | INFO    |   Page 53: 5 questions
2026-05-06 04:14:13,621 | INFO    |   Page 54: 5 questions
2026-05-06 04:14:21,359 | INFO    |   Page 55: 5 questions
2026-05-06 04:14:21,543 | INFO    | 💾 Saved at page 55 (271 questions)
2026-05-06 04:14:26,665 | INFO    |   Page 56: 5 questions
2026-05-06 04:14:31,784 | INFO    |   Page 57: 5 questions
2026-05-06 04:14:36,632 | INFO    |   Page 58: 5 questions
2026-05-06 04:14:42,694 | INFO    |   Page 59: 5 questions
2026-05-06 04:14:48,386 | INFO    |   Page 60: 4 questions
2026-05-06 04:14:48,897 | INFO    | 💾 Saved at page 60 (295 questions)
2026-05-06 04:14:58,283 | INFO    |   Page 61: 5 questions
2026-05-06 04:15:02,728 | INFO    |   Page 62: 5 questions
2026-05-06 04:15:07,475 | INFO    |   Page 63: 5 questions
2026-05-06 04:15:12,206 | INFO    |   Page 64: 5 questions
2026-05-06 04:15:17,198 | INFO    |   Page 65: 5 questions
2026-05-06 04:15:17,467 | INFO    | 💾 Saved at page 65 (320 questions)
2026-05-06 04:15:21,917 | INFO    |   Page 66: 5 questions
2026-05-06 04:15:26,907 | INFO    |   Page 67: 5 questions
2026-05-06 04:15:31,907 | INFO    |   Page 68: 5 questions
2026-05-06 04:15:37,914 | INFO    |   Page 69: 5 questions
2026-05-06 04:15:43,189 | INFO    |   Page 70: 5 questions
2026-05-06 04:15:43,831 | INFO    | 💾 Saved at page 70 (345 questions)
2026-05-06 04:15:49,079 | INFO    |   Page 71: 5 questions
2026-05-06 04:15:55,355 | INFO    |   Page 72: 5 questions
2026-05-06 04:16:00,405 | INFO    |   Page 73: 5 questions
2026-05-06 04:16:06,231 | INFO    |   Page 74: 5 questions
2026-05-06 04:16:11,164 | INFO    |   Page 75: 5 questions
2026-05-06 04:16:11,452 | INFO    | 💾 Saved at page 75 (370 questions)
2026-05-06 04:16:16,079 | INFO    |   Page 76: 5 questions
2026-05-06 04:16:20,957 | INFO    |   Page 77: 5 questions
2026-05-06 04:16:25,474 | INFO    |   Page 78: 5 questions
2026-05-06 04:16:30,533 | INFO    |   Page 79: 5 questions
2026-05-06 04:16:35,263 | INFO    |   Page 80: 5 questions
2026-05-06 04:16:35,498 | INFO    | 💾 Saved at page 80 (395 questions)
2026-05-06 04:16:40,185 | INFO    |   Page 81: 5 questions
2026-05-06 04:16:44,790 | INFO    |   Page 82: 5 questions
2026-05-06 04:16:50,757 | INFO    |   Page 83: 5 questions
2026-05-06 04:16:55,920 | INFO    |   Page 84: 5 questions
2026-05-06 04:17:00,741 | INFO    |   Page 85: 5 questions
2026-05-06 04:17:00,987 | INFO    | 💾 Saved at page 85 (420 questions)
2026-05-06 04:17:05,878 | INFO    |   Page 86: 5 questions
2026-05-06 04:17:10,548 | INFO    |   Page 87: 5 questions
2026-05-06 04:17:15,371 | INFO    |   Page 88: 5 questions
2026-05-06 04:17:22,531 | INFO    |   Page 89: 5 questions
2026-05-06 04:17:27,732 | INFO    |   Page 90: 5 questions
2026-05-06 04:17:28,369 | INFO    | 💾 Saved at page 90 (444 questions)
2026-05-06 04:17:32,712 | INFO    |   Page 91: 5 questions
2026-05-06 04:17:37,446 | INFO    |   Page 92: 5 questions
2026-05-06 04:17:42,119 | INFO    |   Page 93: 5 questions
2026-05-06 04:17:46,797 | INFO    |   Page 94: 5 questions
2026-05-06 04:17:51,611 | INFO    |   Page 95: 5 questions
2026-05-06 04:17:51,884 | INFO    | 💾 Saved at page 95 (469 questions)
2026-05-06 04:17:57,207 | INFO    |   Page 96: 5 questions
2026-05-06 04:18:02,366 | INFO    |   Page 97: 5 questions
2026-05-06 04:18:06,745 | INFO    |   Page 98: 5 questions
2026-05-06 04:18:12,102 | INFO    |   Page 99: 1 questions
2026-05-06 04:18:17,437 | INFO    |   Page 100: 5 questions
2026-05-06 04:18:17,822 | INFO    | 💾 Saved at page 100 (489 questions)
2026-05-06 04:18:22,542 | INFO    |   Page 101: 5 questions
2026-05-06 04:18:27,355 | INFO    |   Page 102: 5 questions
2026-05-06 04:18:31,726 | INFO    |   Page 103: 5 questions
2026-05-06 04:18:36,459 | INFO    |   Page 104: 5 questions
2026-05-06 04:18:41,192 | INFO    |   Page 105: 5 questions
2026-05-06 04:18:41,448 | INFO    | 💾 Saved at page 105 (514 questions)
2026-05-06 04:18:46,390 | INFO    |   Page 106: 5 questions
2026-05-06 04:18:50,981 | INFO    |   Page 107: 5 questions
2026-05-06 04:18:55,508 | INFO    |   Page 108: 5 questions
2026-05-06 04:19:00,714 | INFO    |   Page 109: 5 questions
2026-05-06 04:19:05,352 | INFO    |   Page 110: 5 questions
2026-05-06 04:19:05,691 | INFO    | 💾 Saved at page 110 (539 questions)
2026-05-06 04:19:11,195 | INFO    |   Page 111: 5 questions
2026-05-06 04:19:15,750 | INFO    |   Page 112: 5 questions
2026-05-06 04:19:20,993 | INFO    |   Page 113: 5 questions
2026-05-06 04:19:25,619 | INFO    |   Page 114: 5 questions
2026-05-06 04:19:30,213 | INFO    |   Page 115: 5 questions
2026-05-06 04:19:30,599 | INFO    | 💾 Saved at page 115 (564 questions)
2026-05-06 04:19:35,629 | INFO    |   Page 116: 5 questions
2026-05-06 04:19:39,920 | INFO    |   Page 117: 5 questions
2026-05-06 04:19:44,753 | INFO    |   Page 118: 5 questions
2026-05-06 04:19:49,702 | INFO    |   Page 119: 5 questions
2026-05-06 04:19:54,324 | INFO    |   Page 120: 5 questions
2026-05-06 04:19:54,671 | INFO    | 💾 Saved at page 120 (589 questions)
2026-05-06 04:19:59,726 | INFO    |   Page 121: 5 questions
2026-05-06 04:20:03,948 | INFO    |   Page 122: 5 questions
2026-05-06 04:20:08,714 | INFO    |   Page 123: 5 questions
2026-05-06 04:20:13,386 | INFO    |   Page 124: 5 questions
2026-05-06 04:20:17,801 | INFO    |   Page 125: 5 questions
2026-05-06 04:20:18,157 | INFO    | 💾 Saved at page 125 (614 questions)
2026-05-06 04:20:22,645 | INFO    |   Page 126: 5 questions
2026-05-06 04:20:27,197 | INFO    |   Page 127: 5 questions
2026-05-06 04:20:31,810 | INFO    |   Page 128: 5 questions
2026-05-06 04:20:36,411 | INFO    |   Page 129: 5 questions
2026-05-06 04:20:41,080 | INFO    |   Page 130: 5 questions
2026-05-06 04:20:41,566 | INFO    | 💾 Saved at page 130 (638 questions)
2026-05-06 04:20:47,672 | INFO    |   Page 131: 3 questions
2026-05-06 04:20:52,377 | INFO    |   Page 132: 5 questions
2026-05-06 04:20:57,070 | INFO    |   Page 133: 5 questions
2026-05-06 04:21:01,775 | INFO    |   Page 134: 5 questions
2026-05-06 04:21:06,921 | INFO    |   Page 135: 5 questions
2026-05-06 04:21:07,266 | INFO    | 💾 Saved at page 135 (661 questions)
2026-05-06 04:21:14,017 | INFO    |   Page 136: 5 questions
2026-05-06 04:21:19,389 | INFO    |   Page 137: 5 questions
2026-05-06 04:21:24,228 | INFO    |   Page 138: 4 questions
2026-05-06 04:21:28,692 | INFO    |   Page 139: 5 questions
2026-05-06 04:21:33,206 | INFO    |   Page 140: 5 questions
2026-05-06 04:21:33,631 | INFO    | 💾 Saved at page 140 (684 questions)
2026-05-06 04:21:38,264 | INFO    |   Page 141: 5 questions
2026-05-06 04:21:42,989 | INFO    |   Page 142: 5 questions
2026-05-06 04:21:47,469 | INFO    |   Page 143: 5 questions
2026-05-06 04:21:52,004 | INFO    |   Page 144: 5 questions
2026-05-06 04:21:56,781 | INFO    |   Page 145: 5 questions
2026-05-06 04:21:57,113 | INFO    | 💾 Saved at page 145 (709 questions)
2026-05-06 04:22:02,011 | INFO    |   Page 146: 5 questions
2026-05-06 04:22:06,376 | INFO    |   Page 147: 5 questions
2026-05-06 04:22:10,894 | INFO    |   Page 148: 5 questions
2026-05-06 04:22:15,627 | INFO    |   Page 149: 5 questions
2026-05-06 04:22:20,425 | INFO    |   Page 150: 5 questions
2026-05-06 04:22:20,924 | INFO    | 💾 Saved at page 150 (734 questions)
2026-05-06 04:22:25,853 | INFO    |   Page 151: 5 questions
2026-05-06 04:22:30,940 | INFO    |   Page 152: 4 questions
2026-05-06 04:22:35,403 | INFO    |   Page 153: 5 questions
2026-05-06 04:22:39,927 | INFO    |   Page 154: 5 questions
2026-05-06 04:22:44,098 | INFO    |   Page 155: 5 questions
2026-05-06 04:22:44,444 | INFO    | 💾 Saved at page 155 (757 questions)
2026-05-06 04:22:49,474 | INFO    |   Page 156: 5 questions
2026-05-06 04:22:54,318 | INFO    |   Page 157: 5 questions
2026-05-06 04:22:58,971 | INFO    |   Page 158: 5 questions
2026-05-06 04:23:05,508 | INFO    |   Page 159: 5 questions
2026-05-06 04:23:12,047 | INFO    |   Page 160: 5 questions
2026-05-06 04:23:12,859 | INFO    | 💾 Saved at page 160 (781 questions)
2026-05-06 04:23:17,327 | INFO    |   Page 161: 5 questions
2026-05-06 04:23:21,935 | INFO    |   Page 162: 5 questions
2026-05-06 04:23:26,583 | INFO    |   Page 163: 5 questions
2026-05-06 04:23:30,861 | INFO    |   Page 164: 5 questions
2026-05-06 04:23:35,857 | INFO    |   Page 165: 5 questions
2026-05-06 04:23:36,235 | INFO    | 💾 Saved at page 165 (806 questions)
2026-05-06 04:23:42,293 | INFO    |   Page 166: 3 questions
2026-05-06 04:23:46,587 | INFO    |   Page 167: 5 questions
2026-05-06 04:23:51,529 | INFO    |   Page 168: 5 questions
2026-05-06 04:23:56,930 | INFO    |   Page 169: 5 questions
2026-05-06 04:24:05,599 | INFO    |   Page 170: 5 questions
2026-05-06 04:24:06,097 | INFO    | 💾 Saved at page 170 (829 questions)
2026-05-06 04:24:10,925 | INFO    |   Page 171: 5 questions
2026-05-06 04:24:20,822 | INFO    |   Page 172: 5 questions
2026-05-06 04:24:33,632 | INFO    |   Page 173: 5 questions
2026-05-06 04:24:52,239 | INFO    |   Page 174: 4 questions
2026-05-06 04:25:09,634 | INFO    |   Page 175: 3 questions
2026-05-06 04:25:16,971 | INFO    | 💾 Saved at page 175 (851 questions)
2026-05-06 04:25:24,119 | INFO    |   Page 176: 5 questions
2026-05-06 04:25:30,483 | INFO    |   Page 177: 4 questions
2026-05-06 04:25:40,790 | INFO    |   Page 178: 3 questions
2026-05-06 04:25:47,856 | INFO    |   Page 179: 5 questions
2026-05-06 04:25:54,804 | INFO    |   Page 180: 3 questions
2026-05-06 04:25:55,389 | INFO    | 💾 Saved at page 180 (871 questions)
2026-05-06 04:26:00,395 | INFO    |   Page 181: 5 questions
2026-05-06 04:26:05,066 | INFO    |   Page 182: 5 questions
2026-05-06 04:26:09,497 | INFO    |   Page 183: 5 questions
2026-05-06 04:26:14,110 | INFO    |   Page 184: 5 questions
2026-05-06 04:26:19,074 | INFO    |   Page 185: 5 questions
2026-05-06 04:26:19,551 | INFO    | 💾 Saved at page 185 (896 questions)
2026-05-06 04:26:24,860 | INFO    |   Page 186: 5 questions
2026-05-06 04:26:29,429 | INFO    |   Page 187: 5 questions
2026-05-06 04:26:34,094 | INFO    |   Page 188: 3 questions
2026-05-06 04:26:38,529 | INFO    |   Page 189: 5 questions
2026-05-06 04:26:45,940 | INFO    |   Page 190: 5 questions
2026-05-06 04:26:47,004 | INFO    | 💾 Saved at page 190 (919 questions)
2026-05-06 04:26:51,922 | INFO    |   Page 191: 5 questions
2026-05-06 04:26:56,432 | INFO    |   Page 192: 5 questions
2026-05-06 04:27:01,069 | INFO    |   Page 193: 5 questions
2026-05-06 04:27:05,922 | INFO    |   Page 194: 5 questions
2026-05-06 04:27:10,863 | INFO    |   Page 195: 5 questions
2026-05-06 04:27:11,487 | INFO    | 💾 Saved at page 195 (943 questions)
2026-05-06 04:27:17,012 | INFO    |   Page 196: 5 questions
2026-05-06 04:27:21,628 | INFO    |   Page 197: 5 questions
2026-05-06 04:27:26,189 | INFO    |   Page 198: 5 questions
2026-05-06 04:27:30,566 | INFO    |   Page 199: 5 questions
2026-05-06 04:27:35,239 | INFO    |   Page 200: 5 questions
2026-05-06 04:27:35,879 | INFO    | 💾 Saved at page 200 (968 questions)
2026-05-06 04:27:40,531 | INFO    |   Page 201: 5 questions
2026-05-06 04:27:44,839 | INFO    |   Page 202: 5 questions
2026-05-06 04:27:49,214 | INFO    |   Page 203: 5 questions
2026-05-06 04:27:53,650 | INFO    |   Page 204: 5 questions
2026-05-06 04:27:57,776 | INFO    |   Page 205: 5 questions
2026-05-06 04:27:58,201 | INFO    | 💾 Saved at page 205 (993 questions)
2026-05-06 04:28:03,112 | INFO    |   Page 206: 5 questions
2026-05-06 04:28:07,512 | INFO    |   Page 207: 5 questions
2026-05-06 04:28:12,108 | INFO    |   Page 208: 5 questions
2026-05-06 04:28:16,593 | INFO    |   Page 209: 5 questions
2026-05-06 04:28:21,500 | INFO    |   Page 210: 4 questions
2026-05-06 04:28:22,193 | INFO    | 💾 Saved at page 210 (1017 questions)
2026-05-06 04:28:26,504 | INFO    |   Page 211: 5 questions
2026-05-06 04:28:31,216 | INFO    |   Page 212: 5 questions
2026-05-06 04:28:35,454 | INFO    |   Page 213: 5 questions
2026-05-06 04:28:39,715 | INFO    |   Page 214: 5 questions
2026-05-06 04:28:43,833 | INFO    |   Page 215: 5 questions
2026-05-06 04:28:44,645 | INFO    | 💾 Saved at page 215 (1040 questions)
2026-05-06 04:28:49,288 | INFO    |   Page 216: 5 questions
2026-05-06 04:28:54,070 | INFO    |   Page 217: 3 questions
2026-05-06 04:28:58,384 | INFO    |   Page 218: 5 questions
2026-05-06 04:29:03,253 | INFO    |   Page 219: 5 questions
2026-05-06 04:29:08,857 | INFO    |   Page 220: 5 questions
2026-05-06 04:29:09,258 | INFO    | 💾 Saved at page 220 (1063 questions)
2026-05-06 04:29:13,565 | INFO    |   Page 221: 5 questions
2026-05-06 04:29:17,884 | INFO    |   Page 222: 5 questions
2026-05-06 04:29:22,180 | INFO    |   Page 223: 5 questions
2026-05-06 04:29:26,588 | INFO    |   Page 224: 5 questions
2026-05-06 04:29:30,880 | INFO    |   Page 225: 5 questions
2026-05-06 04:29:31,413 | INFO    | 💾 Saved at page 225 (1088 questions)
2026-05-06 04:29:35,910 | INFO    |   Page 226: 5 questions
2026-05-06 04:29:40,265 | INFO    |   Page 227: 5 questions
2026-05-06 04:29:45,407 | INFO    |   Page 228: 5 questions
2026-05-06 04:29:49,898 | INFO    |   Page 229: 5 questions
2026-05-06 04:29:55,826 | INFO    |   Page 230: 5 questions
2026-05-06 04:29:56,277 | INFO    | 💾 Saved at page 230 (1112 questions)
2026-05-06 04:30:01,999 | INFO    |   Page 231: 4 questions
2026-05-06 04:30:06,477 | INFO    |   Page 232: 5 questions
2026-05-06 04:30:11,138 | INFO    |   Page 233: 5 questions
2026-05-06 04:30:15,679 | INFO    |   Page 234: 5 questions
2026-05-06 04:30:20,419 | INFO    |   Page 235: 5 questions
2026-05-06 04:30:21,085 | INFO    | 💾 Saved at page 235 (1134 questions)
2026-05-06 04:30:25,591 | INFO    |   Page 236: 5 questions
2026-05-06 04:30:30,052 | INFO    |   Page 237: 5 questions
2026-05-06 04:30:34,637 | INFO    |   Page 238: 5 questions
2026-05-06 04:30:39,481 | INFO    |   Page 239: 5 questions
2026-05-06 04:30:44,597 | INFO    |   Page 240: 5 questions
2026-05-06 04:30:45,447 | INFO    | 💾 Saved at page 240 (1158 questions)
2026-05-06 04:30:50,182 | INFO    |   Page 241: 5 questions
2026-05-06 04:30:55,160 | INFO    |   Page 242: 5 questions
2026-05-06 04:31:00,195 | INFO    |   Page 243: 5 questions
2026-05-06 04:31:04,768 | INFO    |   Page 244: 5 questions
2026-05-06 04:31:09,506 | INFO    |   Page 245: 5 questions
2026-05-06 04:31:10,256 | INFO    | 💾 Saved at page 245 (1183 questions)
2026-05-06 04:31:14,635 | INFO    |   Page 246: 5 questions
2026-05-06 04:31:19,360 | INFO    |   Page 247: 5 questions
2026-05-06 04:31:23,772 | INFO    |   Page 248: 5 questions
2026-05-06 04:31:28,017 | INFO    |   Page 249: 5 questions
2026-05-06 04:31:32,635 | INFO    |   Page 250: 5 questions
2026-05-06 04:31:33,424 | INFO    | 💾 Saved at page 250 (1208 questions)
2026-05-06 04:31:37,993 | INFO    |   Page 251: 5 questions
2026-05-06 04:31:42,681 | INFO    |   Page 252: 5 questions
2026-05-06 04:31:47,250 | INFO    |   Page 253: 5 questions
2026-05-06 04:31:51,855 | INFO    |   Page 254: 5 questions
2026-05-06 04:31:56,543 | INFO    |   Page 255: 5 questions
2026-05-06 04:31:57,237 | INFO    | 💾 Saved at page 255 (1233 questions)
2026-05-06 04:32:01,935 | INFO    |   Page 256: 5 questions
2026-05-06 04:32:06,345 | INFO    |   Page 257: 5 questions
2026-05-06 04:32:11,397 | INFO    |   Page 258: 5 questions
2026-05-06 04:32:16,108 | INFO    |   Page 259: 5 questions
2026-05-06 04:32:20,679 | INFO    |   Page 260: 5 questions
2026-05-06 04:32:21,207 | INFO    | 💾 Saved at page 260 (1258 questions)
2026-05-06 04:32:26,966 | INFO    |   Page 261: 5 questions
2026-05-06 04:32:31,929 | INFO    |   Page 262: 5 questions
2026-05-06 04:32:36,615 | INFO    |   Page 263: 5 questions
2026-05-06 04:32:42,396 | INFO    |   Page 264: 5 questions
2026-05-06 04:32:48,512 | INFO    |   Page 265: 4 questions
2026-05-06 04:32:49,720 | INFO    | 💾 Saved at page 265 (1281 questions)
2026-05-06 04:32:54,364 | INFO    |   Page 266: 5 questions
2026-05-06 04:32:59,155 | INFO    |   Page 267: 5 questions
2026-05-06 04:33:03,627 | INFO    |   Page 268: 5 questions
2026-05-06 04:33:08,309 | INFO    |   Page 269: 5 questions
2026-05-06 04:33:12,781 | INFO    |   Page 270: 5 questions
2026-05-06 04:33:13,360 | INFO    | 💾 Saved at page 270 (1306 questions)
2026-05-06 04:33:20,301 | INFO    |   Page 271: 5 questions
2026-05-06 04:33:24,895 | INFO    |   Page 272: 5 questions
2026-05-06 04:33:29,679 | INFO    |   Page 273: 5 questions
2026-05-06 04:33:34,265 | INFO    |   Page 274: 5 questions
2026-05-06 04:33:39,043 | INFO    |   Page 275: 5 questions
2026-05-06 04:33:39,850 | INFO    | 💾 Saved at page 275 (1331 questions)
2026-05-06 04:33:44,774 | INFO    |   Page 276: 5 questions
2026-05-06 04:33:49,395 | INFO    |   Page 277: 5 questions
2026-05-06 04:33:53,577 | INFO    |   Page 278: 5 questions
2026-05-06 04:33:58,352 | INFO    |   Page 279: 5 questions
2026-05-06 04:34:02,682 | INFO    |   Page 280: 5 questions
2026-05-06 04:34:06,089 | CRITICAL | CRITICAL: Subject Mathematics failed: [Errno 28] No space left on device
2026-05-06 04:34:06,089 | INFO    | 
=======================================================
2026-05-06 04:34:06,089 | INFO    |   Scraping: Physics
2026-05-06 04:34:06,099 | INFO    | =======================================================
2026-05-06 04:34:37,707 | INFO    | Total pages: 381
2026-05-06 04:34:41,043 | INFO    |   Page 1: 5 questions
2026-05-06 04:34:45,846 | INFO    |   Page 2: 5 questions
2026-05-06 04:34:50,340 | INFO    |   Page 3: 5 questions
2026-05-06 04:34:55,114 | INFO    |   Page 4: 5 questions
2026-05-06 04:34:59,702 | INFO    |   Page 5: 5 questions
2026-05-06 04:35:02,915 | CRITICAL | CRITICAL: Subject Physics failed: [Errno 28] No space left on device
2026-05-06 04:35:02,924 | INFO    | 
=======================================================
2026-05-06 04:35:02,926 | INFO    |   Scraping: Chemistry
2026-05-06 04:35:02,934 | INFO    | =======================================================
2026-05-06 04:35:33,381 | INFO    | Total pages: 325
2026-05-06 04:35:37,113 | INFO    |   Page 1: 5 questions
2026-05-06 04:35:41,963 | INFO    |   Page 2: 5 questions
2026-05-06 04:35:46,782 | INFO    |   Page 3: 5 questions
2026-05-06 04:35:51,277 | INFO    |   Page 4: 5 questions
2026-05-06 04:35:55,655 | INFO    |   Page 5: 5 questions
2026-05-06 04:35:58,514 | CRITICAL | CRITICAL: Subject Chemistry failed: [Errno 28] No space left on device
2026-05-06 04:35:58,522 | INFO    | 
=======================================================
2026-05-06 04:35:58,525 | INFO    |   Scraping: Biology
2026-05-06 04:35:58,525 | INFO    | =======================================================
2026-05-06 04:36:29,710 | INFO    | Total pages: 420
2026-05-06 04:36:32,956 | INFO    |   Page 1: 5 questions
2026-05-06 04:36:37,924 | INFO    |   Page 2: 5 questions
2026-05-06 04:36:42,319 | INFO    |   Page 3: 5 questions
2026-05-06 04:36:47,083 | INFO    |   Page 4: 5 questions
2026-05-06 04:36:51,518 | INFO    |   Page 5: 5 questions
2026-05-06 04:36:55,478 | CRITICAL | CRITICAL: Subject Biology failed: [Errno 28] No space left on device
2026-05-06 04:36:55,478 | INFO    | 
=======================================================
2026-05-06 04:36:55,478 | INFO    |   Scraping: Further Mathematics
2026-05-06 04:36:55,486 | INFO    | =======================================================
2026-05-06 04:37:31,006 | INFO    | Total pages: 161
2026-05-06 04:37:35,115 | INFO    |   Page 1: 5 questions
2026-05-06 04:37:41,434 | INFO    |   Page 2: 4 questions
2026-05-06 04:37:46,892 | INFO    |   Page 3: 5 questions
2026-05-06 04:37:52,688 | INFO    |   Page 4: 2 questions
2026-05-06 04:37:57,537 | INFO    |   Page 5: 5 questions
2026-05-06 04:38:04,669 | CRITICAL | CRITICAL: Subject Further Mathematics failed: [Errno 28] No space left on device
2026-05-06 04:38:04,669 | INFO    | 
=======================================================
2026-05-06 04:38:04,680 | INFO    |   Scraping: Agricultural Science
2026-05-06 04:38:04,700 | INFO    | =======================================================
2026-05-06 04:38:26,422 | CRITICAL | CRITICAL: Subject Agricultural Science failed: Page.goto: net::ERR_SSL_BAD_RECORD_MAC_ALERT at https://myschool.ng/classroom/agricultural-science?exam_type=waec&type=obj&page=1
Call log:
  - navigating to "https://myschool.ng/classroom/agricultural-science?exam_type=waec&type=obj&page=1", waiting until "domcontentloaded"

2026-05-06 04:38:26,430 | INFO    | 
=======================================================
2026-05-06 04:38:26,433 | INFO    |   Scraping: Geography
2026-05-06 04:38:26,433 | INFO    | =======================================================
2026-05-06 04:39:02,395 | INFO    | Total pages: 298
2026-05-06 04:39:06,394 | INFO    |   Page 1: 5 questions
2026-05-06 04:39:13,329 | INFO    |   Page 2: 5 questions
2026-05-06 04:39:19,348 | INFO    |   Page 3: 5 questions
2026-05-06 04:39:24,482 | INFO    |   Page 4: 5 questions
2026-05-06 04:39:33,744 | INFO    |   Page 5: 5 questions
2026-05-06 04:39:59,546 | CRITICAL | CRITICAL: Subject Geography failed: [Errno 28] No space left on device
2026-05-06 04:39:59,546 | INFO    | 
=======================================================
2026-05-06 04:39:59,557 | INFO    |   Scraping: Economics
2026-05-06 04:39:59,565 | INFO    | =======================================================
2026-05-06 04:40:40,239 | CRITICAL | CRITICAL: Subject Economics failed: Page.goto: net::ERR_SSL_BAD_RECORD_MAC_ALERT at https://myschool.ng/classroom/economics?exam_type=waec&type=obj&page=1
Call log:
  - navigating to "https://myschool.ng/classroom/economics?exam_type=waec&type=obj&page=1", waiting until "domcontentloaded"

2026-05-06 04:40:40,252 | INFO    | 
=======================================================
2026-05-06 04:40:40,252 | INFO    |   Scraping: Literature in English
2026-05-06 04:40:40,252 | INFO    | =======================================================
2026-05-06 04:41:26,279 | INFO    | Total pages: 293
2026-05-06 04:41:30,761 | INFO    |   Page 1: 5 questions
2026-05-06 04:41:35,992 | INFO    |   Page 2: 5 questions
2026-05-06 04:41:41,524 | INFO    |   Page 3: 5 questions
2026-05-06 04:41:46,256 | INFO    |   Page 4: 5 questions
2026-05-06 04:41:51,002 | INFO    |   Page 5: 5 questions
2026-05-06 04:41:56,882 | CRITICAL | CRITICAL: Subject Literature in English failed: [Errno 28] No space left on device
2026-05-06 04:41:56,892 | INFO    | 
=======================================================
2026-05-06 04:41:56,894 | INFO    |   Scraping: Government
2026-05-06 04:41:56,894 | INFO    | =======================================================
2026-05-06 04:42:41,164 | INFO    | Total pages: 394
2026-05-06 04:42:44,828 | INFO    |   Page 1: 5 questions
2026-05-06 04:42:49,603 | INFO    |   Page 2: 5 questions
2026-05-06 04:42:54,352 | INFO    |   Page 3: 5 questions
2026-05-06 04:42:58,905 | INFO    |   Page 4: 5 questions
2026-05-06 04:43:03,891 | INFO    |   Page 5: 5 questions
2026-05-06 04:43:06,654 | CRITICAL | CRITICAL: Subject Government failed: [Errno 28] No space left on device
2026-05-06 04:43:06,663 | INFO    | 
=======================================================
2026-05-06 04:43:06,665 | INFO    |   Scraping: History
2026-05-06 04:43:06,665 | INFO    | =======================================================
2026-05-06 04:43:37,203 | INFO    | Total pages: 100
2026-05-06 04:43:40,420 | INFO    |   Page 1: 0 questions
2026-05-06 04:43:47,415 | INFO    |   Page 2: 0 questions
2026-05-06 04:43:58,954 | INFO    |   Page 3: 0 questions
2026-05-06 04:44:10,710 | INFO    |   Page 4: 0 questions
2026-05-06 04:44:15,497 | INFO    |   Page 5: 0 questions
2026-05-06 04:44:15,540 | INFO    | 💾 Saved at page 5 (0 questions)
2026-05-06 04:44:21,765 | INFO    |   Page 6: 0 questions
2026-05-06 04:44:26,453 | INFO    |   Page 7: 0 questions
2026-05-06 04:44:31,351 | INFO    |   Page 8: 0 questions
2026-05-06 04:44:35,925 | INFO    |   Page 9: 0 questions
2026-05-06 04:44:40,498 | INFO    |   Page 10: 0 questions
2026-05-06 04:44:40,618 | INFO    | 💾 Saved at page 10 (0 questions)
2026-05-06 04:44:55,025 | INFO    |   Page 11: 0 questions
2026-05-06 04:45:05,712 | INFO    |   Page 12: 0 questions
2026-05-06 04:45:12,644 | INFO    |   Page 13: 0 questions
2026-05-06 04:45:19,489 | INFO    |   Page 14: 0 questions
2026-05-06 04:45:24,632 | INFO    |   Page 15: 0 questions
2026-05-06 04:45:24,668 | INFO    | 💾 Saved at page 15 (0 questions)
2026-05-06 04:45:29,795 | INFO    |   Page 16: 0 questions
2026-05-06 04:45:34,183 | INFO    |   Page 17: 0 questions
2026-05-06 04:45:39,186 | INFO    |   Page 18: 0 questions
2026-05-06 04:45:43,938 | INFO    |   Page 19: 0 questions
2026-05-06 04:45:48,606 | INFO    |   Page 20: 0 questions
2026-05-06 04:45:48,670 | INFO    | 💾 Saved at page 20 (0 questions)
2026-05-06 04:45:53,585 | INFO    |   Page 21: 0 questions
2026-05-06 04:45:58,086 | INFO    |   Page 22: 0 questions
2026-05-06 04:46:02,679 | INFO    |   Page 23: 0 questions
2026-05-06 04:46:08,228 | INFO    |   Page 24: 0 questions
2026-05-06 04:46:13,083 | INFO    |   Page 25: 0 questions
2026-05-06 04:46:13,112 | INFO    | 💾 Saved at page 25 (0 questions)
2026-05-06 04:46:17,986 | INFO    |   Page 26: 0 questions
2026-05-06 04:46:23,148 | INFO    |   Page 27: 0 questions
2026-05-06 04:46:33,825 | INFO    |   Page 28: 0 questions
2026-05-06 04:46:40,444 | INFO    |   Page 29: 0 questions
2026-05-06 04:46:45,058 | INFO    |   Page 30: 0 questions
2026-05-06 04:46:45,122 | INFO    | 💾 Saved at page 30 (0 questions)
2026-05-06 04:46:49,881 | INFO    |   Page 31: 0 questions
2026-05-06 04:46:54,655 | INFO    |   Page 32: 0 questions
2026-05-06 04:46:58,861 | INFO    |   Page 33: 0 questions
2026-05-06 04:47:03,261 | INFO    |   Page 34: 0 questions
2026-05-06 04:47:07,596 | INFO    |   Page 35: 0 questions
2026-05-06 04:47:07,632 | INFO    | 💾 Saved at page 35 (0 questions)
2026-05-06 04:47:12,276 | INFO    |   Page 36: 0 questions
2026-05-06 04:47:16,605 | INFO    |   Page 37: 0 questions
2026-05-06 04:47:20,958 | INFO    |   Page 38: 0 questions
2026-05-06 04:47:25,381 | INFO    |   Page 39: 0 questions
2026-05-06 04:47:29,824 | INFO    |   Page 40: 0 questions
2026-05-06 04:47:30,036 | INFO    | 💾 Saved at page 40 (0 questions)
2026-05-06 04:47:34,512 | INFO    |   Page 41: 0 questions
2026-05-06 04:47:38,904 | INFO    |   Page 42: 0 questions
2026-05-06 04:47:43,256 | INFO    |   Page 43: 0 questions
2026-05-06 04:47:47,826 | INFO    |   Page 44: 0 questions
2026-05-06 04:47:52,529 | INFO    |   Page 45: 0 questions
2026-05-06 04:47:52,592 | INFO    | 💾 Saved at page 45 (0 questions)
2026-05-06 04:47:57,031 | INFO    |   Page 46: 0 questions
2026-05-06 04:48:01,532 | INFO    |   Page 47: 0 questions
2026-05-06 04:48:06,412 | INFO    |   Page 48: 0 questions
2026-05-06 04:48:11,009 | INFO    |   Page 49: 0 questions
2026-05-06 04:48:15,606 | INFO    |   Page 50: 0 questions
2026-05-06 04:48:15,705 | INFO    | 💾 Saved at page 50 (0 questions)
2026-05-06 04:48:21,428 | INFO    |   Page 51: 0 questions
2026-05-06 04:48:25,957 | INFO    |   Page 52: 0 questions
2026-05-06 04:48:30,180 | INFO    |   Page 53: 0 questions
2026-05-06 04:48:34,493 | INFO    |   Page 54: 0 questions
2026-05-06 04:48:38,904 | INFO    |   Page 55: 0 questions
2026-05-06 04:48:38,948 | INFO    | 💾 Saved at page 55 (0 questions)
2026-05-06 04:48:43,914 | INFO    |   Page 56: 0 questions
2026-05-06 04:48:50,560 | INFO    |   Page 57: 0 questions
2026-05-06 04:48:58,317 | INFO    |   Page 58: 0 questions
2026-05-06 04:49:02,766 | INFO    |   Page 59: 0 questions
2026-05-06 04:49:07,523 | INFO    |   Page 60: 0 questions
2026-05-06 04:49:07,572 | INFO    | 💾 Saved at page 60 (0 questions)
2026-05-06 04:49:12,542 | INFO    |   Page 61: 0 questions
2026-05-06 04:49:22,020 | INFO    |   Page 62: 0 questions
2026-05-06 04:49:27,115 | INFO    |   Page 63: 0 questions
2026-05-06 04:49:32,066 | INFO    |   Page 64: 0 questions
2026-05-06 04:49:36,441 | INFO    |   Page 65: 0 questions
2026-05-06 04:49:36,474 | INFO    | 💾 Saved at page 65 (0 questions)
2026-05-06 04:49:40,914 | INFO    |   Page 66: 0 questions
2026-05-06 04:49:45,279 | INFO    |   Page 67: 0 questions
2026-05-06 04:49:49,688 | INFO    |   Page 68: 0 questions
2026-05-06 04:49:54,025 | INFO    |   Page 69: 0 questions
2026-05-06 04:49:58,346 | INFO    |   Page 70: 0 questions
2026-05-06 04:49:58,379 | INFO    | 💾 Saved at page 70 (0 questions)
2026-05-06 04:50:03,062 | INFO    |   Page 71: 0 questions
2026-05-06 04:50:07,364 | INFO    |   Page 72: 0 questions
2026-05-06 04:50:11,721 | INFO    |   Page 73: 0 questions
2026-05-06 04:50:15,995 | INFO    |   Page 74: 0 questions
2026-05-06 04:50:21,203 | INFO    |   Page 75: 0 questions
2026-05-06 04:50:21,440 | INFO    | 💾 Saved at page 75 (0 questions)
2026-05-06 04:50:27,380 | INFO    |   Page 76: 0 questions
2026-05-06 04:50:31,697 | INFO    |   Page 77: 0 questions
2026-05-06 04:50:35,988 | INFO    |   Page 78: 0 questions
2026-05-06 04:50:40,269 | INFO    |   Page 79: 0 questions
2026-05-06 04:50:44,643 | INFO    |   Page 80: 0 questions
2026-05-06 04:50:44,674 | INFO    | 💾 Saved at page 80 (0 questions)
2026-05-06 04:50:49,090 | INFO    |   Page 81: 0 questions
2026-05-06 04:50:53,495 | INFO    |   Page 82: 0 questions
2026-05-06 04:50:57,378 | INFO    |   Page 83: 0 questions
2026-05-06 04:51:01,789 | INFO    |   Page 84: 0 questions
2026-05-06 04:51:06,241 | INFO    |   Page 85: 0 questions
2026-05-06 04:51:06,271 | INFO    | 💾 Saved at page 85 (0 questions)
2026-05-06 04:51:11,816 | INFO    |   Page 86: 0 questions
2026-05-06 04:51:17,043 | INFO    |   Page 87: 0 questions
2026-05-06 04:51:22,306 | INFO    |   Page 88: 0 questions
2026-05-06 04:51:26,746 | INFO    |   Page 89: 0 questions
2026-05-06 04:51:30,962 | INFO    |   Page 90: 0 questions
2026-05-06 04:51:30,992 | INFO    | 💾 Saved at page 90 (0 questions)
2026-05-06 04:51:35,727 | INFO    |   Page 91: 0 questions
2026-05-06 04:51:40,040 | INFO    |   Page 92: 0 questions
2026-05-06 04:51:44,277 | INFO    |   Page 93: 0 questions
2026-05-06 04:51:48,341 | INFO    |   Page 94: 0 questions
2026-05-06 04:51:52,293 | INFO    |   Page 95: 0 questions
2026-05-06 04:51:52,320 | INFO    | 💾 Saved at page 95 (0 questions)
2026-05-06 04:51:56,703 | INFO    |   Page 96: 0 questions
2026-05-06 04:52:00,913 | INFO    |   Page 97: 0 questions
2026-05-06 04:52:05,208 | INFO    |   Page 98: 0 questions
2026-05-06 04:52:09,564 | INFO    |   Page 99: 0 questions
2026-05-06 04:52:13,871 | INFO    |   Page 100: 0 questions
2026-05-06 04:52:13,901 | INFO    | 💾 Saved at page 100 (0 questions)
2026-05-06 04:52:16,451 | INFO    | ✅ History: 0 questions saved.

2026-05-06 04:52:16,462 | INFO    | 
=======================================================
2026-05-06 04:52:16,462 | INFO    |   Scraping: Civic Education
2026-05-06 04:52:16,470 | INFO    | =======================================================
2026-05-06 04:52:46,915 | INFO    | Total pages: 120
2026-05-06 04:52:50,355 | INFO    |   Page 1: 5 questions
2026-05-06 04:52:55,147 | INFO    |   Page 2: 5 questions
2026-05-06 04:52:59,993 | INFO    |   Page 3: 5 questions
2026-05-06 04:53:04,510 | INFO    |   Page 4: 5 questions
2026-05-06 04:53:09,229 | INFO    |   Page 5: 5 questions
2026-05-06 04:53:09,355 | INFO    | 💾 Saved at page 5 (25 questions)
2026-05-06 04:53:18,014 | INFO    |   Page 6: 5 questions
2026-05-06 04:53:22,446 | INFO    |   Page 7: 5 questions
2026-05-06 04:53:30,130 | INFO    |   Page 8: 5 questions
2026-05-06 04:53:36,443 | INFO    |   Page 9: 5 questions
2026-05-06 04:53:41,031 | INFO    |   Page 10: 5 questions
2026-05-06 04:53:41,091 | INFO    | 💾 Saved at page 10 (50 questions)
2026-05-06 04:53:46,497 | INFO    |   Page 11: 5 questions
2026-05-06 04:53:53,177 | INFO    |   Page 12: 5 questions
2026-05-06 04:53:58,512 | INFO    |   Page 13: 5 questions
2026-05-06 04:54:07,139 | INFO    |   Page 14: 5 questions
2026-05-06 04:54:14,334 | INFO    |   Page 15: 5 questions
2026-05-06 04:54:15,392 | INFO    | 💾 Saved at page 15 (75 questions)
2026-05-06 04:54:27,034 | INFO    |   Page 16: 5 questions
2026-05-06 04:54:31,820 | INFO    |   Page 17: 5 questions
2026-05-06 04:54:35,875 | INFO    |   Page 18: 5 questions
2026-05-06 04:54:41,103 | INFO    |   Page 19: 5 questions
2026-05-06 04:54:45,781 | INFO    |   Page 20: 5 questions
2026-05-06 04:54:45,921 | INFO    | 💾 Saved at page 20 (100 questions)
2026-05-06 04:54:50,303 | INFO    |   Page 21: 5 questions
2026-05-06 04:54:54,701 | INFO    |   Page 22: 5 questions
2026-05-06 04:54:59,113 | INFO    |   Page 23: 4 questions
2026-05-06 04:55:03,431 | INFO    |   Page 24: 5 questions
2026-05-06 04:55:07,756 | INFO    |   Page 25: 4 questions
2026-05-06 04:55:07,918 | INFO    | 💾 Saved at page 25 (123 questions)
2026-05-06 04:55:12,796 | INFO    |   Page 26: 5 questions
2026-05-06 04:55:17,153 | INFO    |   Page 27: 5 questions
2026-05-06 04:55:21,650 | INFO    |   Page 28: 5 questions
2026-05-06 04:55:26,318 | INFO    |   Page 29: 5 questions
2026-05-06 04:55:30,850 | INFO    |   Page 30: 5 questions
2026-05-06 04:55:31,426 | INFO    | 💾 Saved at page 30 (148 questions)
2026-05-06 04:55:40,934 | INFO    |   Page 31: 5 questions
2026-05-06 04:55:48,737 | INFO    |   Page 32: 4 questions
2026-05-06 04:55:56,782 | INFO    |   Page 33: 5 questions
2026-05-06 04:56:04,865 | INFO    |   Page 34: 5 questions
2026-05-06 04:56:14,319 | INFO    |   Page 35: 5 questions
2026-05-06 04:56:16,344 | INFO    | 💾 Saved at page 35 (172 questions)
2026-05-06 04:56:24,241 | INFO    |   Page 36: 5 questions
2026-05-06 04:56:31,005 | INFO    |   Page 37: 5 questions
2026-05-06 04:56:35,711 | INFO    |   Page 38: 5 questions
2026-05-06 04:56:40,150 | INFO    |   Page 39: 5 questions
2026-05-06 04:56:46,128 | INFO    |   Page 40: 5 questions
2026-05-06 04:56:46,738 | INFO    | 💾 Saved at page 40 (197 questions)
2026-05-06 04:56:51,495 | INFO    |   Page 41: 5 questions
2026-05-06 04:56:56,231 | INFO    |   Page 42: 5 questions
2026-05-06 04:57:00,458 | INFO    |   Page 43: 5 questions
2026-05-06 04:57:04,855 | INFO    |   Page 44: 5 questions
2026-05-06 04:57:09,127 | INFO    |   Page 45: 5 questions
2026-05-06 04:57:09,344 | INFO    | 💾 Saved at page 45 (222 questions)
2026-05-06 04:57:14,403 | INFO    |   Page 46: 5 questions
2026-05-06 04:57:18,683 | INFO    |   Page 47: 5 questions
2026-05-06 04:57:23,043 | INFO    |   Page 48: 5 questions
2026-05-06 04:57:27,129 | INFO    |   Page 49: 5 questions
2026-05-06 04:57:32,249 | INFO    |   Page 50: 5 questions
2026-05-06 04:57:34,545 | INFO    | 💾 Saved at page 50 (247 questions)
2026-05-06 04:57:43,739 | INFO    |   Page 51: 5 questions
2026-05-06 04:57:56,342 | INFO    |   Page 52: 5 questions
2026-05-06 04:58:07,626 | INFO    |   Page 53: 5 questions
2026-05-06 04:58:14,472 | INFO    |   Page 54: 5 questions
2026-05-06 04:58:19,890 | INFO    |   Page 55: 4 questions
2026-05-06 04:58:20,049 | INFO    | 💾 Saved at page 55 (271 questions)
2026-05-06 04:58:24,576 | INFO    |   Page 56: 5 questions
2026-05-06 04:58:28,964 | INFO    |   Page 57: 5 questions
2026-05-06 04:58:33,374 | INFO    |   Page 58: 5 questions
2026-05-06 04:58:37,546 | INFO    |   Page 59: 5 questions
2026-05-06 04:58:41,988 | INFO    |   Page 60: 5 questions
2026-05-06 04:58:42,284 | INFO    | 💾 Saved at page 60 (296 questions)
2026-05-06 04:58:46,676 | INFO    |   Page 61: 5 questions
2026-05-06 04:58:51,006 | INFO    |   Page 62: 5 questions
2026-05-06 04:58:55,416 | INFO    |   Page 63: 5 questions
2026-05-06 04:59:00,121 | INFO    |   Page 64: 5 questions
2026-05-06 04:59:04,554 | INFO    |   Page 65: 5 questions
2026-05-06 04:59:04,814 | INFO    | 💾 Saved at page 65 (320 questions)
2026-05-06 04:59:09,280 | INFO    |   Page 66: 5 questions
2026-05-06 04:59:13,827 | INFO    |   Page 67: 5 questions
2026-05-06 04:59:18,425 | INFO    |   Page 68: 4 questions
2026-05-06 04:59:22,851 | INFO    |   Page 69: 5 questions
2026-05-06 04:59:27,317 | INFO    |   Page 70: 5 questions
2026-05-06 04:59:27,615 | INFO    | 💾 Saved at page 70 (343 questions)
2026-05-06 04:59:31,990 | INFO    |   Page 71: 5 questions
2026-05-06 04:59:36,270 | INFO    |   Page 72: 5 questions
2026-05-06 04:59:40,542 | INFO    |   Page 73: 5 questions
2026-05-06 04:59:44,823 | INFO    |   Page 74: 5 questions
2026-05-06 04:59:52,183 | INFO    |   Page 75: 5 questions
2026-05-06 04:59:56,352 | INFO    | 💾 Saved at page 75 (368 questions)
2026-05-06 05:00:05,536 | INFO    |   Page 76: 5 questions
2026-05-06 05:00:10,721 | INFO    |   Page 77: 5 questions
2026-05-06 05:00:14,646 | INFO    |   Page 78: 5 questions
2026-05-06 05:00:18,889 | INFO    |   Page 79: 5 questions
2026-05-06 05:00:23,295 | INFO    |   Page 80: 5 questions
2026-05-06 05:00:23,592 | INFO    | 💾 Saved at page 80 (392 questions)
2026-05-06 05:00:28,721 | INFO    |   Page 81: 5 questions
2026-05-06 05:00:33,035 | INFO    |   Page 82: 5 questions
2026-05-06 05:00:38,425 | INFO    |   Page 83: 5 questions
2026-05-06 05:00:43,802 | INFO    |   Page 84: 5 questions
2026-05-06 05:00:50,937 | INFO    |   Page 85: 5 questions
2026-05-06 05:00:51,586 | INFO    | 💾 Saved at page 85 (417 questions)
2026-05-06 05:00:56,085 | INFO    |   Page 86: 5 questions
2026-05-06 05:01:00,510 | INFO    |   Page 87: 5 questions
2026-05-06 05:01:04,734 | INFO    |   Page 88: 5 questions
2026-05-06 05:01:09,083 | INFO    |   Page 89: 5 questions
2026-05-06 05:01:13,494 | INFO    |   Page 90: 5 questions
2026-05-06 05:01:13,775 | INFO    | 💾 Saved at page 90 (441 questions)
2026-05-06 05:01:18,120 | INFO    |   Page 91: 5 questions
2026-05-06 05:01:22,472 | INFO    |   Page 92: 5 questions
2026-05-06 05:01:26,925 | INFO    |   Page 93: 5 questions
2026-05-06 05:01:31,479 | INFO    |   Page 94: 5 questions
2026-05-06 05:01:36,082 | INFO    |   Page 95: 5 questions
2026-05-06 05:01:36,330 | INFO    | 💾 Saved at page 95 (465 questions)
2026-05-06 05:01:40,725 | INFO    |   Page 96: 5 questions
2026-05-06 05:01:45,096 | INFO    |   Page 97: 5 questions
2026-05-06 05:01:50,199 | INFO    |   Page 98: 5 questions
2026-05-06 05:01:58,045 | INFO    |   Page 99: 5 questions
2026-05-06 05:02:06,168 | INFO    |   Page 100: 5 questions
2026-05-06 05:02:06,396 | INFO    | 💾 Saved at page 100 (490 questions)
2026-05-06 05:02:10,722 | INFO    |   Page 101: 5 questions
2026-05-06 05:02:15,063 | INFO    |   Page 102: 5 questions
2026-05-06 05:02:19,398 | INFO    |   Page 103: 5 questions
2026-05-06 05:02:23,544 | INFO    |   Page 104: 5 questions
2026-05-06 05:02:27,920 | INFO    |   Page 105: 5 questions
2026-05-06 05:02:28,232 | INFO    | 💾 Saved at page 105 (515 questions)
2026-05-06 05:02:32,517 | INFO    |   Page 106: 5 questions
2026-05-06 05:02:36,816 | INFO    |   Page 107: 5 questions
2026-05-06 05:02:41,200 | INFO    |   Page 108: 5 questions
2026-05-06 05:02:45,380 | INFO    |   Page 109: 5 questions
2026-05-06 05:02:49,996 | INFO    |   Page 110: 5 questions
2026-05-06 05:02:50,389 | INFO    | 💾 Saved at page 110 (540 questions)
2026-05-06 05:02:55,809 | INFO    |   Page 111: 5 questions
2026-05-06 05:03:00,302 | INFO    |   Page 112: 5 questions
2026-05-06 05:03:04,550 | INFO    |   Page 113: 5 questions
2026-05-06 05:03:08,924 | INFO    |   Page 114: 5 questions
2026-05-06 05:03:13,319 | INFO    |   Page 115: 5 questions
2026-05-06 05:03:13,698 | INFO    | 💾 Saved at page 115 (563 questions)
2026-05-06 05:03:18,135 | INFO    |   Page 116: 4 questions
2026-05-06 05:03:22,748 | INFO    |   Page 117: 5 questions
2026-05-06 05:03:27,156 | INFO    |   Page 118: 5 questions
2026-05-06 05:03:31,289 | INFO    |   Page 119: 5 questions
2026-05-06 05:03:35,635 | INFO    |   Page 120: 1 questions
2026-05-06 05:03:36,006 | INFO    | 💾 Saved at page 120 (577 questions)
2026-05-06 05:03:38,440 | INFO    | ✅ Civic Education: 577 questions saved.

2026-05-06 05:03:38,451 | INFO    | 
=======================================================
2026-05-06 05:03:38,451 | INFO    |   Scraping: Christian Religious Studies
2026-05-06 05:03:38,459 | INFO    | =======================================================
2026-05-06 05:04:05,115 | INFO    | Total pages: 100
2026-05-06 05:04:10,206 | INFO    |   Page 1: 0 questions
2026-05-06 05:04:16,418 | INFO    |   Page 2: 0 questions
2026-05-06 05:04:22,400 | INFO    |   Page 3: 0 questions
2026-05-06 05:04:28,358 | INFO    |   Page 4: 0 questions
2026-05-06 05:04:34,030 | INFO    |   Page 5: 0 questions
2026-05-06 05:04:34,064 | INFO    | 💾 Saved at page 5 (0 questions)
2026-05-06 05:04:39,831 | INFO    |   Page 6: 0 questions
2026-05-06 05:04:45,877 | INFO    |   Page 7: 0 questions
2026-05-06 05:04:51,331 | INFO    |   Page 8: 0 questions
2026-05-06 05:04:57,267 | INFO    |   Page 9: 0 questions
2026-05-06 05:05:02,918 | INFO    |   Page 10: 0 questions
2026-05-06 05:05:03,030 | INFO    | 💾 Saved at page 10 (0 questions)
2026-05-06 05:05:08,799 | INFO    |   Page 11: 0 questions
2026-05-06 05:05:14,310 | INFO    |   Page 12: 0 questions
2026-05-06 05:05:19,953 | INFO    |   Page 13: 0 questions
2026-05-06 05:05:25,634 | INFO    |   Page 14: 0 questions
2026-05-06 05:05:31,549 | INFO    |   Page 15: 0 questions
2026-05-06 05:05:31,596 | INFO    | 💾 Saved at page 15 (0 questions)
2026-05-06 05:05:37,507 | INFO    |   Page 16: 0 questions
2026-05-06 05:05:43,321 | INFO    |   Page 17: 0 questions
2026-05-06 05:05:49,230 | INFO    |   Page 18: 0 questions
2026-05-06 05:05:54,961 | INFO    |   Page 19: 0 questions
2026-05-06 05:06:00,676 | INFO    |   Page 20: 0 questions
2026-05-06 05:06:00,728 | INFO    | 💾 Saved at page 20 (0 questions)
2026-05-06 05:06:06,623 | INFO    |   Page 21: 0 questions
2026-05-06 05:06:12,480 | INFO    |   Page 22: 0 questions
2026-05-06 05:06:18,142 | INFO    |   Page 23: 0 questions
2026-05-06 05:06:23,759 | INFO    |   Page 24: 0 questions
2026-05-06 05:06:29,601 | INFO    |   Page 25: 0 questions
2026-05-06 05:06:29,663 | INFO    | 💾 Saved at page 25 (0 questions)
2026-05-06 05:06:35,585 | INFO    |   Page 26: 0 questions
2026-05-06 05:06:41,579 | INFO    |   Page 27: 0 questions
2026-05-06 05:06:48,366 | INFO    |   Page 28: 0 questions
2026-05-06 05:06:54,203 | INFO    |   Page 29: 0 questions
2026-05-06 05:07:00,100 | INFO    |   Page 30: 0 questions
2026-05-06 05:07:01,107 | INFO    | 💾 Saved at page 30 (0 questions)
2026-05-06 05:07:07,378 | INFO    |   Page 31: 0 questions
2026-05-06 05:07:13,264 | INFO    |   Page 32: 0 questions
2026-05-06 05:07:18,956 | INFO    |   Page 33: 0 questions
2026-05-06 05:07:24,942 | INFO    |   Page 34: 0 questions
2026-05-06 05:07:30,799 | INFO    |   Page 35: 0 questions
2026-05-06 05:07:30,863 | INFO    | 💾 Saved at page 35 (0 questions)
2026-05-06 05:07:36,766 | INFO    |   Page 36: 0 questions
2026-05-06 05:07:42,566 | INFO    |   Page 37: 0 questions
2026-05-06 05:07:48,385 | INFO    |   Page 38: 0 questions
2026-05-06 05:07:53,999 | INFO    |   Page 39: 0 questions
2026-05-06 05:07:59,731 | INFO    |   Page 40: 0 questions
2026-05-06 05:08:01,414 | INFO    | 💾 Saved at page 40 (0 questions)
2026-05-06 05:08:07,337 | INFO    |   Page 41: 0 questions
2026-05-06 05:08:13,415 | INFO    |   Page 42: 0 questions
2026-05-06 05:08:19,001 | INFO    |   Page 43: 0 questions
2026-05-06 05:08:24,648 | INFO    |   Page 44: 0 questions
2026-05-06 05:08:30,617 | INFO    |   Page 45: 0 questions
2026-05-06 05:08:30,658 | INFO    | 💾 Saved at page 45 (0 questions)
2026-05-06 05:08:36,493 | INFO    |   Page 46: 0 questions
2026-05-06 05:08:42,610 | INFO    |   Page 47: 0 questions
2026-05-06 05:08:48,744 | INFO    |   Page 48: 0 questions
2026-05-06 05:08:54,577 | INFO    |   Page 49: 0 questions
2026-05-06 05:09:00,962 | INFO    |   Page 50: 0 questions
2026-05-06 05:09:00,994 | INFO    | 💾 Saved at page 50 (0 questions)
2026-05-06 05:09:06,777 | INFO    |   Page 51: 0 questions
2026-05-06 05:09:12,999 | INFO    |   Page 52: 0 questions
2026-05-06 05:09:18,781 | INFO    |   Page 53: 0 questions
2026-05-06 05:09:24,796 | INFO    |   Page 54: 0 questions
2026-05-06 05:09:31,320 | INFO    |   Page 55: 0 questions
2026-05-06 05:09:31,423 | INFO    | 💾 Saved at page 55 (0 questions)
2026-05-06 05:09:37,467 | INFO    |   Page 56: 0 questions
2026-05-06 05:09:42,981 | INFO    |   Page 57: 0 questions
2026-05-06 05:09:48,723 | INFO    |   Page 58: 0 questions
2026-05-06 05:09:54,524 | INFO    |   Page 59: 0 questions
2026-05-06 05:10:00,441 | INFO    |   Page 60: 0 questions
2026-05-06 05:10:00,475 | INFO    | 💾 Saved at page 60 (0 questions)
2026-05-06 05:10:06,517 | INFO    |   Page 61: 0 questions
2026-05-06 05:10:12,270 | INFO    |   Page 62: 0 questions
2026-05-06 05:10:17,897 | INFO    |   Page 63: 0 questions
2026-05-06 05:10:23,344 | INFO    |   Page 64: 0 questions
2026-05-06 05:10:28,776 | INFO    |   Page 65: 0 questions
2026-05-06 05:10:28,808 | INFO    | 💾 Saved at page 65 (0 questions)
2026-05-06 05:10:34,524 | INFO    |   Page 66: 0 questions
2026-05-06 05:10:40,478 | INFO    |   Page 67: 0 questions
2026-05-06 05:10:46,242 | INFO    |   Page 68: 0 questions
2026-05-06 05:10:51,867 | INFO    |   Page 69: 0 questions
2026-05-06 05:10:57,678 | INFO    |   Page 70: 0 questions
2026-05-06 05:10:57,726 | INFO    | 💾 Saved at page 70 (0 questions)
2026-05-06 05:11:03,926 | INFO    |   Page 71: 0 questions
2026-05-06 05:11:09,560 | INFO    |   Page 72: 0 questions
2026-05-06 05:11:15,515 | INFO    |   Page 73: 0 questions
2026-05-06 05:11:21,954 | INFO    |   Page 74: 0 questions
2026-05-06 05:11:27,946 | INFO    |   Page 75: 0 questions
2026-05-06 05:11:27,986 | INFO    | 💾 Saved at page 75 (0 questions)
2026-05-06 05:11:33,640 | INFO    |   Page 76: 0 questions
2026-05-06 05:11:39,418 | INFO    |   Page 77: 0 questions
2026-05-06 05:11:45,173 | INFO    |   Page 78: 0 questions
2026-05-06 05:11:50,720 | INFO    |   Page 79: 0 questions
2026-05-06 05:11:56,480 | INFO    |   Page 80: 0 questions
2026-05-06 05:11:56,521 | INFO    | 💾 Saved at page 80 (0 questions)
2026-05-06 05:12:02,046 | INFO    |   Page 81: 0 questions
2026-05-06 05:12:07,692 | INFO    |   Page 82: 0 questions
2026-05-06 05:12:13,305 | INFO    |   Page 83: 0 questions
2026-05-06 05:12:19,204 | INFO    |   Page 84: 0 questions
2026-05-06 05:12:25,160 | INFO    |   Page 85: 0 questions
2026-05-06 05:12:25,196 | INFO    | 💾 Saved at page 85 (0 questions)
2026-05-06 05:12:30,799 | INFO    |   Page 86: 0 questions
2026-05-06 05:12:36,363 | INFO    |   Page 87: 0 questions
2026-05-06 05:12:41,886 | INFO    |   Page 88: 0 questions
2026-05-06 05:12:47,743 | INFO    |   Page 89: 0 questions
2026-05-06 05:12:53,292 | INFO    |   Page 90: 0 questions
2026-05-06 05:12:53,397 | INFO    | 💾 Saved at page 90 (0 questions)
2026-05-06 05:12:59,009 | INFO    |   Page 91: 0 questions
2026-05-06 05:13:05,048 | INFO    |   Page 92: 0 questions
2026-05-06 05:13:10,954 | INFO    |   Page 93: 0 questions
2026-05-06 05:13:16,747 | INFO    |   Page 94: 0 questions
2026-05-06 05:13:22,246 | INFO    |   Page 95: 0 questions
2026-05-06 05:13:22,323 | INFO    | 💾 Saved at page 95 (0 questions)
2026-05-06 05:13:28,525 | INFO    |   Page 96: 0 questions
2026-05-06 05:13:34,356 | INFO    |   Page 97: 0 questions
2026-05-06 05:13:39,967 | INFO    |   Page 98: 0 questions
2026-05-06 05:13:45,863 | INFO    |   Page 99: 0 questions
2026-05-06 05:13:51,956 | INFO    |   Page 100: 0 questions
2026-05-06 05:13:51,995 | INFO    | 💾 Saved at page 100 (0 questions)
2026-05-06 05:13:54,340 | INFO    | ✅ Christian Religious Studies: 0 questions saved.

2026-05-06 05:13:54,348 | INFO    | 
=======================================================
2026-05-06 05:13:54,351 | INFO    |   Scraping: Islamic Religious Studies
2026-05-06 05:13:54,351 | INFO    | =======================================================
2026-05-06 05:14:21,686 | INFO    | Total pages: 100
2026-05-06 05:14:26,299 | INFO    |   Page 1: 0 questions
2026-05-06 05:14:31,983 | INFO    |   Page 2: 0 questions
2026-05-06 05:14:37,743 | INFO    |   Page 3: 0 questions
2026-05-06 05:14:43,489 | INFO    |   Page 4: 0 questions
2026-05-06 05:14:49,339 | INFO    |   Page 5: 0 questions
2026-05-06 05:14:49,395 | INFO    | 💾 Saved at page 5 (0 questions)
2026-05-06 05:14:55,200 | INFO    |   Page 6: 0 questions
2026-05-06 05:15:00,634 | INFO    |   Page 7: 0 questions
2026-05-06 05:15:06,081 | INFO    |   Page 8: 0 questions
2026-05-06 05:15:11,629 | INFO    |   Page 9: 0 questions
2026-05-06 05:15:17,462 | INFO    |   Page 10: 0 questions
2026-05-06 05:15:17,504 | INFO    | 💾 Saved at page 10 (0 questions)
2026-05-06 05:15:23,112 | INFO    |   Page 11: 0 questions
2026-05-06 05:15:28,632 | INFO    |   Page 12: 0 questions
2026-05-06 05:15:34,353 | INFO    |   Page 13: 0 questions
2026-05-06 05:15:40,039 | INFO    |   Page 14: 0 questions
2026-05-06 05:15:45,982 | INFO    |   Page 15: 0 questions
2026-05-06 05:15:46,018 | INFO    | 💾 Saved at page 15 (0 questions)
2026-05-06 05:15:51,571 | INFO    |   Page 16: 0 questions
2026-05-06 05:15:56,929 | INFO    |   Page 17: 0 questions
2026-05-06 05:16:02,572 | INFO    |   Page 18: 0 questions
2026-05-06 05:16:08,282 | INFO    |   Page 19: 0 questions
2026-05-06 05:16:14,020 | INFO    |   Page 20: 0 questions
2026-05-06 05:16:14,065 | INFO    | 💾 Saved at page 20 (0 questions)
2026-05-06 05:16:19,858 | INFO    |   Page 21: 0 questions
2026-05-06 05:16:25,507 | INFO    |   Page 22: 0 questions
2026-05-06 05:16:31,323 | INFO    |   Page 23: 0 questions
2026-05-06 05:16:36,902 | INFO    |   Page 24: 0 questions
2026-05-06 05:16:42,488 | INFO    |   Page 25: 0 questions
2026-05-06 05:16:42,548 | INFO    | 💾 Saved at page 25 (0 questions)
2026-05-06 05:16:47,960 | INFO    |   Page 26: 0 questions
2026-05-06 05:16:53,411 | INFO    |   Page 27: 0 questions
2026-05-06 05:16:59,025 | INFO    |   Page 28: 0 questions
2026-05-06 05:17:04,309 | INFO    |   Page 29: 0 questions
2026-05-06 05:17:10,054 | INFO    |   Page 30: 0 questions
2026-05-06 05:17:10,084 | INFO    | 💾 Saved at page 30 (0 questions)
2026-05-06 05:17:15,669 | INFO    |   Page 31: 0 questions
2026-05-06 05:17:21,623 | INFO    |   Page 32: 0 questions
2026-05-06 05:17:27,000 | INFO    |   Page 33: 0 questions
2026-05-06 05:17:32,679 | INFO    |   Page 34: 0 questions
2026-05-06 05:17:38,448 | INFO    |   Page 35: 0 questions
2026-05-06 05:17:38,491 | INFO    | 💾 Saved at page 35 (0 questions)
2026-05-06 05:17:44,122 | INFO    |   Page 36: 0 questions
2026-05-06 05:17:49,904 | INFO    |   Page 37: 0 questions
2026-05-06 05:17:55,750 | INFO    |   Page 38: 0 questions
2026-05-06 05:18:01,624 | INFO    |   Page 39: 0 questions
2026-05-06 05:18:07,445 | INFO    |   Page 40: 0 questions
2026-05-06 05:18:07,487 | INFO    | 💾 Saved at page 40 (0 questions)
2026-05-06 05:18:13,240 | INFO    |   Page 41: 0 questions
2026-05-06 05:18:18,935 | INFO    |   Page 42: 0 questions
2026-05-06 05:18:24,710 | INFO    |   Page 43: 0 questions
2026-05-06 05:18:30,322 | INFO    |   Page 44: 0 questions
2026-05-06 05:18:36,133 | INFO    |   Page 45: 0 questions
2026-05-06 05:18:36,189 | INFO    | 💾 Saved at page 45 (0 questions)
2026-05-06 05:18:41,684 | INFO    |   Page 46: 0 questions
2026-05-06 05:18:47,217 | INFO    |   Page 47: 0 questions
2026-05-06 05:18:53,125 | INFO    |   Page 48: 0 questions
2026-05-06 05:18:58,840 | INFO    |   Page 49: 0 questions
2026-05-06 05:19:04,434 | INFO    |   Page 50: 0 questions
2026-05-06 05:19:04,493 | INFO    | 💾 Saved at page 50 (0 questions)
2026-05-06 05:19:10,455 | INFO    |   Page 51: 0 questions
2026-05-06 05:19:16,007 | INFO    |   Page 52: 0 questions
2026-05-06 05:19:21,391 | INFO    |   Page 53: 0 questions
2026-05-06 05:19:26,753 | INFO    |   Page 54: 0 questions
2026-05-06 05:19:32,315 | INFO    |   Page 55: 0 questions
2026-05-06 05:19:32,371 | INFO    | 💾 Saved at page 55 (0 questions)
2026-05-06 05:19:37,823 | INFO    |   Page 56: 0 questions
2026-05-06 05:19:43,576 | INFO    |   Page 57: 0 questions
2026-05-06 05:19:49,217 | INFO    |   Page 58: 0 questions
2026-05-06 05:19:54,653 | INFO    |   Page 59: 0 questions
2026-05-06 05:20:00,084 | INFO    |   Page 60: 0 questions
2026-05-06 05:20:00,144 | INFO    | 💾 Saved at page 60 (0 questions)
2026-05-06 05:20:05,898 | INFO    |   Page 61: 0 questions
2026-05-06 05:20:11,686 | INFO    |   Page 62: 0 questions
2026-05-06 05:20:17,386 | INFO    |   Page 63: 0 questions
2026-05-06 05:20:22,850 | INFO    |   Page 64: 0 questions
2026-05-06 05:20:28,359 | INFO    |   Page 65: 0 questions
2026-05-06 05:20:28,375 | INFO    | 💾 Saved at page 65 (0 questions)
2026-05-06 05:20:33,882 | INFO    |   Page 66: 0 questions
2026-05-06 05:20:39,651 | INFO    |   Page 67: 0 questions
2026-05-06 05:20:45,493 | INFO    |   Page 68: 0 questions
2026-05-06 05:20:50,936 | INFO    |   Page 69: 0 questions
2026-05-06 05:20:56,663 | INFO    |   Page 70: 0 questions
2026-05-06 05:20:56,699 | INFO    | 💾 Saved at page 70 (0 questions)
2026-05-06 05:21:02,176 | INFO    |   Page 71: 0 questions
2026-05-06 05:21:07,800 | INFO    |   Page 72: 0 questions
2026-05-06 05:21:13,253 | INFO    |   Page 73: 0 questions
2026-05-06 05:21:18,625 | INFO    |   Page 74: 0 questions
2026-05-06 05:21:24,176 | INFO    |   Page 75: 0 questions
2026-05-06 05:21:24,206 | INFO    | 💾 Saved at page 75 (0 questions)
2026-05-06 05:21:29,840 | INFO    |   Page 76: 0 questions
2026-05-06 05:21:35,527 | INFO    |   Page 77: 0 questions
2026-05-06 05:21:41,237 | INFO    |   Page 78: 0 questions
2026-05-06 05:21:47,136 | INFO    |   Page 79: 0 questions
2026-05-06 05:21:53,039 | INFO    |   Page 80: 0 questions
2026-05-06 05:21:53,075 | INFO    | 💾 Saved at page 80 (0 questions)
2026-05-06 05:21:58,966 | INFO    |   Page 81: 0 questions
2026-05-06 05:22:04,430 | INFO    |   Page 82: 0 questions
2026-05-06 05:22:10,080 | INFO    |   Page 83: 0 questions
2026-05-06 05:22:15,538 | INFO    |   Page 84: 0 questions
2026-05-06 05:22:21,050 | INFO    |   Page 85: 0 questions
2026-05-06 05:22:21,113 | INFO    | 💾 Saved at page 85 (0 questions)
2026-05-06 05:22:26,895 | INFO    |   Page 86: 0 questions
2026-05-06 05:22:32,744 | INFO    |   Page 87: 0 questions
2026-05-06 05:22:38,246 | INFO    |   Page 88: 0 questions
2026-05-06 05:22:43,807 | INFO    |   Page 89: 0 questions
2026-05-06 05:22:51,206 | INFO    |   Page 90: 0 questions
2026-05-06 05:22:51,236 | INFO    | 💾 Saved at page 90 (0 questions)
2026-05-06 05:22:56,839 | INFO    |   Page 91: 0 questions
2026-05-06 05:23:02,607 | INFO    |   Page 92: 0 questions
2026-05-06 05:23:08,310 | INFO    |   Page 93: 0 questions
2026-05-06 05:23:14,200 | INFO    |   Page 94: 0 questions
2026-05-06 05:23:19,840 | INFO    |   Page 95: 0 questions
2026-05-06 05:23:19,872 | INFO    | 💾 Saved at page 95 (0 questions)
2026-05-06 05:23:25,456 | INFO    |   Page 96: 0 questions
2026-05-06 05:23:30,866 | INFO    |   Page 97: 0 questions
2026-05-06 05:23:36,488 | INFO    |   Page 98: 0 questions
2026-05-06 05:23:41,873 | INFO    |   Page 99: 0 questions
2026-05-06 05:23:47,346 | INFO    |   Page 100: 0 questions
2026-05-06 05:23:47,379 | INFO    | 💾 Saved at page 100 (0 questions)
2026-05-06 05:23:49,389 | INFO    | ✅ Islamic Religious Studies: 0 questions saved.

2026-05-06 05:23:49,400 | INFO    | 
=======================================================
2026-05-06 05:23:49,408 | INFO    |   Scraping: French
2026-05-06 05:23:49,423 | INFO    | =======================================================
2026-05-06 05:24:13,785 | INFO    | Total pages: 100
2026-05-06 05:24:17,385 | INFO    |   Page 1: 0 questions
2026-05-06 05:24:21,961 | INFO    |   Page 2: 0 questions
2026-05-06 05:24:25,985 | INFO    |   Page 3: 0 questions
2026-05-06 05:24:30,524 | INFO    |   Page 4: 0 questions
2026-05-06 05:24:34,858 | INFO    |   Page 5: 0 questions
2026-05-06 05:24:34,974 | INFO    | 💾 Saved at page 5 (0 questions)
2026-05-06 05:24:39,641 | INFO    |   Page 6: 0 questions
2026-05-06 05:24:43,909 | INFO    |   Page 7: 0 questions
2026-05-06 05:24:48,248 | INFO    |   Page 8: 0 questions
2026-05-06 05:24:52,597 | INFO    |   Page 9: 0 questions
2026-05-06 05:24:56,747 | INFO    |   Page 10: 0 questions
2026-05-06 05:24:56,781 | INFO    | 💾 Saved at page 10 (0 questions)
2026-05-06 05:25:01,050 | INFO    |   Page 11: 0 questions
2026-05-06 05:25:05,421 | INFO    |   Page 12: 0 questions
2026-05-06 05:25:09,622 | INFO    |   Page 13: 0 questions
2026-05-06 05:25:13,989 | INFO    |   Page 14: 0 questions
2026-05-06 05:25:18,255 | INFO    |   Page 15: 0 questions
2026-05-06 05:25:18,282 | INFO    | 💾 Saved at page 15 (0 questions)
2026-05-06 05:25:22,547 | INFO    |   Page 16: 0 questions
2026-05-06 05:25:27,041 | INFO    |   Page 17: 0 questions
2026-05-06 05:25:31,159 | INFO    |   Page 18: 0 questions
2026-05-06 05:25:34,999 | INFO    |   Page 19: 0 questions
2026-05-06 05:25:38,841 | INFO    |   Page 20: 0 questions
2026-05-06 05:25:38,908 | INFO    | 💾 Saved at page 20 (0 questions)
2026-05-06 05:25:43,237 | INFO    |   Page 21: 0 questions
2026-05-06 05:25:47,501 | INFO    |   Page 22: 0 questions
2026-05-06 05:25:51,353 | INFO    |   Page 23: 0 questions
2026-05-06 05:25:55,652 | INFO    |   Page 24: 0 questions
2026-05-06 05:25:59,948 | INFO    |   Page 25: 0 questions
2026-05-06 05:25:59,980 | INFO    | 💾 Saved at page 25 (0 questions)
2026-05-06 05:26:04,286 | INFO    |   Page 26: 0 questions
2026-05-06 05:26:08,546 | INFO    |   Page 27: 0 questions
2026-05-06 05:26:12,809 | INFO    |   Page 28: 0 questions
2026-05-06 05:26:17,117 | INFO    |   Page 29: 0 questions
2026-05-06 05:26:21,371 | INFO    |   Page 30: 0 questions
2026-05-06 05:26:21,412 | INFO    | 💾 Saved at page 30 (0 questions)
2026-05-06 05:26:26,106 | INFO    |   Page 31: 0 questions
2026-05-06 05:26:30,809 | INFO    |   Page 32: 0 questions
2026-05-06 05:26:35,179 | INFO    |   Page 33: 0 questions
2026-05-06 05:26:39,546 | INFO    |   Page 34: 0 questions
2026-05-06 05:26:43,367 | INFO    |   Page 35: 0 questions
2026-05-06 05:26:43,442 | INFO    | 💾 Saved at page 35 (0 questions)
2026-05-06 05:26:47,891 | INFO    |   Page 36: 0 questions
2026-05-06 05:26:52,222 | INFO    |   Page 37: 0 questions
2026-05-06 05:26:56,596 | INFO    |   Page 38: 0 questions
2026-05-06 05:27:00,954 | INFO    |   Page 39: 0 questions
2026-05-06 05:27:04,932 | INFO    |   Page 40: 0 questions
2026-05-06 05:27:04,962 | INFO    | 💾 Saved at page 40 (0 questions)
2026-05-06 05:27:09,359 | INFO    |   Page 41: 0 questions
2026-05-06 05:27:13,679 | INFO    |   Page 42: 0 questions
2026-05-06 05:27:17,971 | INFO    |   Page 43: 0 questions
2026-05-06 05:27:22,270 | INFO    |   Page 44: 0 questions
2026-05-06 05:27:26,530 | INFO    |   Page 45: 0 questions
2026-05-06 05:27:26,558 | INFO    | 💾 Saved at page 45 (0 questions)
2026-05-06 05:27:30,906 | INFO    |   Page 46: 0 questions
2026-05-06 05:27:35,095 | INFO    |   Page 47: 0 questions
2026-05-06 05:27:39,586 | INFO    |   Page 48: 0 questions
2026-05-06 05:27:43,843 | INFO    |   Page 49: 0 questions
2026-05-06 05:27:48,196 | INFO    |   Page 50: 0 questions
2026-05-06 05:27:48,225 | INFO    | 💾 Saved at page 50 (0 questions)
2026-05-06 05:27:52,452 | INFO    |   Page 51: 0 questions
2026-05-06 05:27:56,822 | INFO    |   Page 52: 0 questions
2026-05-06 05:28:01,100 | INFO    |   Page 53: 0 questions
2026-05-06 05:28:05,527 | INFO    |   Page 54: 0 questions
2026-05-06 05:28:09,759 | INFO    |   Page 55: 0 questions
2026-05-06 05:28:09,787 | INFO    | 💾 Saved at page 55 (0 questions)
2026-05-06 05:28:14,087 | INFO    |   Page 56: 0 questions
2026-05-06 05:28:18,291 | INFO    |   Page 57: 0 questions
2026-05-06 05:28:22,104 | INFO    |   Page 58: 0 questions
2026-05-06 05:28:26,468 | INFO    |   Page 59: 0 questions
2026-05-06 05:28:30,731 | INFO    |   Page 60: 0 questions
2026-05-06 05:28:30,763 | INFO    | 💾 Saved at page 60 (0 questions)
2026-05-06 05:28:35,068 | INFO    |   Page 61: 0 questions
2026-05-06 05:28:39,172 | INFO    |   Page 62: 0 questions
2026-05-06 05:28:43,545 | INFO    |   Page 63: 0 questions
2026-05-06 05:28:47,823 | INFO    |   Page 64: 0 questions
2026-05-06 05:28:52,035 | INFO    |   Page 65: 0 questions
2026-05-06 05:28:52,066 | INFO    | 💾 Saved at page 65 (0 questions)
2026-05-06 05:28:56,273 | INFO    |   Page 66: 0 questions
2026-05-06 05:29:00,564 | INFO    |   Page 67: 0 questions
2026-05-06 05:29:04,940 | INFO    |   Page 68: 0 questions
2026-05-06 05:29:09,308 | INFO    |   Page 69: 0 questions
2026-05-06 05:29:13,569 | INFO    |   Page 70: 0 questions
2026-05-06 05:29:13,598 | INFO    | 💾 Saved at page 70 (0 questions)
2026-05-06 05:29:18,008 | INFO    |   Page 71: 0 questions
2026-05-06 05:29:22,334 | INFO    |   Page 72: 0 questions
2026-05-06 05:29:28,144 | INFO    |   Page 73: 0 questions
2026-05-06 05:29:32,664 | INFO    |   Page 74: 0 questions
2026-05-06 05:29:37,330 | INFO    |   Page 75: 0 questions
2026-05-06 05:29:37,357 | INFO    | 💾 Saved at page 75 (0 questions)
2026-05-06 05:29:41,852 | INFO    |   Page 76: 0 questions
2026-05-06 05:29:46,075 | INFO    |   Page 77: 0 questions
2026-05-06 05:29:50,405 | INFO    |   Page 78: 0 questions
2026-05-06 05:29:54,200 | INFO    |   Page 79: 0 questions
2026-05-06 05:29:58,135 | INFO    |   Page 80: 0 questions
2026-05-06 05:29:58,175 | INFO    | 💾 Saved at page 80 (0 questions)
2026-05-06 05:30:02,560 | INFO    |   Page 81: 0 questions
2026-05-06 05:30:06,376 | INFO    |   Page 82: 0 questions
2026-05-06 05:30:10,635 | INFO    |   Page 83: 0 questions
2026-05-06 05:30:14,866 | INFO    |   Page 84: 0 questions
2026-05-06 05:30:19,146 | INFO    |   Page 85: 0 questions
2026-05-06 05:30:19,173 | INFO    | 💾 Saved at page 85 (0 questions)
2026-05-06 05:30:23,601 | INFO    |   Page 86: 0 questions
2026-05-06 05:30:27,834 | INFO    |   Page 87: 0 questions
2026-05-06 05:30:32,229 | INFO    |   Page 88: 0 questions
2026-05-06 05:30:36,274 | INFO    |   Page 89: 0 questions
2026-05-06 05:30:40,074 | INFO    |   Page 90: 0 questions
2026-05-06 05:30:40,102 | INFO    | 💾 Saved at page 90 (0 questions)
2026-05-06 05:30:44,457 | INFO    |   Page 91: 0 questions
2026-05-06 05:30:49,338 | INFO    |   Page 92: 0 questions
2026-05-06 05:30:53,527 | INFO    |   Page 93: 0 questions
2026-05-06 05:30:57,690 | INFO    |   Page 94: 0 questions
2026-05-06 05:31:01,937 | INFO    |   Page 95: 0 questions
2026-05-06 05:31:01,971 | INFO    | 💾 Saved at page 95 (0 questions)
2026-05-06 05:31:06,182 | INFO    |   Page 96: 0 questions
2026-05-06 05:31:10,357 | INFO    |   Page 97: 0 questions
2026-05-06 05:31:14,722 | INFO    |   Page 98: 0 questions
2026-05-06 05:31:19,066 | INFO    |   Page 99: 0 questions
2026-05-06 05:31:23,347 | INFO    |   Page 100: 0 questions
2026-05-06 05:31:23,381 | INFO    | 💾 Saved at page 100 (0 questions)
2026-05-06 05:31:24,926 | INFO    | ✅ French: 0 questions saved.

2026-05-06 05:31:24,934 | INFO    | 
=======================================================
2026-05-06 05:31:24,936 | INFO    |   Scraping: Arabic
2026-05-06 05:31:24,945 | INFO    | =======================================================
2026-05-06 05:31:48,809 | INFO    | Total pages: 100
2026-05-06 05:31:51,790 | INFO    |   Page 1: 0 questions
2026-05-06 05:31:56,588 | INFO    |   Page 2: 0 questions
2026-05-06 05:32:01,121 | INFO    |   Page 3: 0 questions
2026-05-06 05:32:05,536 | INFO    |   Page 4: 0 questions
2026-05-06 05:32:09,817 | INFO    |   Page 5: 0 questions
2026-05-06 05:32:09,855 | INFO    | 💾 Saved at page 5 (0 questions)
2026-05-06 05:32:14,745 | INFO    |   Page 6: 0 questions
2026-05-06 05:32:19,097 | INFO    |   Page 7: 0 questions
2026-05-06 05:32:23,357 | INFO    |   Page 8: 0 questions
2026-05-06 05:32:27,596 | INFO    |   Page 9: 0 questions
2026-05-06 05:32:31,616 | INFO    |   Page 10: 0 questions
2026-05-06 05:32:31,645 | INFO    | 💾 Saved at page 10 (0 questions)
2026-05-06 05:32:35,581 | INFO    |   Page 11: 0 questions
2026-05-06 05:32:39,829 | INFO    |   Page 12: 0 questions
2026-05-06 05:32:44,428 | INFO    |   Page 13: 0 questions
2026-05-06 05:32:48,719 | INFO    |   Page 14: 0 questions
2026-05-06 05:32:53,163 | INFO    |   Page 15: 0 questions
2026-05-06 05:32:53,231 | INFO    | 💾 Saved at page 15 (0 questions)
2026-05-06 05:32:57,621 | INFO    |   Page 16: 0 questions
2026-05-06 05:33:01,919 | INFO    |   Page 17: 0 questions
2026-05-06 05:33:06,158 | INFO    |   Page 18: 0 questions
2026-05-06 05:33:10,477 | INFO    |   Page 19: 0 questions
2026-05-06 05:33:14,672 | INFO    |   Page 20: 0 questions
2026-05-06 05:33:14,704 | INFO    | 💾 Saved at page 20 (0 questions)
2026-05-06 05:33:19,051 | INFO    |   Page 21: 0 questions
2026-05-06 05:33:23,390 | INFO    |   Page 22: 0 questions
2026-05-06 05:33:27,601 | INFO    |   Page 23: 0 questions
2026-05-06 05:33:32,121 | INFO    |   Page 24: 0 questions
2026-05-06 05:33:36,512 | INFO    |   Page 25: 0 questions
2026-05-06 05:33:36,620 | INFO    | 💾 Saved at page 25 (0 questions)
2026-05-06 05:33:40,963 | INFO    |   Page 26: 0 questions
2026-05-06 05:33:45,323 | INFO    |   Page 27: 0 questions
2026-05-06 05:33:49,655 | INFO    |   Page 28: 0 questions
2026-05-06 05:33:53,962 | INFO    |   Page 29: 0 questions
2026-05-06 05:33:58,342 | INFO    |   Page 30: 0 questions
2026-05-06 05:33:58,372 | INFO    | 💾 Saved at page 30 (0 questions)
2026-05-06 05:34:02,967 | INFO    |   Page 31: 0 questions
2026-05-06 05:34:07,288 | INFO    |   Page 32: 0 questions
2026-05-06 05:34:11,659 | INFO    |   Page 33: 0 questions
2026-05-06 05:34:16,551 | INFO    |   Page 34: 0 questions
2026-05-06 05:34:22,540 | INFO    |   Page 35: 0 questions
2026-05-06 05:34:22,614 | INFO    | 💾 Saved at page 35 (0 questions)
2026-05-06 05:34:24,577 | ERROR   | ✗ Page 36 failed: Page.goto: net::ERR_NETWORK_IO_SUSPENDED at https://myschool.ng/classroom/arabic?exam_type=waec&type=obj&page=36
Call log:
  - navigating to "https://myschool.ng/classroom/arabic?exam_type=waec&type=obj&page=36", waiting until "domcontentloaded"

2026-05-06 06:06:45,501 | ERROR   | ✗ Page 37 failed: Page.goto: Navigation to "https://myschool.ng/classroom/arabic?exam_type=waec&type=obj&page=37" is interrupted by another navigation to "chrome-error://chromewebdata/"
Call log:
  - navigating to "https://myschool.ng/classroom/arabic?exam_type=waec&type=obj&page=37", waiting until "domcontentloaded"

2026-05-06 06:06:49,126 | ERROR   | ✗ Page 38 failed: Page.goto: Navigation to "https://myschool.ng/classroom/arabic?exam_type=waec&type=obj&page=38" is interrupted by another navigation to "https://myschool.ng/classroom/arabic?exam_type=waec&type=obj&page=37"
Call log:
  - navigating to "https://myschool.ng/classroom/arabic?exam_type=waec&type=obj&page=38", waiting until "domcontentloaded"

2026-05-06 06:06:58,823 | INFO    |   Page 39: 0 questions
2026-05-06 06:07:04,532 | INFO    |   Page 40: 0 questions
2026-05-06 06:07:04,786 | INFO    | 💾 Saved at page 40 (0 questions)
2026-05-06 06:07:09,604 | INFO    |   Page 41: 0 questions
2026-05-06 06:07:14,253 | INFO    |   Page 42: 0 questions
2026-05-06 06:07:18,411 | INFO    |   Page 43: 0 questions
2026-05-06 06:07:23,230 | INFO    |   Page 44: 0 questions
2026-05-06 06:07:27,780 | INFO    |   Page 45: 0 questions
2026-05-06 06:07:27,821 | INFO    | 💾 Saved at page 45 (0 questions)
2026-05-06 06:07:32,193 | INFO    |   Page 46: 0 questions
2026-05-06 06:07:36,750 | INFO    |   Page 47: 0 questions
2026-05-06 06:07:38,655 | ERROR   | ✗ Page 48 failed: Page.goto: net::ERR_SSL_BAD_RECORD_MAC_ALERT at https://myschool.ng/classroom/arabic?exam_type=waec&type=obj&page=48
Call log:
  - navigating to "https://myschool.ng/classroom/arabic?exam_type=waec&type=obj&page=48", waiting until "domcontentloaded"

2026-05-06 06:07:47,205 | INFO    |   Page 49: 0 questions
2026-05-06 06:07:52,788 | INFO    |   Page 50: 0 questions
2026-05-06 06:07:52,923 | INFO    | 💾 Saved at page 50 (0 questions)
2026-05-06 06:07:58,330 | INFO    |   Page 51: 0 questions
2026-05-06 06:08:02,815 | INFO    |   Page 52: 0 questions
2026-05-06 06:08:07,113 | INFO    |   Page 53: 0 questions
2026-05-06 06:08:11,232 | INFO    |   Page 54: 0 questions
2026-05-06 06:08:16,026 | INFO    |   Page 55: 0 questions
2026-05-06 06:08:16,055 | INFO    | 💾 Saved at page 55 (0 questions)
2026-05-06 06:08:20,830 | INFO    |   Page 56: 0 questions
2026-05-06 06:08:25,058 | INFO    |   Page 57: 0 questions
2026-05-06 06:08:29,334 | INFO    |   Page 58: 0 questions
2026-05-06 06:08:33,194 | INFO    |   Page 59: 0 questions
2026-05-06 06:08:37,476 | INFO    |   Page 60: 0 questions
2026-05-06 06:08:37,582 | INFO    | 💾 Saved at page 60 (0 questions)
2026-05-06 06:08:39,559 | ERROR   | ✗ Page 61 failed: Page.goto: net::ERR_SSL_BAD_RECORD_MAC_ALERT at https://myschool.ng/classroom/arabic?exam_type=waec&type=obj&page=61
Call log:
  - navigating to "https://myschool.ng/classroom/arabic?exam_type=waec&type=obj&page=61", waiting until "domcontentloaded"

2026-05-06 06:08:47,652 | INFO    |   Page 62: 0 questions
2026-05-06 06:08:52,537 | INFO    |   Page 63: 0 questions
2026-05-06 06:08:56,792 | INFO    |   Page 64: 0 questions
2026-05-06 06:09:01,249 | INFO    |   Page 65: 0 questions
2026-05-06 06:09:01,374 | INFO    | 💾 Saved at page 65 (0 questions)
2026-05-06 06:09:05,655 | INFO    |   Page 66: 0 questions
2026-05-06 06:09:09,671 | INFO    |   Page 67: 0 questions
2026-05-06 06:09:13,709 | INFO    |   Page 68: 0 questions
2026-05-06 06:09:18,033 | INFO    |   Page 69: 0 questions
2026-05-06 06:09:22,059 | INFO    |   Page 70: 0 questions
2026-05-06 06:09:22,095 | INFO    | 💾 Saved at page 70 (0 questions)
2026-05-06 06:09:26,433 | INFO    |   Page 71: 0 questions
2026-05-06 06:09:31,256 | INFO    |   Page 72: 0 questions
2026-05-06 06:09:35,678 | INFO    |   Page 73: 0 questions
2026-05-06 06:09:40,052 | INFO    |   Page 74: 0 questions
2026-05-06 06:09:44,466 | INFO    |   Page 75: 0 questions
2026-05-06 06:09:44,620 | INFO    | 💾 Saved at page 75 (0 questions)
2026-05-06 06:09:48,816 | INFO    |   Page 76: 0 questions
2026-05-06 06:09:53,067 | INFO    |   Page 77: 0 questions
2026-05-06 06:09:57,304 | INFO    |   Page 78: 0 questions
2026-05-06 06:10:01,519 | INFO    |   Page 79: 0 questions
2026-05-06 06:10:05,704 | INFO    |   Page 80: 0 questions
2026-05-06 06:10:05,747 | INFO    | 💾 Saved at page 80 (0 questions)
2026-05-06 06:10:09,896 | INFO    |   Page 81: 0 questions
2026-05-06 06:10:14,075 | INFO    |   Page 82: 0 questions
2026-05-06 06:10:18,372 | INFO    |   Page 83: 0 questions
2026-05-06 06:10:22,775 | INFO    |   Page 84: 0 questions
2026-05-06 06:10:27,083 | INFO    |   Page 85: 0 questions
2026-05-06 06:10:27,111 | INFO    | 💾 Saved at page 85 (0 questions)
2026-05-06 06:10:31,596 | INFO    |   Page 86: 0 questions
2026-05-06 06:10:35,903 | INFO    |   Page 87: 0 questions
2026-05-06 06:10:40,043 | INFO    |   Page 88: 0 questions
2026-05-06 06:10:44,445 | INFO    |   Page 89: 0 questions
2026-05-06 06:10:49,043 | INFO    |   Page 90: 0 questions
2026-05-06 06:10:49,071 | INFO    | 💾 Saved at page 90 (0 questions)
2026-05-06 06:10:53,396 | INFO    |   Page 91: 0 questions
2026-05-06 06:10:57,689 | INFO    |   Page 92: 0 questions
2026-05-06 06:11:02,050 | INFO    |   Page 93: 0 questions
2026-05-06 06:11:06,407 | INFO    |   Page 94: 0 questions
2026-05-06 06:11:10,960 | INFO    |   Page 95: 0 questions
2026-05-06 06:11:10,996 | INFO    | 💾 Saved at page 95 (0 questions)
2026-05-06 06:11:15,416 | INFO    |   Page 96: 0 questions
2026-05-06 06:11:19,466 | INFO    |   Page 97: 0 questions
2026-05-06 06:11:24,126 | INFO    |   Page 98: 0 questions
2026-05-06 06:11:28,542 | INFO    |   Page 99: 0 questions
2026-05-06 06:11:32,922 | INFO    |   Page 100: 0 questions
2026-05-06 06:11:33,006 | INFO    | 💾 Saved at page 100 (0 questions)
2026-05-06 06:11:38,085 | INFO    | ✅ Arabic: 0 questions saved.

2026-05-06 06:11:38,087 | INFO    | 
=======================================================
2026-05-06 06:11:38,087 | INFO    |   Scraping: Commerce
2026-05-06 06:11:38,104 | INFO    | =======================================================
2026-05-06 06:12:10,629 | INFO    | Total pages: 445
2026-05-06 06:12:14,061 | INFO    |   Page 1: 5 questions
2026-05-06 06:12:18,887 | INFO    |   Page 2: 5 questions
2026-05-06 06:12:23,267 | INFO    |   Page 3: 5 questions
2026-05-06 06:12:27,766 | INFO    |   Page 4: 5 questions
2026-05-06 06:12:32,165 | INFO    |   Page 5: 5 questions
2026-05-06 06:12:32,254 | INFO    | 💾 Saved at page 5 (25 questions)
2026-05-06 06:12:36,495 | INFO    |   Page 6: 5 questions
2026-05-06 06:12:41,117 | INFO    |   Page 7: 5 questions
2026-05-06 06:12:45,626 | INFO    |   Page 8: 5 questions
2026-05-06 06:12:50,376 | INFO    |   Page 9: 5 questions
2026-05-06 06:12:55,032 | INFO    |   Page 10: 5 questions
2026-05-06 06:12:55,085 | INFO    | 💾 Saved at page 10 (50 questions)
2026-05-06 06:12:59,667 | INFO    |   Page 11: 5 questions
2026-05-06 06:13:04,031 | INFO    |   Page 12: 5 questions
2026-05-06 06:13:08,597 | INFO    |   Page 13: 5 questions
2026-05-06 06:13:13,007 | INFO    |   Page 14: 5 questions
2026-05-06 06:13:17,692 | INFO    |   Page 15: 5 questions
2026-05-06 06:13:17,820 | INFO    | 💾 Saved at page 15 (75 questions)
2026-05-06 06:13:23,079 | INFO    |   Page 16: 5 questions
2026-05-06 06:13:27,507 | INFO    |   Page 17: 5 questions
2026-05-06 06:13:32,111 | INFO    |   Page 18: 5 questions
2026-05-06 06:13:36,462 | INFO    |   Page 19: 5 questions
2026-05-06 06:13:41,108 | INFO    |   Page 20: 5 questions
2026-05-06 06:13:43,087 | CRITICAL | CRITICAL: Subject Commerce failed: [Errno 28] No space left on device
2026-05-06 06:13:43,087 | INFO    | 
=======================================================
2026-05-06 06:13:43,096 | INFO    | 🎉 ALL DONE! 4068 questions across 18 subjects.
2026-05-06 06:13:43,122 | INFO    | Files saved in C:\Users\Pc\Videos\pwa-builder\myschool_scraped
2026-05-06 06:13:43,125 | INFO    | =======================================================
2026-05-06 06:13:43,137 | INFO    | Creating myschool_all_subjects.zip ...
2026-05-06 07:58:34,027 | INFO    | =======================================================
2026-05-06 07:58:34,027 | INFO    |   myschool.ng ALL SUBJECTS SCRAPER (Local)
2026-05-06 07:58:34,043 | INFO    | =======================================================
2026-05-06 07:58:34,119 | INFO    | Loaded progress from myschool_scraped\progress.json
2026-05-06 07:58:34,392 | INFO    | ⏭ English Language: already scraped (3491 questions). Skipping.
2026-05-06 07:58:34,413 | INFO    | 
=======================================================
2026-05-06 07:58:34,452 | INFO    |   Scraping: Mathematics
2026-05-06 07:58:34,474 | INFO    | =======================================================
2026-05-06 07:58:34,636 | INFO    | Resumed from page 276 with 1331 questions.
2026-05-06 08:00:39,638 | INFO    | Total pages: 371
2026-05-06 08:00:43,627 | INFO    |   Page 276: 5 questions
2026-05-06 08:00:49,532 | INFO    |   Page 277: 4 questions
2026-05-06 08:00:54,035 | INFO    |   Page 278: 3 questions
2026-05-06 08:00:58,938 | INFO    |   Page 279: 4 questions
2026-05-06 08:01:03,721 | INFO    |   Page 280: 3 questions
2026-05-06 08:01:04,047 | INFO    | 💾 Saved at page 280 (1350 questions)
2026-05-06 08:01:08,309 | INFO    |   Page 281: 4 questions
2026-05-06 08:01:11,979 | INFO    |   Page 282: 2 questions
2026-05-06 08:01:15,390 | INFO    |   Page 283: 4 questions
2026-05-06 08:01:18,729 | INFO    |   Page 284: 3 questions
2026-05-06 08:01:22,037 | INFO    |   Page 285: 3 questions
2026-05-06 08:01:22,170 | INFO    | 💾 Saved at page 285 (1366 questions)
2026-05-06 08:01:25,461 | INFO    |   Page 286: 3 questions
2026-05-06 08:01:28,908 | INFO    |   Page 287: 3 questions
2026-05-06 08:01:32,533 | INFO    |   Page 288: 3 questions
2026-05-06 08:01:36,039 | INFO    |   Page 289: 5 questions
2026-05-06 08:01:39,512 | INFO    |   Page 290: 3 questions
2026-05-06 08:01:39,635 | INFO    | 💾 Saved at page 290 (1383 questions)
2026-05-06 08:01:43,182 | INFO    |   Page 291: 4 questions
2026-05-06 08:01:46,499 | INFO    |   Page 292: 3 questions
2026-05-06 08:01:49,973 | INFO    |   Page 293: 4 questions
2026-05-06 08:01:53,381 | INFO    |   Page 294: 4 questions
2026-05-06 08:01:56,690 | INFO    |   Page 295: 4 questions
2026-05-06 08:01:56,828 | INFO    | 💾 Saved at page 295 (1400 questions)
2026-05-06 08:02:00,189 | INFO    |   Page 296: 3 questions
2026-05-06 08:02:03,782 | INFO    |   Page 297: 2 questions
2026-05-06 08:02:07,157 | INFO    |   Page 298: 2 questions
2026-05-06 08:02:10,722 | INFO    |   Page 299: 1 questions
2026-05-06 08:02:14,111 | INFO    |   Page 300: 2 questions
2026-05-06 08:02:14,238 | INFO    | 💾 Saved at page 300 (1410 questions)
2026-05-06 08:02:17,707 | INFO    |   Page 301: 0 questions
2026-05-06 08:02:21,354 | INFO    |   Page 302: 5 questions
2026-05-06 08:02:24,835 | INFO    |   Page 303: 4 questions
2026-05-06 08:02:28,278 | INFO    |   Page 304: 3 questions
2026-05-06 08:02:31,741 | INFO    |   Page 305: 1 questions
2026-05-06 08:02:31,877 | INFO    | 💾 Saved at page 305 (1423 questions)
2026-05-06 08:02:35,370 | INFO    |   Page 306: 1 questions
2026-05-06 08:02:38,774 | INFO    |   Page 307: 1 questions
2026-05-06 08:02:42,828 | INFO    |   Page 308: 4 questions
2026-05-06 08:02:46,408 | INFO    |   Page 309: 2 questions
2026-05-06 08:02:49,981 | INFO    |   Page 310: 4 questions
2026-05-06 08:02:50,134 | INFO    | 💾 Saved at page 310 (1433 questions)
2026-05-06 08:02:53,564 | INFO    |   Page 311: 4 questions
2026-05-06 08:02:57,427 | INFO    |   Page 312: 4 questions
2026-05-06 08:03:00,920 | INFO    |   Page 313: 4 questions
2026-05-06 08:03:04,327 | INFO    |   Page 314: 2 questions
2026-05-06 08:03:07,708 | INFO    |   Page 315: 1 questions
2026-05-06 08:03:07,909 | INFO    | 💾 Saved at page 315 (1448 questions)
2026-05-06 08:03:11,611 | INFO    |   Page 316: 4 questions
2026-05-06 08:03:15,190 | INFO    |   Page 317: 3 questions
2026-05-06 08:03:18,661 | INFO    |   Page 318: 5 questions
2026-05-06 08:03:22,347 | INFO    |   Page 319: 5 questions
2026-05-06 08:03:25,859 | INFO    |   Page 320: 0 questions
2026-05-06 08:03:26,001 | INFO    | 💾 Saved at page 320 (1464 questions)
2026-05-06 08:03:29,449 | INFO    |   Page 321: 4 questions
2026-05-06 08:03:32,909 | INFO    |   Page 322: 5 questions
2026-05-06 08:03:36,271 | INFO    |   Page 323: 5 questions
2026-05-06 08:03:39,709 | INFO    |   Page 324: 4 questions
2026-05-06 08:03:43,059 | INFO    |   Page 325: 3 questions
2026-05-06 08:03:43,182 | INFO    | 💾 Saved at page 325 (1485 questions)
2026-05-06 08:03:46,573 | INFO    |   Page 326: 2 questions
2026-05-06 08:03:50,110 | INFO    |   Page 327: 3 questions
2026-05-06 08:03:53,515 | INFO    |   Page 328: 3 questions
2026-05-06 08:03:56,922 | INFO    |   Page 329: 5 questions
2026-05-06 08:04:00,282 | INFO    |   Page 330: 4 questions
2026-05-06 08:04:00,446 | INFO    | 💾 Saved at page 330 (1502 questions)
2026-05-06 08:04:03,843 | INFO    |   Page 331: 3 questions
2026-05-06 08:04:07,218 | INFO    |   Page 332: 3 questions
2026-05-06 08:04:10,524 | INFO    |   Page 333: 5 questions
2026-05-06 08:04:13,881 | INFO    |   Page 334: 2 questions
2026-05-06 08:04:17,272 | INFO    |   Page 335: 2 questions
2026-05-06 08:04:17,412 | INFO    | 💾 Saved at page 335 (1517 questions)
2026-05-06 08:04:20,644 | INFO    |   Page 336: 4 questions
2026-05-06 08:04:23,950 | INFO    |   Page 337: 2 questions
2026-05-06 08:04:27,438 | INFO    |   Page 338: 3 questions
2026-05-06 08:04:30,792 | INFO    |   Page 339: 4 questions
2026-05-06 08:04:34,036 | INFO    |   Page 340: 3 questions
2026-05-06 08:04:34,159 | INFO    | 💾 Saved at page 340 (1533 questions)
2026-05-06 08:04:37,428 | INFO    |   Page 341: 3 questions
2026-05-06 08:04:40,752 | INFO    |   Page 342: 2 questions
2026-05-06 08:04:44,111 | INFO    |   Page 343: 2 questions
2026-05-06 08:04:47,493 | INFO    |   Page 344: 3 questions
2026-05-06 08:04:50,809 | INFO    |   Page 345: 2 questions
2026-05-06 08:04:50,949 | INFO    | 💾 Saved at page 345 (1545 questions)
2026-05-06 08:04:54,499 | INFO    |   Page 346: 3 questions
2026-05-06 08:04:58,359 | INFO    |   Page 347: 3 questions
2026-05-06 08:05:02,218 | INFO    |   Page 348: 2 questions
2026-05-06 08:05:05,449 | INFO    |   Page 349: 4 questions
2026-05-06 08:05:08,808 | INFO    |   Page 350: 1 questions
2026-05-06 08:05:08,958 | INFO    | 💾 Saved at page 350 (1558 questions)
2026-05-06 08:05:12,620 | INFO    |   Page 351: 3 questions
2026-05-06 08:05:15,887 | INFO    |   Page 352: 3 questions
2026-05-06 08:05:19,200 | INFO    |   Page 353: 3 questions
2026-05-06 08:05:22,489 | INFO    |   Page 354: 2 questions
2026-05-06 08:05:25,820 | INFO    |   Page 355: 3 questions
2026-05-06 08:05:25,944 | INFO    | 💾 Saved at page 355 (1571 questions)
2026-05-06 08:05:29,288 | INFO    |   Page 356: 5 questions
2026-05-06 08:05:32,632 | INFO    |   Page 357: 1 questions
2026-05-06 08:05:35,905 | INFO    |   Page 358: 5 questions
2026-05-06 08:05:39,177 | INFO    |   Page 359: 4 questions
2026-05-06 08:05:42,547 | INFO    |   Page 360: 2 questions
2026-05-06 08:05:42,685 | INFO    | 💾 Saved at page 360 (1588 questions)
2026-05-06 08:05:46,168 | INFO    |   Page 361: 3 questions
2026-05-06 08:05:49,578 | INFO    |   Page 362: 1 questions
2026-05-06 08:05:52,948 | INFO    |   Page 363: 2 questions
2026-05-06 08:05:56,656 | INFO    |   Page 364: 1 questions
2026-05-06 08:06:00,039 | INFO    |   Page 365: 3 questions
2026-05-06 08:06:00,171 | INFO    | 💾 Saved at page 365 (1598 questions)
2026-05-06 08:06:03,618 | INFO    |   Page 366: 1 questions
2026-05-06 08:06:06,915 | INFO    |   Page 367: 3 questions
2026-05-06 08:06:10,268 | INFO    |   Page 368: 3 questions
2026-05-06 08:06:13,746 | INFO    |   Page 369: 5 questions
2026-05-06 08:06:17,133 | INFO    |   Page 370: 5 questions
2026-05-06 08:06:17,265 | INFO    | 💾 Saved at page 370 (1615 questions)
2026-05-06 08:06:20,643 | INFO    |   Page 371: 3 questions
2026-05-06 08:06:20,790 | INFO    | 💾 Saved at page 371 (1618 questions)
2026-05-06 08:06:21,785 | INFO    | ✅ Mathematics: 1618 questions saved.

2026-05-06 08:06:21,785 | INFO    | 
=======================================================
2026-05-06 08:06:21,801 | INFO    |   Scraping: Physics
2026-05-06 08:06:21,801 | INFO    | =======================================================
2026-05-06 08:06:33,267 | INFO    | Total pages: 381
2026-05-06 08:06:35,192 | INFO    |   Page 1: 5 questions
2026-05-06 08:06:39,513 | INFO    |   Page 2: 5 questions
2026-05-06 08:06:43,070 | INFO    |   Page 3: 5 questions
2026-05-06 08:06:46,867 | INFO    |   Page 4: 5 questions
2026-05-06 08:06:50,634 | INFO    |   Page 5: 5 questions
2026-05-06 08:06:50,837 | INFO    | 💾 Saved at page 5 (25 questions)
2026-05-06 08:06:54,899 | INFO    |   Page 6: 5 questions
2026-05-06 08:06:58,317 | INFO    |   Page 7: 5 questions
2026-05-06 08:07:01,666 | INFO    |   Page 8: 5 questions
2026-05-06 08:07:05,049 | INFO    |   Page 9: 5 questions
2026-05-06 08:07:08,571 | INFO    |   Page 10: 5 questions
2026-05-06 08:07:08,587 | INFO    | 💾 Saved at page 10 (50 questions)
2026-05-06 08:07:11,914 | INFO    |   Page 11: 5 questions
2026-05-06 08:07:15,247 | INFO    |   Page 12: 5 questions
2026-05-06 08:07:18,633 | INFO    |   Page 13: 5 questions
2026-05-06 08:07:22,107 | INFO    |   Page 14: 5 questions
2026-05-06 08:07:25,503 | INFO    |   Page 15: 5 questions
2026-05-06 08:07:25,519 | INFO    | 💾 Saved at page 15 (75 questions)
2026-05-06 08:07:28,916 | INFO    |   Page 16: 5 questions
2026-05-06 08:07:32,581 | INFO    |   Page 17: 5 questions
2026-05-06 08:07:36,289 | INFO    |   Page 18: 5 questions
2026-05-06 08:07:39,829 | INFO    |   Page 19: 5 questions
2026-05-06 08:07:43,333 | INFO    |   Page 20: 5 questions
2026-05-06 08:07:43,358 | INFO    | 💾 Saved at page 20 (100 questions)
2026-05-06 08:07:46,653 | INFO    |   Page 21: 5 questions
2026-05-06 08:07:50,014 | INFO    |   Page 22: 5 questions
2026-05-06 08:07:53,402 | INFO    |   Page 23: 5 questions
2026-05-06 08:07:56,803 | INFO    |   Page 24: 5 questions
2026-05-06 08:08:00,112 | INFO    |   Page 25: 5 questions
2026-05-06 08:08:00,146 | INFO    | 💾 Saved at page 25 (124 questions)
2026-05-06 08:08:03,560 | INFO    |   Page 26: 4 questions
2026-05-06 08:08:06,922 | INFO    |   Page 27: 5 questions
2026-05-06 08:08:10,263 | INFO    |   Page 28: 5 questions
2026-05-06 08:08:13,648 | INFO    |   Page 29: 5 questions
2026-05-06 08:08:16,992 | INFO    |   Page 30: 5 questions
2026-05-06 08:08:17,017 | INFO    | 💾 Saved at page 30 (148 questions)
2026-05-06 08:08:20,330 | INFO    |   Page 31: 5 questions
2026-05-06 08:08:23,762 | INFO    |   Page 32: 5 questions
2026-05-06 08:08:27,134 | INFO    |   Page 33: 5 questions
2026-05-06 08:08:30,554 | INFO    |   Page 34: 5 questions
2026-05-06 08:08:33,948 | INFO    |   Page 35: 5 questions
2026-05-06 08:08:33,989 | INFO    | 💾 Saved at page 35 (173 questions)
2026-05-06 08:08:37,373 | INFO    |   Page 36: 5 questions
2026-05-06 08:08:40,683 | INFO    |   Page 37: 5 questions
2026-05-06 08:08:44,077 | INFO    |   Page 38: 5 questions
2026-05-06 08:08:47,453 | INFO    |   Page 39: 5 questions
2026-05-06 08:08:50,852 | INFO    |   Page 40: 5 questions
2026-05-06 08:08:50,884 | INFO    | 💾 Saved at page 40 (198 questions)
2026-05-06 08:08:54,544 | INFO    |   Page 41: 5 questions
2026-05-06 08:08:57,936 | INFO    |   Page 42: 5 questions
2026-05-06 08:09:01,691 | INFO    |   Page 43: 4 questions
2026-05-06 08:09:05,075 | INFO    |   Page 44: 5 questions
2026-05-06 08:09:08,501 | INFO    |   Page 45: 5 questions
2026-05-06 08:09:08,541 | INFO    | 💾 Saved at page 45 (221 questions)
2026-05-06 08:09:12,032 | INFO    |   Page 46: 5 questions
2026-05-06 08:09:15,396 | INFO    |   Page 47: 5 questions
2026-05-06 08:09:18,920 | INFO    |   Page 48: 5 questions
2026-05-06 08:09:22,377 | INFO    |   Page 49: 5 questions
2026-05-06 08:09:25,968 | INFO    |   Page 50: 5 questions
2026-05-06 08:09:26,000 | INFO    | 💾 Saved at page 50 (246 questions)
2026-05-06 08:09:29,468 | INFO    |   Page 51: 5 questions
2026-05-06 08:09:32,816 | INFO    |   Page 52: 4 questions
2026-05-06 08:09:36,327 | INFO    |   Page 53: 5 questions
2026-05-06 08:09:39,618 | INFO    |   Page 54: 5 questions
2026-05-06 08:09:43,001 | INFO    |   Page 55: 5 questions
2026-05-06 08:09:43,049 | INFO    | 💾 Saved at page 55 (268 questions)
2026-05-06 08:09:46,450 | INFO    |   Page 56: 5 questions
2026-05-06 08:09:49,792 | INFO    |   Page 57: 5 questions
2026-05-06 08:09:53,249 | INFO    |   Page 58: 5 questions
2026-05-06 08:09:56,728 | INFO    |   Page 59: 5 questions
2026-05-06 08:10:00,296 | INFO    |   Page 60: 5 questions
2026-05-06 08:10:00,336 | INFO    | 💾 Saved at page 60 (293 questions)
2026-05-06 08:10:04,045 | INFO    |   Page 61: 5 questions
2026-05-06 08:10:07,497 | INFO    |   Page 62: 5 questions
2026-05-06 08:10:10,949 | INFO    |   Page 63: 5 questions
2026-05-06 08:10:14,359 | INFO    |   Page 64: 5 questions
2026-05-06 08:10:17,761 | INFO    |   Page 65: 5 questions
2026-05-06 08:10:17,809 | INFO    | 💾 Saved at page 65 (317 questions)
2026-05-06 08:10:21,176 | INFO    |   Page 66: 5 questions
2026-05-06 08:10:24,587 | INFO    |   Page 67: 5 questions
2026-05-06 08:10:27,931 | INFO    |   Page 68: 5 questions
2026-05-06 08:10:31,233 | INFO    |   Page 69: 5 questions
2026-05-06 08:10:34,703 | INFO    |   Page 70: 5 questions
2026-05-06 08:10:34,751 | INFO    | 💾 Saved at page 70 (341 questions)
2026-05-06 08:10:38,105 | INFO    |   Page 71: 5 questions
2026-05-06 08:10:41,523 | INFO    |   Page 72: 5 questions
2026-05-06 08:10:45,144 | INFO    |   Page 73: 5 questions
2026-05-06 08:10:48,525 | INFO    |   Page 74: 5 questions
2026-05-06 08:10:51,953 | INFO    |   Page 75: 5 questions
2026-05-06 08:10:52,001 | INFO    | 💾 Saved at page 75 (365 questions)
2026-05-06 08:10:55,348 | INFO    |   Page 76: 5 questions
2026-05-06 08:10:58,848 | INFO    |   Page 77: 5 questions
2026-05-06 08:11:02,173 | INFO    |   Page 78: 5 questions
2026-05-06 08:11:05,754 | INFO    |   Page 79: 5 questions
2026-05-06 08:11:09,109 | INFO    |   Page 80: 5 questions
2026-05-06 08:11:09,157 | INFO    | 💾 Saved at page 80 (388 questions)
2026-05-06 08:11:12,794 | INFO    |   Page 81: 5 questions
2026-05-06 08:11:16,264 | INFO    |   Page 82: 5 questions
2026-05-06 08:11:19,807 | INFO    |   Page 83: 5 questions
2026-05-06 08:11:23,494 | INFO    |   Page 84: 5 questions
2026-05-06 08:11:26,909 | INFO    |   Page 85: 5 questions
2026-05-06 08:11:26,958 | INFO    | 💾 Saved at page 85 (413 questions)
2026-05-06 08:11:30,273 | INFO    |   Page 86: 5 questions
2026-05-06 08:11:33,668 | INFO    |   Page 87: 5 questions
2026-05-06 08:11:37,175 | INFO    |   Page 88: 5 questions
2026-05-06 08:11:40,835 | INFO    |   Page 89: 5 questions
2026-05-06 08:11:44,525 | INFO    |   Page 90: 5 questions
2026-05-06 08:11:44,591 | INFO    | 💾 Saved at page 90 (438 questions)
2026-05-06 08:11:48,090 | INFO    |   Page 91: 5 questions
2026-05-06 08:11:51,491 | INFO    |   Page 92: 5 questions
2026-05-06 08:11:54,764 | INFO    |   Page 93: 5 questions
2026-05-06 08:11:58,167 | INFO    |   Page 94: 4 questions
2026-05-06 08:12:01,483 | INFO    |   Page 95: 5 questions
2026-05-06 08:12:01,542 | INFO    | 💾 Saved at page 95 (460 questions)
2026-05-06 08:12:05,079 | INFO    |   Page 96: 3 questions
2026-05-06 08:12:08,725 | INFO    |   Page 97: 2 questions
2026-05-06 08:12:12,522 | INFO    |   Page 98: 2 questions
2026-05-06 08:12:16,131 | INFO    |   Page 99: 2 questions
2026-05-06 08:12:19,762 | INFO    |   Page 100: 4 questions
2026-05-06 08:12:19,819 | INFO    | 💾 Saved at page 100 (473 questions)
2026-05-06 08:12:23,552 | INFO    |   Page 101: 5 questions
2026-05-06 08:12:27,143 | INFO    |   Page 102: 5 questions
2026-05-06 08:12:30,579 | INFO    |   Page 103: 4 questions
2026-05-06 08:12:34,198 | INFO    |   Page 104: 5 questions
2026-05-06 08:12:37,659 | INFO    |   Page 105: 5 questions
2026-05-06 08:12:37,723 | INFO    | 💾 Saved at page 105 (495 questions)
2026-05-06 08:12:41,166 | INFO    |   Page 106: 5 questions
2026-05-06 08:12:44,546 | INFO    |   Page 107: 5 questions
2026-05-06 08:12:48,029 | INFO    |   Page 108: 5 questions
2026-05-06 08:12:51,867 | INFO    |   Page 109: 5 questions
2026-05-06 08:12:55,476 | INFO    |   Page 110: 5 questions
2026-05-06 08:12:55,542 | INFO    | 💾 Saved at page 110 (520 questions)
2026-05-06 08:12:58,976 | INFO    |   Page 111: 5 questions
2026-05-06 08:13:02,455 | INFO    |   Page 112: 4 questions
2026-05-06 08:13:05,817 | INFO    |   Page 113: 3 questions
2026-05-06 08:13:09,277 | INFO    |   Page 114: 5 questions
2026-05-06 08:13:12,601 | INFO    |   Page 115: 5 questions
2026-05-06 08:13:12,667 | INFO    | 💾 Saved at page 115 (542 questions)
2026-05-06 08:13:16,295 | INFO    |   Page 116: 5 questions
2026-05-06 08:13:19,793 | INFO    |   Page 117: 5 questions
2026-05-06 08:13:23,150 | INFO    |   Page 118: 4 questions
2026-05-06 08:13:26,626 | INFO    |   Page 119: 4 questions
2026-05-06 08:13:30,452 | INFO    |   Page 120: 5 questions
2026-05-06 08:13:30,524 | INFO    | 💾 Saved at page 120 (565 questions)
2026-05-06 08:13:34,176 | INFO    |   Page 121: 5 questions
2026-05-06 08:13:37,573 | INFO    |   Page 122: 5 questions
2026-05-06 08:13:40,897 | INFO    |   Page 123: 5 questions
2026-05-06 08:13:44,214 | INFO    |   Page 124: 3 questions
2026-05-06 08:13:47,558 | INFO    |   Page 125: 4 questions
2026-05-06 08:13:47,639 | INFO    | 💾 Saved at page 125 (587 questions)
2026-05-06 08:13:51,092 | INFO    |   Page 126: 4 questions
2026-05-06 08:13:54,417 | INFO    |   Page 127: 5 questions
2026-05-06 08:13:57,700 | INFO    |   Page 128: 4 questions
2026-05-06 08:14:01,020 | INFO    |   Page 129: 4 questions
2026-05-06 08:14:04,830 | INFO    |   Page 130: 5 questions
2026-05-06 08:14:04,902 | INFO    | 💾 Saved at page 130 (608 questions)
2026-05-06 08:14:08,157 | INFO    |   Page 131: 5 questions
2026-05-06 08:14:11,482 | INFO    |   Page 132: 5 questions
2026-05-06 08:14:14,930 | INFO    |   Page 133: 4 questions
2026-05-06 08:14:18,241 | INFO    |   Page 134: 5 questions
2026-05-06 08:14:21,594 | INFO    |   Page 135: 5 questions
2026-05-06 08:14:21,668 | INFO    | 💾 Saved at page 135 (632 questions)
2026-05-06 08:14:25,072 | INFO    |   Page 136: 5 questions
2026-05-06 08:14:28,383 | INFO    |   Page 137: 5 questions
2026-05-06 08:14:31,612 | INFO    |   Page 138: 4 questions
2026-05-06 08:14:34,921 | INFO    |   Page 139: 5 questions
2026-05-06 08:14:38,214 | INFO    |   Page 140: 5 questions
2026-05-06 08:14:38,297 | INFO    | 💾 Saved at page 140 (655 questions)
2026-05-06 08:14:41,807 | INFO    |   Page 141: 5 questions
2026-05-06 08:14:45,161 | INFO    |   Page 142: 5 questions
2026-05-06 08:14:48,734 | INFO    |   Page 143: 5 questions
2026-05-06 08:14:52,058 | INFO    |   Page 144: 3 questions
2026-05-06 08:14:55,469 | INFO    |   Page 145: 5 questions
2026-05-06 08:14:55,549 | INFO    | 💾 Saved at page 145 (678 questions)
2026-05-06 08:14:58,996 | INFO    |   Page 146: 2 questions
2026-05-06 08:15:02,327 | INFO    |   Page 147: 5 questions
2026-05-06 08:15:05,655 | INFO    |   Page 148: 4 questions
2026-05-06 08:15:09,022 | INFO    |   Page 149: 5 questions
2026-05-06 08:15:12,388 | INFO    |   Page 150: 5 questions
2026-05-06 08:15:12,476 | INFO    | 💾 Saved at page 150 (699 questions)
2026-05-06 08:15:15,880 | INFO    |   Page 151: 5 questions
2026-05-06 08:15:19,192 | INFO    |   Page 152: 5 questions
2026-05-06 08:15:22,520 | INFO    |   Page 153: 5 questions
2026-05-06 08:15:25,863 | INFO    |   Page 154: 4 questions
2026-05-06 08:15:29,210 | INFO    |   Page 155: 5 questions
2026-05-06 08:15:29,292 | INFO    | 💾 Saved at page 155 (723 questions)
2026-05-06 08:15:32,753 | INFO    |   Page 156: 4 questions
2026-05-06 08:15:36,113 | INFO    |   Page 157: 5 questions
2026-05-06 08:15:39,397 | INFO    |   Page 158: 5 questions
2026-05-06 08:15:42,698 | INFO    |   Page 159: 4 questions
2026-05-06 08:15:45,998 | INFO    |   Page 160: 5 questions
2026-05-06 08:15:46,078 | INFO    | 💾 Saved at page 160 (745 questions)
2026-05-06 08:15:49,550 | INFO    |   Page 161: 5 questions
2026-05-06 08:15:52,828 | INFO    |   Page 162: 5 questions
2026-05-06 08:15:56,071 | INFO    |   Page 163: 4 questions
2026-05-06 08:15:59,293 | INFO    |   Page 164: 5 questions
2026-05-06 08:16:02,691 | INFO    |   Page 165: 4 questions
2026-05-06 08:16:02,777 | INFO    | 💾 Saved at page 165 (768 questions)
2026-05-06 08:16:06,211 | INFO    |   Page 166: 5 questions
2026-05-06 08:16:09,821 | INFO    |   Page 167: 5 questions
2026-05-06 08:16:13,091 | INFO    |   Page 168: 5 questions
2026-05-06 08:16:16,385 | INFO    |   Page 169: 5 questions
2026-05-06 08:16:19,788 | INFO    |   Page 170: 5 questions
2026-05-06 08:16:19,887 | INFO    | 💾 Saved at page 170 (793 questions)
2026-05-06 08:16:23,302 | INFO    |   Page 171: 5 questions
2026-05-06 08:16:26,621 | INFO    |   Page 172: 5 questions
2026-05-06 08:16:29,952 | INFO    |   Page 173: 4 questions
2026-05-06 08:16:33,214 | INFO    |   Page 174: 4 questions
2026-05-06 08:16:36,517 | INFO    |   Page 175: 5 questions
2026-05-06 08:16:36,613 | INFO    | 💾 Saved at page 175 (815 questions)
2026-05-06 08:16:40,120 | INFO    |   Page 176: 4 questions
2026-05-06 08:16:43,471 | INFO    |   Page 177: 5 questions
2026-05-06 08:16:46,775 | INFO    |   Page 178: 5 questions
2026-05-06 08:16:50,309 | INFO    |   Page 179: 5 questions
2026-05-06 08:16:53,598 | INFO    |   Page 180: 4 questions
2026-05-06 08:16:53,694 | INFO    | 💾 Saved at page 180 (837 questions)
2026-05-06 08:16:57,111 | INFO    |   Page 181: 4 questions
2026-05-06 08:17:00,387 | INFO    |   Page 182: 5 questions
2026-05-06 08:17:03,744 | INFO    |   Page 183: 4 questions
2026-05-06 08:17:07,143 | INFO    |   Page 184: 5 questions
2026-05-06 08:17:10,383 | INFO    |   Page 185: 5 questions
2026-05-06 08:17:10,487 | INFO    | 💾 Saved at page 185 (857 questions)
2026-05-06 08:17:13,925 | INFO    |   Page 186: 5 questions
2026-05-06 08:17:17,155 | INFO    |   Page 187: 4 questions
2026-05-06 08:17:20,373 | INFO    |   Page 188: 5 questions
2026-05-06 08:17:23,609 | INFO    |   Page 189: 4 questions
2026-05-06 08:17:26,837 | INFO    |   Page 190: 4 questions
2026-05-06 08:17:26,927 | INFO    | 💾 Saved at page 190 (878 questions)
2026-05-06 08:17:30,286 | INFO    |   Page 191: 5 questions
2026-05-06 08:17:33,495 | INFO    |   Page 192: 5 questions
2026-05-06 08:17:36,813 | INFO    |   Page 193: 4 questions
2026-05-06 08:17:40,132 | INFO    |   Page 194: 3 questions
2026-05-06 08:17:43,522 | INFO    |   Page 195: 5 questions
2026-05-06 08:17:43,627 | INFO    | 💾 Saved at page 195 (900 questions)
2026-05-06 08:17:46,928 | INFO    |   Page 196: 4 questions
2026-05-06 08:17:50,231 | INFO    |   Page 197: 5 questions
2026-05-06 08:17:53,563 | INFO    |   Page 198: 3 questions
2026-05-06 08:17:56,981 | INFO    |   Page 199: 5 questions
2026-05-06 08:18:00,319 | INFO    |   Page 200: 4 questions
2026-05-06 08:18:00,417 | INFO    | 💾 Saved at page 200 (920 questions)
2026-05-06 08:18:03,650 | INFO    |   Page 201: 4 questions
2026-05-06 08:18:06,858 | INFO    |   Page 202: 4 questions
2026-05-06 08:18:10,165 | INFO    |   Page 203: 5 questions
2026-05-06 08:18:13,453 | INFO    |   Page 204: 5 questions
2026-05-06 08:18:16,767 | INFO    |   Page 205: 5 questions
2026-05-06 08:18:16,872 | INFO    | 💾 Saved at page 205 (943 questions)
2026-05-06 08:18:20,158 | INFO    |   Page 206: 5 questions
2026-05-06 08:18:23,519 | INFO    |   Page 207: 4 questions
2026-05-06 08:18:26,877 | INFO    |   Page 208: 5 questions
2026-05-06 08:18:30,204 | INFO    |   Page 209: 2 questions
2026-05-06 08:18:33,564 | INFO    |   Page 210: 5 questions
2026-05-06 08:18:33,661 | INFO    | 💾 Saved at page 210 (964 questions)
2026-05-06 08:18:37,087 | INFO    |   Page 211: 5 questions
2026-05-06 08:18:40,388 | INFO    |   Page 212: 3 questions
2026-05-06 08:18:43,714 | INFO    |   Page 213: 3 questions
2026-05-06 08:18:46,984 | INFO    |   Page 214: 5 questions
2026-05-06 08:18:50,323 | INFO    |   Page 215: 5 questions
2026-05-06 08:18:50,429 | INFO    | 💾 Saved at page 215 (985 questions)
2026-05-06 08:18:53,936 | INFO    |   Page 216: 4 questions
2026-05-06 08:18:57,314 | INFO    |   Page 217: 5 questions
2026-05-06 08:19:00,921 | INFO    |   Page 218: 5 questions
2026-05-06 08:19:04,236 | INFO    |   Page 219: 5 questions
2026-05-06 08:19:07,486 | INFO    |   Page 220: 4 questions
2026-05-06 08:19:07,591 | INFO    | 💾 Saved at page 220 (1008 questions)
2026-05-06 08:19:11,068 | INFO    |   Page 221: 5 questions
2026-05-06 08:19:14,485 | INFO    |   Page 222: 2 questions
2026-05-06 08:19:17,764 | INFO    |   Page 223: 4 questions
2026-05-06 08:19:20,959 | INFO    |   Page 224: 5 questions
2026-05-06 08:19:24,234 | INFO    |   Page 225: 5 questions
2026-05-06 08:19:24,339 | INFO    | 💾 Saved at page 225 (1029 questions)
2026-05-06 08:19:27,679 | INFO    |   Page 226: 4 questions
2026-05-06 08:19:31,020 | INFO    |   Page 227: 5 questions
2026-05-06 08:19:34,331 | INFO    |   Page 228: 4 questions
2026-05-06 08:19:37,795 | INFO    |   Page 229: 5 questions
2026-05-06 08:19:41,077 | INFO    |   Page 230: 3 questions
2026-05-06 08:19:41,190 | INFO    | 💾 Saved at page 230 (1050 questions)
2026-05-06 08:19:44,626 | INFO    |   Page 231: 5 questions
2026-05-06 08:19:47,980 | INFO    |   Page 232: 5 questions
2026-05-06 08:19:51,392 | INFO    |   Page 233: 4 questions
2026-05-06 08:19:55,070 | INFO    |   Page 234: 4 questions
2026-05-06 08:19:58,520 | INFO    |   Page 235: 5 questions
2026-05-06 08:19:58,645 | INFO    | 💾 Saved at page 235 (1072 questions)
2026-05-06 08:20:02,059 | INFO    |   Page 236: 4 questions
2026-05-06 08:20:05,365 | INFO    |   Page 237: 4 questions
2026-05-06 08:20:08,680 | INFO    |   Page 238: 5 questions
2026-05-06 08:20:11,896 | INFO    |   Page 239: 4 questions
2026-05-06 08:20:15,273 | INFO    |   Page 240: 4 questions
2026-05-06 08:20:15,393 | INFO    | 💾 Saved at page 240 (1093 questions)
2026-05-06 08:20:18,791 | INFO    |   Page 241: 4 questions
2026-05-06 08:20:22,224 | INFO    |   Page 242: 3 questions
2026-05-06 08:20:25,575 | INFO    |   Page 243: 5 questions
2026-05-06 08:20:28,967 | INFO    |   Page 244: 4 questions
2026-05-06 08:20:32,317 | INFO    |   Page 245: 4 questions
2026-05-06 08:20:32,425 | INFO    | 💾 Saved at page 245 (1112 questions)
2026-05-06 08:20:35,956 | INFO    |   Page 246: 4 questions
2026-05-06 08:20:39,307 | INFO    |   Page 247: 5 questions
2026-05-06 08:20:42,742 | INFO    |   Page 248: 4 questions
2026-05-06 08:20:46,019 | INFO    |   Page 249: 4 questions
2026-05-06 08:20:49,278 | INFO    |   Page 250: 5 questions
2026-05-06 08:20:49,396 | INFO    | 💾 Saved at page 250 (1134 questions)
2026-05-06 08:20:52,911 | INFO    |   Page 251: 5 questions
2026-05-06 08:20:56,190 | INFO    |   Page 252: 4 questions
2026-05-06 08:20:59,441 | INFO    |   Page 253: 4 questions
2026-05-06 08:21:02,802 | INFO    |   Page 254: 5 questions
2026-05-06 08:21:06,145 | INFO    |   Page 255: 5 questions
2026-05-06 08:21:06,252 | INFO    | 💾 Saved at page 255 (1156 questions)
2026-05-06 08:21:09,516 | INFO    |   Page 256: 5 questions
2026-05-06 08:21:12,878 | INFO    |   Page 257: 3 questions
2026-05-06 08:21:16,166 | INFO    |   Page 258: 5 questions
2026-05-06 08:21:19,429 | INFO    |   Page 259: 5 questions
2026-05-06 08:21:22,706 | INFO    |   Page 260: 5 questions
2026-05-06 08:21:22,813 | INFO    | 💾 Saved at page 260 (1178 questions)
2026-05-06 08:21:26,202 | INFO    |   Page 261: 5 questions
2026-05-06 08:21:29,509 | INFO    |   Page 262: 5 questions
2026-05-06 08:21:33,088 | INFO    |   Page 263: 4 questions
2026-05-06 08:21:36,507 | INFO    |   Page 264: 5 questions
2026-05-06 08:21:39,822 | INFO    |   Page 265: 4 questions
2026-05-06 08:21:39,935 | INFO    | 💾 Saved at page 265 (1201 questions)
2026-05-06 08:21:43,364 | INFO    |   Page 266: 4 questions
2026-05-06 08:21:46,853 | INFO    |   Page 267: 5 questions
2026-05-06 08:21:50,164 | INFO    |   Page 268: 5 questions
2026-05-06 08:21:53,753 | INFO    |   Page 269: 5 questions
2026-05-06 08:21:57,087 | INFO    |   Page 270: 3 questions
2026-05-06 08:21:57,207 | INFO    | 💾 Saved at page 270 (1223 questions)
2026-05-06 08:22:00,646 | INFO    |   Page 271: 4 questions
2026-05-06 08:22:03,954 | INFO    |   Page 272: 5 questions
2026-05-06 08:22:07,496 | INFO    |   Page 273: 4 questions
2026-05-06 08:22:10,784 | INFO    |   Page 274: 4 questions
2026-05-06 08:22:14,111 | INFO    |   Page 275: 5 questions
2026-05-06 08:22:14,234 | INFO    | 💾 Saved at page 275 (1245 questions)
2026-05-06 08:22:17,721 | INFO    |   Page 276: 5 questions
2026-05-06 08:22:21,064 | INFO    |   Page 277: 5 questions
2026-05-06 08:22:24,366 | INFO    |   Page 278: 5 questions
2026-05-06 08:22:27,733 | INFO    |   Page 279: 5 questions
2026-05-06 08:22:31,088 | INFO    |   Page 280: 5 questions
2026-05-06 08:22:31,208 | INFO    | 💾 Saved at page 280 (1269 questions)
2026-05-06 08:22:34,495 | INFO    |   Page 281: 5 questions
2026-05-06 08:22:37,846 | INFO    |   Page 282: 4 questions
2026-05-06 08:22:41,223 | INFO    |   Page 283: 5 questions
2026-05-06 08:22:44,532 | INFO    |   Page 284: 5 questions
2026-05-06 08:22:47,969 | INFO    |   Page 285: 4 questions
2026-05-06 08:22:48,089 | INFO    | 💾 Saved at page 285 (1292 questions)
2026-05-06 08:22:51,531 | INFO    |   Page 286: 4 questions
2026-05-06 08:22:54,829 | INFO    |   Page 287: 5 questions
2026-05-06 08:22:58,194 | INFO    |   Page 288: 4 questions
2026-05-06 08:23:01,484 | INFO    |   Page 289: 5 questions
2026-05-06 08:23:04,837 | INFO    |   Page 290: 5 questions
2026-05-06 08:23:04,968 | INFO    | 💾 Saved at page 290 (1314 questions)
2026-05-06 08:23:08,332 | INFO    |   Page 291: 4 questions
2026-05-06 08:23:11,735 | INFO    |   Page 292: 4 questions
2026-05-06 08:23:15,040 | INFO    |   Page 293: 4 questions
2026-05-06 08:23:18,408 | INFO    |   Page 294: 4 questions
2026-05-06 08:23:21,735 | INFO    |   Page 295: 5 questions
2026-05-06 08:23:21,850 | INFO    | 💾 Saved at page 295 (1335 questions)
2026-05-06 08:23:25,318 | INFO    |   Page 296: 5 questions
2026-05-06 08:23:28,615 | INFO    |   Page 297: 4 questions
2026-05-06 08:23:31,866 | INFO    |   Page 298: 5 questions
2026-05-06 08:23:35,165 | INFO    |   Page 299: 4 questions
2026-05-06 08:23:38,493 | INFO    |   Page 300: 4 questions
2026-05-06 08:23:38,625 | INFO    | 💾 Saved at page 300 (1357 questions)
2026-05-06 08:23:42,036 | INFO    |   Page 301: 4 questions
2026-05-06 08:23:45,465 | INFO    |   Page 302: 3 questions
2026-05-06 08:23:48,850 | INFO    |   Page 303: 3 questions
2026-05-06 08:23:52,245 | INFO    |   Page 304: 4 questions
2026-05-06 08:23:55,532 | INFO    |   Page 305: 3 questions
2026-05-06 08:23:55,664 | INFO    | 💾 Saved at page 305 (1373 questions)
2026-05-06 08:23:59,003 | INFO    |   Page 306: 4 questions
2026-05-06 08:24:02,313 | INFO    |   Page 307: 5 questions
2026-05-06 08:24:05,753 | INFO    |   Page 308: 5 questions
2026-05-06 08:24:09,010 | INFO    |   Page 309: 4 questions
2026-05-06 08:24:12,249 | INFO    |   Page 310: 5 questions
2026-05-06 08:24:12,383 | INFO    | 💾 Saved at page 310 (1396 questions)
2026-05-06 08:24:15,869 | INFO    |   Page 311: 5 questions
2026-05-06 08:24:19,657 | INFO    |   Page 312: 5 questions
2026-05-06 08:24:23,009 | INFO    |   Page 313: 5 questions
2026-05-06 08:24:26,361 | INFO    |   Page 314: 4 questions
2026-05-06 08:24:29,744 | INFO    |   Page 315: 3 questions
2026-05-06 08:24:29,869 | INFO    | 💾 Saved at page 315 (1417 questions)
2026-05-06 08:24:33,286 | INFO    |   Page 316: 3 questions
2026-05-06 08:24:36,547 | INFO    |   Page 317: 4 questions
2026-05-06 08:24:39,871 | INFO    |   Page 318: 3 questions
2026-05-06 08:24:43,305 | INFO    |   Page 319: 5 questions
2026-05-06 08:24:46,616 | INFO    |   Page 320: 5 questions
2026-05-06 08:24:46,756 | INFO    | 💾 Saved at page 320 (1437 questions)
2026-05-06 08:24:50,141 | INFO    |   Page 321: 5 questions
2026-05-06 08:24:53,428 | INFO    |   Page 322: 5 questions
2026-05-06 08:24:56,748 | INFO    |   Page 323: 5 questions
2026-05-06 08:24:59,945 | INFO    |   Page 324: 4 questions
2026-05-06 08:25:03,227 | INFO    |   Page 325: 3 questions
2026-05-06 08:25:03,364 | INFO    | 💾 Saved at page 325 (1459 questions)
2026-05-06 08:25:07,007 | INFO    |   Page 326: 5 questions
2026-05-06 08:25:10,395 | INFO    |   Page 327: 3 questions
2026-05-06 08:25:14,521 | INFO    |   Page 328: 1 questions
2026-05-06 08:25:17,895 | INFO    |   Page 329: 3 questions
2026-05-06 08:25:21,374 | INFO    |   Page 330: 5 questions
2026-05-06 08:25:21,530 | INFO    | 💾 Saved at page 330 (1476 questions)
2026-05-06 08:25:24,931 | INFO    |   Page 331: 4 questions
2026-05-06 08:25:28,297 | INFO    |   Page 332: 5 questions
2026-05-06 08:25:31,655 | INFO    |   Page 333: 5 questions
2026-05-06 08:25:34,931 | INFO    |   Page 334: 3 questions
2026-05-06 08:25:38,244 | INFO    |   Page 335: 4 questions
2026-05-06 08:25:38,388 | INFO    | 💾 Saved at page 335 (1497 questions)
2026-05-06 08:25:41,802 | INFO    |   Page 336: 5 questions
2026-05-06 08:25:45,087 | INFO    |   Page 337: 5 questions
2026-05-06 08:25:48,444 | INFO    |   Page 338: 4 questions
2026-05-06 08:25:51,882 | INFO    |   Page 339: 5 questions
2026-05-06 08:25:55,163 | INFO    |   Page 340: 5 questions
2026-05-06 08:25:55,311 | INFO    | 💾 Saved at page 340 (1521 questions)
2026-05-06 08:25:58,706 | INFO    |   Page 341: 5 questions
2026-05-06 08:26:02,591 | INFO    |   Page 342: 3 questions
2026-05-06 08:26:06,384 | INFO    |   Page 343: 5 questions
2026-05-06 08:26:09,778 | INFO    |   Page 344: 5 questions
2026-05-06 08:26:13,091 | INFO    |   Page 345: 4 questions
2026-05-06 08:26:13,226 | INFO    | 💾 Saved at page 345 (1542 questions)
2026-05-06 08:26:16,555 | INFO    |   Page 346: 4 questions
2026-05-06 08:26:19,761 | INFO    |   Page 347: 4 questions
2026-05-06 08:26:23,068 | INFO    |   Page 348: 3 questions
2026-05-06 08:26:26,370 | INFO    |   Page 349: 3 questions
2026-05-06 08:26:29,656 | INFO    |   Page 350: 3 questions
2026-05-06 08:26:29,794 | INFO    | 💾 Saved at page 350 (1558 questions)
2026-05-06 08:26:33,044 | INFO    |   Page 351: 5 questions
2026-05-06 08:26:36,344 | INFO    |   Page 352: 5 questions
2026-05-06 08:26:39,718 | INFO    |   Page 353: 2 questions
2026-05-06 08:26:42,989 | INFO    |   Page 354: 5 questions
2026-05-06 08:26:46,285 | INFO    |   Page 355: 5 questions
2026-05-06 08:26:46,437 | INFO    | 💾 Saved at page 355 (1579 questions)
2026-05-06 08:26:49,939 | INFO    |   Page 356: 4 questions
2026-05-06 08:26:53,207 | INFO    |   Page 357: 5 questions
2026-05-06 08:26:56,517 | INFO    |   Page 358: 5 questions
2026-05-06 08:26:59,710 | INFO    |   Page 359: 5 questions
2026-05-06 08:27:03,203 | INFO    |   Page 360: 4 questions
2026-05-06 08:27:03,350 | INFO    | 💾 Saved at page 360 (1602 questions)
2026-05-06 08:27:06,744 | INFO    |   Page 361: 4 questions
2026-05-06 08:27:10,026 | INFO    |   Page 362: 5 questions
2026-05-06 08:27:13,466 | INFO    |   Page 363: 5 questions
2026-05-06 08:27:16,740 | INFO    |   Page 364: 4 questions
2026-05-06 08:27:20,058 | INFO    |   Page 365: 3 questions
2026-05-06 08:27:20,206 | INFO    | 💾 Saved at page 365 (1623 questions)
2026-05-06 08:27:23,615 | INFO    |   Page 366: 4 questions
2026-05-06 08:27:26,964 | INFO    |   Page 367: 3 questions
2026-05-06 08:27:30,262 | INFO    |   Page 368: 5 questions
2026-05-06 08:27:33,668 | INFO    |   Page 369: 5 questions
2026-05-06 08:27:36,966 | INFO    |   Page 370: 4 questions
2026-05-06 08:27:37,115 | INFO    | 💾 Saved at page 370 (1644 questions)
2026-05-06 08:27:40,557 | INFO    |   Page 371: 4 questions
2026-05-06 08:27:43,751 | INFO    |   Page 372: 5 questions
2026-05-06 08:27:47,077 | INFO    |   Page 373: 4 questions
2026-05-06 08:27:50,505 | INFO    |   Page 374: 2 questions
2026-05-06 08:27:53,903 | INFO    |   Page 375: 5 questions
2026-05-06 08:27:54,066 | INFO    | 💾 Saved at page 375 (1661 questions)
2026-05-06 08:27:57,487 | INFO    |   Page 376: 5 questions
2026-05-06 08:28:00,750 | INFO    |   Page 377: 4 questions
2026-05-06 08:28:04,100 | INFO    |   Page 378: 2 questions
2026-05-06 08:28:07,378 | INFO    |   Page 379: 5 questions
2026-05-06 08:28:10,654 | INFO    |   Page 380: 4 questions
2026-05-06 08:28:10,798 | INFO    | 💾 Saved at page 380 (1677 questions)
2026-05-06 08:28:14,279 | INFO    |   Page 381: 2 questions
2026-05-06 08:28:14,446 | INFO    | 💾 Saved at page 381 (1679 questions)
2026-05-06 08:28:15,738 | INFO    | ✅ Physics: 1679 questions saved.

2026-05-06 08:28:15,738 | INFO    | 
=======================================================
2026-05-06 08:28:15,738 | INFO    |   Scraping: Chemistry
2026-05-06 08:28:15,738 | INFO    | =======================================================
2026-05-06 08:28:26,773 | INFO    | Total pages: 325
2026-05-06 08:28:28,712 | INFO    |   Page 1: 5 questions
2026-05-06 08:28:32,123 | INFO    |   Page 2: 5 questions
2026-05-06 08:28:35,545 | INFO    |   Page 3: 5 questions
2026-05-06 08:28:39,022 | INFO    |   Page 4: 5 questions
2026-05-06 08:28:42,657 | INFO    |   Page 5: 5 questions
2026-05-06 08:28:42,673 | INFO    | 💾 Saved at page 5 (23 questions)
2026-05-06 08:28:46,195 | INFO    |   Page 6: 5 questions
2026-05-06 08:28:49,647 | INFO    |   Page 7: 5 questions
2026-05-06 08:28:53,140 | INFO    |   Page 8: 5 questions
2026-05-06 08:28:57,083 | INFO    |   Page 9: 5 questions
2026-05-06 08:29:00,725 | INFO    |   Page 10: 5 questions
2026-05-06 08:29:00,742 | INFO    | 💾 Saved at page 10 (48 questions)
2026-05-06 08:29:04,507 | INFO    |   Page 11: 5 questions
2026-05-06 08:29:07,963 | INFO    |   Page 12: 5 questions
2026-05-06 08:29:11,447 | INFO    |   Page 13: 5 questions
2026-05-06 08:29:15,148 | INFO    |   Page 14: 4 questions
2026-05-06 08:29:18,846 | INFO    |   Page 15: 5 questions
2026-05-06 08:29:18,870 | INFO    | 💾 Saved at page 15 (72 questions)
2026-05-06 08:29:22,830 | INFO    |   Page 16: 5 questions
2026-05-06 08:29:26,442 | INFO    |   Page 17: 3 questions
2026-05-06 08:29:29,917 | INFO    |   Page 18: 5 questions
2026-05-06 08:29:33,457 | INFO    |   Page 19: 4 questions
2026-05-06 08:29:37,054 | INFO    |   Page 20: 5 questions
2026-05-06 08:29:37,078 | INFO    | 💾 Saved at page 20 (94 questions)
2026-05-06 08:29:40,700 | INFO    |   Page 21: 5 questions
2026-05-06 08:29:44,198 | INFO    |   Page 22: 5 questions
2026-05-06 08:29:47,676 | INFO    |   Page 23: 5 questions
2026-05-06 08:29:51,401 | INFO    |   Page 24: 5 questions
2026-05-06 08:29:54,888 | INFO    |   Page 25: 5 questions
2026-05-06 08:29:54,920 | INFO    | 💾 Saved at page 25 (119 questions)
2026-05-06 08:29:58,467 | INFO    |   Page 26: 5 questions
2026-05-06 08:30:02,151 | INFO    |   Page 27: 5 questions
2026-05-06 08:30:05,622 | INFO    |   Page 28: 5 questions
2026-05-06 08:30:09,124 | INFO    |   Page 29: 4 questions
2026-05-06 08:30:13,011 | INFO    |   Page 30: 5 questions
2026-05-06 08:30:13,051 | INFO    | 💾 Saved at page 30 (143 questions)
2026-05-06 08:30:16,617 | INFO    |   Page 31: 5 questions
2026-05-06 08:30:20,308 | INFO    |   Page 32: 5 questions
2026-05-06 08:30:23,980 | INFO    |   Page 33: 5 questions
2026-05-06 08:30:27,650 | INFO    |   Page 34: 5 questions
2026-05-06 08:30:31,077 | INFO    |   Page 35: 5 questions
2026-05-06 08:30:31,110 | INFO    | 💾 Saved at page 35 (167 questions)
2026-05-06 08:30:34,767 | INFO    |   Page 36: 5 questions
2026-05-06 08:30:38,332 | INFO    |   Page 37: 5 questions
2026-05-06 08:30:42,008 | INFO    |   Page 38: 4 questions
2026-05-06 08:30:45,543 | INFO    |   Page 39: 5 questions
2026-05-06 08:30:49,120 | INFO    |   Page 40: 5 questions
2026-05-06 08:30:49,160 | INFO    | 💾 Saved at page 40 (191 questions)
2026-05-06 08:30:52,676 | INFO    |   Page 41: 5 questions
2026-05-06 08:30:56,589 | INFO    |   Page 42: 5 questions
2026-05-06 08:31:00,151 | INFO    |   Page 43: 4 questions
2026-05-06 08:31:03,596 | INFO    |   Page 44: 5 questions
2026-05-06 08:31:07,025 | INFO    |   Page 45: 5 questions
2026-05-06 08:31:07,066 | INFO    | 💾 Saved at page 45 (215 questions)
2026-05-06 08:31:10,710 | INFO    |   Page 46: 5 questions
2026-05-06 08:31:14,272 | INFO    |   Page 47: 5 questions
2026-05-06 08:31:17,691 | INFO    |   Page 48: 5 questions
2026-05-06 08:31:21,152 | INFO    |   Page 49: 5 questions
2026-05-06 08:31:24,887 | INFO    |   Page 50: 5 questions
2026-05-06 08:31:24,952 | INFO    | 💾 Saved at page 50 (240 questions)
2026-05-06 08:31:28,618 | INFO    |   Page 51: 5 questions
2026-05-06 08:31:32,092 | INFO    |   Page 52: 5 questions
2026-05-06 08:31:35,600 | INFO    |   Page 53: 5 questions
2026-05-06 08:31:39,291 | INFO    |   Page 54: 5 questions
2026-05-06 08:31:42,908 | INFO    |   Page 55: 5 questions
2026-05-06 08:31:42,956 | INFO    | 💾 Saved at page 55 (263 questions)
2026-05-06 08:31:46,483 | INFO    |   Page 56: 5 questions
2026-05-06 08:31:49,976 | INFO    |   Page 57: 5 questions
2026-05-06 08:31:53,640 | INFO    |   Page 58: 5 questions
2026-05-06 08:31:57,276 | INFO    |   Page 59: 5 questions
2026-05-06 08:32:00,756 | INFO    |   Page 60: 5 questions
2026-05-06 08:32:00,797 | INFO    | 💾 Saved at page 60 (287 questions)
2026-05-06 08:32:04,494 | INFO    |   Page 61: 5 questions
2026-05-06 08:32:08,005 | INFO    |   Page 62: 5 questions
2026-05-06 08:32:11,505 | INFO    |   Page 63: 5 questions
2026-05-06 08:32:15,196 | INFO    |   Page 64: 5 questions
2026-05-06 08:32:18,878 | INFO    |   Page 65: 5 questions
2026-05-06 08:32:18,928 | INFO    | 💾 Saved at page 65 (311 questions)
2026-05-06 08:32:22,474 | INFO    |   Page 66: 5 questions
2026-05-06 08:32:26,251 | INFO    |   Page 67: 5 questions
2026-05-06 08:32:29,897 | INFO    |   Page 68: 5 questions
2026-05-06 08:32:33,280 | INFO    |   Page 69: 5 questions
2026-05-06 08:32:36,806 | INFO    |   Page 70: 5 questions
2026-05-06 08:32:36,857 | INFO    | 💾 Saved at page 70 (336 questions)
2026-05-06 08:32:40,355 | INFO    |   Page 71: 4 questions
2026-05-06 08:32:43,820 | INFO    |   Page 72: 5 questions
2026-05-06 08:32:47,355 | INFO    |   Page 73: 5 questions
2026-05-06 08:32:51,257 | INFO    |   Page 74: 5 questions
2026-05-06 08:32:54,851 | INFO    |   Page 75: 5 questions
2026-05-06 08:32:54,899 | INFO    | 💾 Saved at page 75 (360 questions)
2026-05-06 08:32:58,396 | INFO    |   Page 76: 5 questions
2026-05-06 08:33:01,980 | INFO    |   Page 77: 5 questions
2026-05-06 08:33:05,568 | INFO    |   Page 78: 5 questions
2026-05-06 08:33:09,286 | INFO    |   Page 79: 5 questions
2026-05-06 08:33:12,907 | INFO    |   Page 80: 5 questions
2026-05-06 08:33:12,963 | INFO    | 💾 Saved at page 80 (385 questions)
2026-05-06 08:33:16,426 | INFO    |   Page 81: 5 questions
2026-05-06 08:33:20,036 | INFO    |   Page 82: 5 questions
2026-05-06 08:33:23,727 | INFO    |   Page 83: 5 questions
2026-05-06 08:33:27,170 | INFO    |   Page 84: 5 questions
2026-05-06 08:33:30,578 | INFO    |   Page 85: 5 questions
2026-05-06 08:33:30,635 | INFO    | 💾 Saved at page 85 (410 questions)
2026-05-06 08:33:34,216 | INFO    |   Page 86: 5 questions
2026-05-06 08:33:37,697 | INFO    |   Page 87: 5 questions
2026-05-06 08:33:41,189 | INFO    |   Page 88: 5 questions
2026-05-06 08:33:44,636 | INFO    |   Page 89: 5 questions
2026-05-06 08:33:47,977 | INFO    |   Page 90: 5 questions
2026-05-06 08:33:48,041 | INFO    | 💾 Saved at page 90 (435 questions)
2026-05-06 08:33:51,428 | INFO    |   Page 91: 5 questions
2026-05-06 08:33:54,760 | INFO    |   Page 92: 5 questions
2026-05-06 08:33:58,201 | INFO    |   Page 93: 5 questions
2026-05-06 08:34:01,567 | INFO    |   Page 94: 5 questions
2026-05-06 08:34:05,228 | INFO    |   Page 95: 5 questions
2026-05-06 08:34:05,294 | INFO    | 💾 Saved at page 95 (460 questions)
2026-05-06 08:34:08,691 | INFO    |   Page 96: 5 questions
2026-05-06 08:34:12,200 | INFO    |   Page 97: 5 questions
2026-05-06 08:34:15,596 | INFO    |   Page 98: 4 questions
2026-05-06 08:34:18,965 | INFO    |   Page 99: 5 questions
2026-05-06 08:34:22,326 | INFO    |   Page 100: 4 questions
2026-05-06 08:34:22,390 | INFO    | 💾 Saved at page 100 (483 questions)
2026-05-06 08:34:25,866 | INFO    |   Page 101: 5 questions
2026-05-06 08:34:29,227 | INFO    |   Page 102: 5 questions
2026-05-06 08:34:32,545 | INFO    |   Page 103: 5 questions
2026-05-06 08:34:35,897 | INFO    |   Page 104: 5 questions
2026-05-06 08:34:39,318 | INFO    |   Page 105: 5 questions
2026-05-06 08:34:39,390 | INFO    | 💾 Saved at page 105 (508 questions)
2026-05-06 08:34:42,916 | INFO    |   Page 106: 5 questions
2026-05-06 08:34:46,314 | INFO    |   Page 107: 5 questions
2026-05-06 08:34:49,686 | INFO    |   Page 108: 4 questions
2026-05-06 08:34:53,065 | INFO    |   Page 109: 5 questions
2026-05-06 08:34:56,526 | INFO    |   Page 110: 5 questions
2026-05-06 08:34:56,598 | INFO    | 💾 Saved at page 110 (532 questions)
2026-05-06 08:35:00,070 | INFO    |   Page 111: 5 questions
2026-05-06 08:35:03,439 | INFO    |   Page 112: 5 questions
2026-05-06 08:35:06,796 | INFO    |   Page 113: 4 questions
2026-05-06 08:35:10,128 | INFO    |   Page 114: 5 questions
2026-05-06 08:35:13,446 | INFO    |   Page 115: 5 questions
2026-05-06 08:35:13,518 | INFO    | 💾 Saved at page 115 (555 questions)
2026-05-06 08:35:16,995 | INFO    |   Page 116: 5 questions
2026-05-06 08:35:20,349 | INFO    |   Page 117: 5 questions
2026-05-06 08:35:23,790 | INFO    |   Page 118: 4 questions
2026-05-06 08:35:27,131 | INFO    |   Page 119: 5 questions
2026-05-06 08:35:30,536 | INFO    |   Page 120: 5 questions
2026-05-06 08:35:30,609 | INFO    | 💾 Saved at page 120 (579 questions)
2026-05-06 08:35:34,139 | INFO    |   Page 121: 5 questions
2026-05-06 08:35:37,547 | INFO    |   Page 122: 4 questions
2026-05-06 08:35:40,970 | INFO    |   Page 123: 5 questions
2026-05-06 08:35:44,347 | INFO    |   Page 124: 5 questions
2026-05-06 08:35:47,738 | INFO    |   Page 125: 5 questions
2026-05-06 08:35:47,810 | INFO    | 💾 Saved at page 125 (603 questions)
2026-05-06 08:35:51,209 | INFO    |   Page 126: 5 questions
2026-05-06 08:35:54,585 | INFO    |   Page 127: 5 questions
2026-05-06 08:35:57,937 | INFO    |   Page 128: 5 questions
2026-05-06 08:36:01,290 | INFO    |   Page 129: 5 questions
2026-05-06 08:36:04,762 | INFO    |   Page 130: 5 questions
2026-05-06 08:36:04,834 | INFO    | 💾 Saved at page 130 (628 questions)
2026-05-06 08:36:08,402 | INFO    |   Page 131: 5 questions
2026-05-06 08:36:11,849 | INFO    |   Page 132: 5 questions
2026-05-06 08:36:15,211 | INFO    |   Page 133: 5 questions
2026-05-06 08:36:18,646 | INFO    |   Page 134: 5 questions
2026-05-06 08:36:22,106 | INFO    |   Page 135: 5 questions
2026-05-06 08:36:22,188 | INFO    | 💾 Saved at page 135 (652 questions)
2026-05-06 08:36:25,554 | INFO    |   Page 136: 5 questions
2026-05-06 08:36:29,058 | INFO    |   Page 137: 5 questions
2026-05-06 08:36:32,452 | INFO    |   Page 138: 5 questions
2026-05-06 08:36:35,823 | INFO    |   Page 139: 4 questions
2026-05-06 08:36:39,176 | INFO    |   Page 140: 5 questions
2026-05-06 08:36:39,266 | INFO    | 💾 Saved at page 140 (676 questions)
2026-05-06 08:36:42,691 | INFO    |   Page 141: 5 questions
2026-05-06 08:36:46,071 | INFO    |   Page 142: 5 questions
2026-05-06 08:36:49,482 | INFO    |   Page 143: 5 questions
2026-05-06 08:36:52,926 | INFO    |   Page 144: 5 questions
2026-05-06 08:36:56,311 | INFO    |   Page 145: 5 questions
2026-05-06 08:36:56,400 | INFO    | 💾 Saved at page 145 (701 questions)
2026-05-06 08:36:59,783 | INFO    |   Page 146: 5 questions
2026-05-06 08:37:03,231 | INFO    |   Page 147: 4 questions
2026-05-06 08:37:06,606 | INFO    |   Page 148: 5 questions
2026-05-06 08:37:09,955 | INFO    |   Page 149: 5 questions
2026-05-06 08:37:13,260 | INFO    |   Page 150: 5 questions
2026-05-06 08:37:13,350 | INFO    | 💾 Saved at page 150 (724 questions)
2026-05-06 08:37:16,782 | INFO    |   Page 151: 4 questions
2026-05-06 08:37:20,074 | INFO    |   Page 152: 5 questions
2026-05-06 08:37:23,517 | INFO    |   Page 153: 5 questions
2026-05-06 08:37:26,860 | INFO    |   Page 154: 5 questions
2026-05-06 08:37:30,276 | INFO    |   Page 155: 5 questions
2026-05-06 08:37:30,356 | INFO    | 💾 Saved at page 155 (748 questions)
2026-05-06 08:37:33,768 | INFO    |   Page 156: 5 questions
2026-05-06 08:37:37,220 | INFO    |   Page 157: 3 questions
2026-05-06 08:37:40,633 | INFO    |   Page 158: 5 questions
2026-05-06 08:37:43,997 | INFO    |   Page 159: 5 questions
2026-05-06 08:37:47,383 | INFO    |   Page 160: 5 questions
2026-05-06 08:37:47,471 | INFO    | 💾 Saved at page 160 (771 questions)
2026-05-06 08:37:51,009 | INFO    |   Page 161: 5 questions
2026-05-06 08:37:54,393 | INFO    |   Page 162: 5 questions
2026-05-06 08:37:57,734 | INFO    |   Page 163: 4 questions
2026-05-06 08:38:01,012 | INFO    |   Page 164: 5 questions
2026-05-06 08:38:04,591 | INFO    |   Page 165: 5 questions
2026-05-06 08:38:04,672 | INFO    | 💾 Saved at page 165 (794 questions)
2026-05-06 08:38:08,193 | INFO    |   Page 166: 5 questions
2026-05-06 08:38:11,599 | INFO    |   Page 167: 5 questions
2026-05-06 08:38:14,956 | INFO    |   Page 168: 4 questions
2026-05-06 08:38:18,419 | INFO    |   Page 169: 5 questions
2026-05-06 08:38:21,922 | INFO    |   Page 170: 5 questions
2026-05-06 08:38:22,018 | INFO    | 💾 Saved at page 170 (818 questions)
2026-05-06 08:38:25,458 | INFO    |   Page 171: 4 questions
2026-05-06 08:38:28,908 | INFO    |   Page 172: 5 questions
2026-05-06 08:38:32,432 | INFO    |   Page 173: 5 questions
2026-05-06 08:38:35,758 | INFO    |   Page 174: 5 questions
2026-05-06 08:38:39,220 | INFO    |   Page 175: 5 questions
2026-05-06 08:38:39,328 | INFO    | 💾 Saved at page 175 (842 questions)
2026-05-06 08:38:42,736 | INFO    |   Page 176: 5 questions
2026-05-06 08:38:46,127 | INFO    |   Page 177: 5 questions
2026-05-06 08:38:49,577 | INFO    |   Page 178: 5 questions
2026-05-06 08:38:52,992 | INFO    |   Page 179: 5 questions
2026-05-06 08:38:56,430 | INFO    |   Page 180: 5 questions
2026-05-06 08:38:56,534 | INFO    | 💾 Saved at page 180 (867 questions)
2026-05-06 08:39:00,022 | INFO    |   Page 181: 5 questions
2026-05-06 08:39:03,497 | INFO    |   Page 182: 5 questions
2026-05-06 08:39:06,835 | INFO    |   Page 183: 5 questions
2026-05-06 08:39:10,177 | INFO    |   Page 184: 5 questions
2026-05-06 08:39:13,506 | INFO    |   Page 185: 5 questions
2026-05-06 08:39:13,607 | INFO    | 💾 Saved at page 185 (891 questions)
2026-05-06 08:39:16,999 | INFO    |   Page 186: 4 questions
2026-05-06 08:39:20,332 | INFO    |   Page 187: 5 questions
2026-05-06 08:39:23,683 | INFO    |   Page 188: 5 questions
2026-05-06 08:39:27,121 | INFO    |   Page 189: 5 questions
2026-05-06 08:39:30,554 | INFO    |   Page 190: 5 questions
2026-05-06 08:39:30,658 | INFO    | 💾 Saved at page 190 (913 questions)
2026-05-06 08:39:34,167 | INFO    |   Page 191: 5 questions
2026-05-06 08:39:37,585 | INFO    |   Page 192: 4 questions
2026-05-06 08:39:41,019 | INFO    |   Page 193: 3 questions
2026-05-06 08:39:44,419 | INFO    |   Page 194: 4 questions
2026-05-06 08:39:47,790 | INFO    |   Page 195: 4 questions
2026-05-06 08:39:47,889 | INFO    | 💾 Saved at page 195 (932 questions)
2026-05-06 08:39:51,775 | INFO    |   Page 196: 5 questions
2026-05-06 08:39:55,169 | INFO    |   Page 197: 5 questions
2026-05-06 08:39:58,770 | INFO    |   Page 198: 5 questions
2026-05-06 08:40:02,571 | INFO    |   Page 199: 5 questions
2026-05-06 08:40:06,148 | INFO    |   Page 200: 5 questions
2026-05-06 08:40:06,263 | INFO    | 💾 Saved at page 200 (956 questions)
2026-05-06 08:40:09,952 | INFO    |   Page 201: 5 questions
2026-05-06 08:40:13,341 | INFO    |   Page 202: 4 questions
2026-05-06 08:40:16,730 | INFO    |   Page 203: 5 questions
2026-05-06 08:40:20,273 | INFO    |   Page 204: 5 questions
2026-05-06 08:40:23,652 | INFO    |   Page 205: 5 questions
2026-05-06 08:40:23,748 | INFO    | 💾 Saved at page 205 (979 questions)
2026-05-06 08:40:27,390 | INFO    |   Page 206: 5 questions
2026-05-06 08:40:30,754 | INFO    |   Page 207: 5 questions
2026-05-06 08:40:34,500 | INFO    |   Page 208: 5 questions
2026-05-06 08:40:37,958 | INFO    |   Page 209: 3 questions
2026-05-06 08:40:41,234 | INFO    |   Page 210: 5 questions
2026-05-06 08:40:41,340 | INFO    | 💾 Saved at page 210 (997 questions)
2026-05-06 08:40:44,751 | INFO    |   Page 211: 4 questions
2026-05-06 08:40:48,047 | INFO    |   Page 212: 4 questions
2026-05-06 08:40:51,437 | INFO    |   Page 213: 5 questions
2026-05-06 08:40:54,848 | INFO    |   Page 214: 5 questions
2026-05-06 08:40:58,516 | INFO    |   Page 215: 5 questions
2026-05-06 08:40:58,616 | INFO    | 💾 Saved at page 215 (1012 questions)
2026-05-06 08:41:02,130 | INFO    |   Page 216: 5 questions
2026-05-06 08:41:05,551 | INFO    |   Page 217: 5 questions
2026-05-06 08:41:09,161 | INFO    |   Page 218: 5 questions
2026-05-06 08:41:12,600 | INFO    |   Page 219: 5 questions
2026-05-06 08:41:16,000 | INFO    |   Page 220: 5 questions
2026-05-06 08:41:16,107 | INFO    | 💾 Saved at page 220 (1036 questions)
2026-05-06 08:41:19,551 | INFO    |   Page 221: 5 questions
2026-05-06 08:41:22,953 | INFO    |   Page 222: 5 questions
2026-05-06 08:41:26,321 | INFO    |   Page 223: 3 questions
2026-05-06 08:41:29,612 | INFO    |   Page 224: 5 questions
2026-05-06 08:41:33,062 | INFO    |   Page 225: 5 questions
2026-05-06 08:41:33,158 | INFO    | 💾 Saved at page 225 (1057 questions)
2026-05-06 08:41:36,554 | INFO    |   Page 226: 5 questions
2026-05-06 08:41:40,011 | INFO    |   Page 227: 5 questions
2026-05-06 08:41:43,562 | INFO    |   Page 228: 5 questions
2026-05-06 08:41:47,015 | INFO    |   Page 229: 5 questions
2026-05-06 08:41:50,482 | INFO    |   Page 230: 4 questions
2026-05-06 08:41:50,578 | INFO    | 💾 Saved at page 230 (1080 questions)
2026-05-06 08:41:53,954 | INFO    |   Page 231: 5 questions
2026-05-06 08:41:57,398 | INFO    |   Page 232: 5 questions
2026-05-06 08:42:00,765 | INFO    |   Page 233: 5 questions
2026-05-06 08:42:04,063 | INFO    |   Page 234: 5 questions
2026-05-06 08:42:07,418 | INFO    |   Page 235: 5 questions
2026-05-06 08:42:07,533 | INFO    | 💾 Saved at page 235 (1105 questions)
2026-05-06 08:42:11,058 | INFO    |   Page 236: 5 questions
2026-05-06 08:42:14,514 | INFO    |   Page 237: 2 questions
2026-05-06 08:42:17,977 | INFO    |   Page 238: 3 questions
2026-05-06 08:42:21,434 | INFO    |   Page 239: 3 questions
2026-05-06 08:42:24,938 | INFO    |   Page 240: 5 questions
2026-05-06 08:42:25,054 | INFO    | 💾 Saved at page 240 (1122 questions)
2026-05-06 08:42:28,531 | INFO    |   Page 241: 5 questions
2026-05-06 08:42:31,924 | INFO    |   Page 242: 2 questions
2026-05-06 08:42:35,760 | INFO    |   Page 243: 4 questions
2026-05-06 08:42:39,170 | INFO    |   Page 244: 4 questions
2026-05-06 08:42:42,518 | INFO    |   Page 245: 4 questions
2026-05-06 08:42:42,620 | INFO    | 💾 Saved at page 245 (1141 questions)
2026-05-06 08:42:46,042 | INFO    |   Page 246: 4 questions
2026-05-06 08:42:49,369 | INFO    |   Page 247: 3 questions
2026-05-06 08:42:52,740 | INFO    |   Page 248: 3 questions
2026-05-06 08:42:56,138 | INFO    |   Page 249: 5 questions
2026-05-06 08:42:59,743 | INFO    |   Page 250: 4 questions
2026-05-06 08:42:59,852 | INFO    | 💾 Saved at page 250 (1159 questions)
2026-05-06 08:43:03,301 | INFO    |   Page 251: 3 questions
2026-05-06 08:43:06,720 | INFO    |   Page 252: 3 questions
2026-05-06 08:43:10,156 | INFO    |   Page 253: 5 questions
2026-05-06 08:43:13,538 | INFO    |   Page 254: 3 questions
2026-05-06 08:43:17,010 | INFO    |   Page 255: 4 questions
2026-05-06 08:43:17,124 | INFO    | 💾 Saved at page 255 (1176 questions)
2026-05-06 08:43:20,516 | INFO    |   Page 256: 5 questions
2026-05-06 08:43:23,944 | INFO    |   Page 257: 5 questions
2026-05-06 08:43:27,471 | INFO    |   Page 258: 5 questions
2026-05-06 08:43:30,775 | INFO    |   Page 259: 3 questions
2026-05-06 08:43:34,216 | INFO    |   Page 260: 3 questions
2026-05-06 08:43:34,336 | INFO    | 💾 Saved at page 260 (1197 questions)
2026-05-06 08:43:37,792 | INFO    |   Page 261: 3 questions
2026-05-06 08:43:41,197 | INFO    |   Page 262: 3 questions
2026-05-06 08:43:44,674 | INFO    |   Page 263: 2 questions
2026-05-06 08:43:48,170 | INFO    |   Page 264: 4 questions
2026-05-06 08:43:51,597 | INFO    |   Page 265: 4 questions
2026-05-06 08:43:51,712 | INFO    | 💾 Saved at page 265 (1213 questions)
2026-05-06 08:43:55,395 | INFO    |   Page 266: 5 questions
2026-05-06 08:43:58,877 | INFO    |   Page 267: 5 questions
2026-05-06 08:44:02,348 | INFO    |   Page 268: 5 questions
2026-05-06 08:44:05,723 | INFO    |   Page 269: 4 questions
2026-05-06 08:44:09,111 | INFO    |   Page 270: 3 questions
2026-05-06 08:44:09,231 | INFO    | 💾 Saved at page 270 (1235 questions)
2026-05-06 08:44:12,884 | INFO    |   Page 271: 5 questions
2026-05-06 08:44:16,268 | INFO    |   Page 272: 2 questions
2026-05-06 08:44:19,673 | INFO    |   Page 273: 4 questions
2026-05-06 08:44:23,051 | INFO    |   Page 274: 3 questions
2026-05-06 08:44:26,761 | INFO    |   Page 275: 4 questions
2026-05-06 08:44:26,875 | INFO    | 💾 Saved at page 275 (1253 questions)
2026-05-06 08:44:30,388 | INFO    |   Page 276: 5 questions
2026-05-06 08:44:33,855 | INFO    |   Page 277: 5 questions
2026-05-06 08:44:37,202 | INFO    |   Page 278: 4 questions
2026-05-06 08:44:40,815 | INFO    |   Page 279: 5 questions
2026-05-06 08:44:44,610 | INFO    |   Page 280: 5 questions
2026-05-06 08:44:44,736 | INFO    | 💾 Saved at page 280 (1277 questions)
2026-05-06 08:44:48,208 | INFO    |   Page 281: 5 questions
2026-05-06 08:44:51,629 | INFO    |   Page 282: 3 questions
2026-05-06 08:44:55,329 | INFO    |   Page 283: 5 questions
2026-05-06 08:44:58,685 | INFO    |   Page 284: 5 questions
2026-05-06 08:45:02,079 | INFO    |   Page 285: 4 questions
2026-05-06 08:45:02,195 | INFO    | 💾 Saved at page 285 (1299 questions)
2026-05-06 08:45:05,607 | INFO    |   Page 286: 5 questions
2026-05-06 08:45:08,989 | INFO    |   Page 287: 4 questions
2026-05-06 08:45:12,363 | INFO    |   Page 288: 5 questions
2026-05-06 08:45:15,789 | INFO    |   Page 289: 5 questions
2026-05-06 08:45:19,155 | INFO    |   Page 290: 3 questions
2026-05-06 08:45:19,267 | INFO    | 💾 Saved at page 290 (1321 questions)
2026-05-06 08:45:22,659 | INFO    |   Page 291: 5 questions
2026-05-06 08:45:26,137 | INFO    |   Page 292: 5 questions
2026-05-06 08:45:29,631 | INFO    |   Page 293: 4 questions
2026-05-06 08:45:32,961 | INFO    |   Page 294: 5 questions
2026-05-06 08:45:36,312 | INFO    |   Page 295: 4 questions
2026-05-06 08:45:36,440 | INFO    | 💾 Saved at page 295 (1343 questions)
2026-05-06 08:45:39,890 | INFO    |   Page 296: 5 questions
2026-05-06 08:45:43,381 | INFO    |   Page 297: 5 questions
2026-05-06 08:45:46,963 | INFO    |   Page 298: 1 questions
2026-05-06 08:45:50,523 | INFO    |   Page 299: 5 questions
2026-05-06 08:45:53,913 | INFO    |   Page 300: 5 questions
2026-05-06 08:45:54,043 | INFO    | 💾 Saved at page 300 (1361 questions)
2026-05-06 08:45:57,432 | INFO    |   Page 301: 4 questions
2026-05-06 08:46:00,832 | INFO    |   Page 302: 3 questions
2026-05-06 08:46:04,228 | INFO    |   Page 303: 4 questions
2026-05-06 08:46:07,665 | INFO    |   Page 304: 5 questions
2026-05-06 08:46:11,007 | INFO    |   Page 305: 4 questions
2026-05-06 08:46:11,137 | INFO    | 💾 Saved at page 305 (1381 questions)
2026-05-06 08:46:14,687 | INFO    |   Page 306: 4 questions
2026-05-06 08:46:17,993 | INFO    |   Page 307: 4 questions
2026-05-06 08:46:21,402 | INFO    |   Page 308: 4 questions
2026-05-06 08:46:24,829 | INFO    |   Page 309: 4 questions
2026-05-06 08:46:28,304 | INFO    |   Page 310: 2 questions
2026-05-06 08:46:28,432 | INFO    | 💾 Saved at page 310 (1399 questions)
2026-05-06 08:46:31,893 | INFO    |   Page 311: 3 questions
2026-05-06 08:46:35,394 | INFO    |   Page 312: 4 questions
2026-05-06 08:46:39,122 | INFO    |   Page 313: 5 questions
2026-05-06 08:46:42,531 | INFO    |   Page 314: 4 questions
2026-05-06 08:46:45,930 | INFO    |   Page 315: 4 questions
2026-05-06 08:46:46,052 | INFO    | 💾 Saved at page 315 (1418 questions)
2026-05-06 08:46:49,488 | INFO    |   Page 316: 4 questions
2026-05-06 08:46:53,069 | INFO    |   Page 317: 5 questions
2026-05-06 08:46:56,440 | INFO    |   Page 318: 2 questions
2026-05-06 08:47:00,000 | INFO    |   Page 319: 4 questions
2026-05-06 08:47:03,640 | INFO    |   Page 320: 5 questions
2026-05-06 08:47:03,778 | INFO    | 💾 Saved at page 320 (1437 questions)
2026-05-06 08:47:07,384 | INFO    |   Page 321: 2 questions
2026-05-06 08:47:10,765 | INFO    |   Page 322: 4 questions
2026-05-06 08:47:14,153 | INFO    |   Page 323: 5 questions
2026-05-06 08:47:17,567 | INFO    |   Page 324: 4 questions
2026-05-06 08:47:20,928 | INFO    |   Page 325: 3 questions
2026-05-06 08:47:21,059 | INFO    | 💾 Saved at page 325 (1454 questions)
2026-05-06 08:47:22,115 | INFO    | ✅ Chemistry: 1454 questions saved.

2026-05-06 08:47:22,115 | INFO    | 
=======================================================
2026-05-06 08:47:22,115 | INFO    |   Scraping: Biology
2026-05-06 08:47:22,115 | INFO    | =======================================================
2026-05-06 08:47:33,780 | INFO    | Total pages: 420
2026-05-06 08:47:35,643 | INFO    |   Page 1: 5 questions
2026-05-06 08:47:38,970 | INFO    |   Page 2: 5 questions
2026-05-06 08:47:42,242 | INFO    |   Page 3: 5 questions
2026-05-06 08:47:45,519 | INFO    |   Page 4: 5 questions
2026-05-06 08:47:48,850 | INFO    |   Page 5: 5 questions
2026-05-06 08:47:48,866 | INFO    | 💾 Saved at page 5 (25 questions)
2026-05-06 08:47:52,248 | INFO    |   Page 6: 5 questions
2026-05-06 08:47:55,632 | INFO    |   Page 7: 5 questions
2026-05-06 08:47:58,894 | INFO    |   Page 8: 5 questions
2026-05-06 08:48:02,206 | INFO    |   Page 9: 5 questions
2026-05-06 08:48:05,592 | INFO    |   Page 10: 5 questions
2026-05-06 08:48:05,608 | INFO    | 💾 Saved at page 10 (50 questions)
2026-05-06 08:48:08,983 | INFO    |   Page 11: 5 questions
2026-05-06 08:48:12,350 | INFO    |   Page 12: 5 questions
2026-05-06 08:48:15,617 | INFO    |   Page 13: 5 questions
2026-05-06 08:48:18,892 | INFO    |   Page 14: 5 questions
2026-05-06 08:48:22,162 | INFO    |   Page 15: 5 questions
2026-05-06 08:48:22,186 | INFO    | 💾 Saved at page 15 (75 questions)
2026-05-06 08:48:25,606 | INFO    |   Page 16: 5 questions
2026-05-06 08:48:29,284 | INFO    |   Page 17: 5 questions
2026-05-06 08:48:32,759 | INFO    |   Page 18: 5 questions
2026-05-06 08:48:36,090 | INFO    |   Page 19: 5 questions
2026-05-06 08:48:39,418 | INFO    |   Page 20: 5 questions
2026-05-06 08:48:39,435 | INFO    | 💾 Saved at page 20 (100 questions)
2026-05-06 08:48:42,691 | INFO    |   Page 21: 5 questions
2026-05-06 08:48:46,221 | INFO    |   Page 22: 5 questions
2026-05-06 08:48:49,587 | INFO    |   Page 23: 5 questions
2026-05-06 08:48:53,033 | INFO    |   Page 24: 5 questions
2026-05-06 08:48:56,601 | INFO    |   Page 25: 5 questions
2026-05-06 08:48:56,633 | INFO    | 💾 Saved at page 25 (125 questions)
2026-05-06 08:49:00,072 | INFO    |   Page 26: 5 questions
2026-05-06 08:49:03,310 | INFO    |   Page 27: 5 questions
2026-05-06 08:49:06,771 | INFO    |   Page 28: 5 questions
2026-05-06 08:49:10,138 | INFO    |   Page 29: 5 questions
2026-05-06 08:49:13,500 | INFO    |   Page 30: 5 questions
2026-05-06 08:49:13,524 | INFO    | 💾 Saved at page 30 (150 questions)
2026-05-06 08:49:16,922 | INFO    |   Page 31: 5 questions
2026-05-06 08:49:20,365 | INFO    |   Page 32: 5 questions
2026-05-06 08:49:24,007 | INFO    |   Page 33: 5 questions
2026-05-06 08:49:27,523 | INFO    |   Page 34: 5 questions
2026-05-06 08:49:30,907 | INFO    |   Page 35: 5 questions
2026-05-06 08:49:30,939 | INFO    | 💾 Saved at page 35 (175 questions)
2026-05-06 08:49:34,505 | INFO    |   Page 36: 5 questions
2026-05-06 08:49:37,856 | INFO    |   Page 37: 5 questions
2026-05-06 08:49:41,172 | INFO    |   Page 38: 5 questions
2026-05-06 08:49:44,463 | INFO    |   Page 39: 5 questions
2026-05-06 08:49:47,762 | INFO    |   Page 40: 5 questions
2026-05-06 08:49:47,794 | INFO    | 💾 Saved at page 40 (200 questions)
2026-05-06 08:49:51,093 | INFO    |   Page 41: 5 questions
2026-05-06 08:49:54,543 | INFO    |   Page 42: 5 questions
2026-05-06 08:49:58,029 | INFO    |   Page 43: 5 questions
2026-05-06 08:50:01,396 | INFO    |   Page 44: 5 questions
2026-05-06 08:50:04,844 | INFO    |   Page 45: 5 questions
2026-05-06 08:50:04,927 | INFO    | 💾 Saved at page 45 (225 questions)
2026-05-06 08:50:08,182 | INFO    |   Page 46: 5 questions
2026-05-06 08:50:11,583 | INFO    |   Page 47: 5 questions
2026-05-06 08:50:15,011 | INFO    |   Page 48: 5 questions
2026-05-06 08:50:18,229 | INFO    |   Page 49: 5 questions
2026-05-06 08:50:21,460 | INFO    |   Page 50: 5 questions
2026-05-06 08:50:21,500 | INFO    | 💾 Saved at page 50 (250 questions)
2026-05-06 08:50:25,006 | INFO    |   Page 51: 5 questions
2026-05-06 08:50:28,288 | INFO    |   Page 52: 5 questions
2026-05-06 08:50:31,929 | INFO    |   Page 53: 5 questions
2026-05-06 08:50:35,220 | INFO    |   Page 54: 5 questions
2026-05-06 08:50:38,616 | INFO    |   Page 55: 5 questions
2026-05-06 08:50:38,656 | INFO    | 💾 Saved at page 55 (275 questions)
2026-05-06 08:50:41,948 | INFO    |   Page 56: 5 questions
2026-05-06 08:50:45,503 | INFO    |   Page 57: 5 questions
2026-05-06 08:50:49,110 | INFO    |   Page 58: 5 questions
2026-05-06 08:50:52,545 | INFO    |   Page 59: 5 questions
2026-05-06 08:50:55,898 | INFO    |   Page 60: 5 questions
2026-05-06 08:50:55,939 | INFO    | 💾 Saved at page 60 (299 questions)
2026-05-06 08:50:59,652 | INFO    |   Page 61: 5 questions
2026-05-06 08:51:02,859 | INFO    |   Page 62: 5 questions
2026-05-06 08:51:06,345 | INFO    |   Page 63: 5 questions
2026-05-06 08:51:10,025 | INFO    |   Page 64: 5 questions
2026-05-06 08:51:13,319 | INFO    |   Page 65: 5 questions
2026-05-06 08:51:13,359 | INFO    | 💾 Saved at page 65 (323 questions)
2026-05-06 08:51:16,747 | INFO    |   Page 66: 5 questions
2026-05-06 08:51:20,044 | INFO    |   Page 67: 5 questions
2026-05-06 08:51:23,434 | INFO    |   Page 68: 5 questions
2026-05-06 08:51:26,863 | INFO    |   Page 69: 5 questions
2026-05-06 08:51:30,294 | INFO    |   Page 70: 5 questions
2026-05-06 08:51:30,342 | INFO    | 💾 Saved at page 70 (348 questions)
2026-05-06 08:51:33,880 | INFO    |   Page 71: 5 questions
2026-05-06 08:51:37,364 | INFO    |   Page 72: 5 questions
2026-05-06 08:51:40,708 | INFO    |   Page 73: 5 questions
2026-05-06 08:51:43,993 | INFO    |   Page 74: 5 questions
2026-05-06 08:51:47,324 | INFO    |   Page 75: 5 questions
2026-05-06 08:51:47,381 | INFO    | 💾 Saved at page 75 (373 questions)
2026-05-06 08:51:50,722 | INFO    |   Page 76: 5 questions
2026-05-06 08:51:54,082 | INFO    |   Page 77: 5 questions
2026-05-06 08:51:57,584 | INFO    |   Page 78: 5 questions
2026-05-06 08:52:00,850 | INFO    |   Page 79: 5 questions
2026-05-06 08:52:04,261 | INFO    |   Page 80: 5 questions
2026-05-06 08:52:04,311 | INFO    | 💾 Saved at page 80 (398 questions)
2026-05-06 08:52:07,705 | INFO    |   Page 81: 5 questions
2026-05-06 08:52:10,975 | INFO    |   Page 82: 5 questions
2026-05-06 08:52:14,470 | INFO    |   Page 83: 5 questions
2026-05-06 08:52:17,857 | INFO    |   Page 84: 5 questions
2026-05-06 08:52:21,187 | INFO    |   Page 85: 5 questions
2026-05-06 08:52:21,245 | INFO    | 💾 Saved at page 85 (422 questions)
2026-05-06 08:52:24,859 | INFO    |   Page 86: 5 questions
2026-05-06 08:52:28,230 | INFO    |   Page 87: 5 questions
2026-05-06 08:52:31,832 | INFO    |   Page 88: 5 questions
2026-05-06 08:52:35,176 | INFO    |   Page 89: 5 questions
2026-05-06 08:52:38,557 | INFO    |   Page 90: 5 questions
2026-05-06 08:52:38,631 | INFO    | 💾 Saved at page 90 (447 questions)
2026-05-06 08:52:41,993 | INFO    |   Page 91: 5 questions
2026-05-06 08:52:45,545 | INFO    |   Page 92: 5 questions
2026-05-06 08:52:49,260 | INFO    |   Page 93: 5 questions
2026-05-06 08:52:52,995 | INFO    |   Page 94: 5 questions
2026-05-06 08:52:56,465 | INFO    |   Page 95: 5 questions
2026-05-06 08:52:56,530 | INFO    | 💾 Saved at page 95 (471 questions)
2026-05-06 08:53:00,090 | INFO    |   Page 96: 5 questions
2026-05-06 08:53:03,346 | INFO    |   Page 97: 5 questions
2026-05-06 08:53:06,690 | INFO    |   Page 98: 5 questions
2026-05-06 08:53:10,094 | INFO    |   Page 99: 5 questions
2026-05-06 08:53:13,393 | INFO    |   Page 100: 5 questions
2026-05-06 08:53:13,449 | INFO    | 💾 Saved at page 100 (495 questions)
2026-05-06 08:53:17,008 | INFO    |   Page 101: 5 questions
2026-05-06 08:53:20,459 | INFO    |   Page 102: 5 questions
2026-05-06 08:53:23,890 | INFO    |   Page 103: 5 questions
2026-05-06 08:53:27,273 | INFO    |   Page 104: 5 questions
2026-05-06 08:53:30,729 | INFO    |   Page 105: 5 questions
2026-05-06 08:53:30,785 | INFO    | 💾 Saved at page 105 (520 questions)
2026-05-06 08:53:34,494 | INFO    |   Page 106: 5 questions
2026-05-06 08:53:37,887 | INFO    |   Page 107: 5 questions
2026-05-06 08:53:41,555 | INFO    |   Page 108: 5 questions
2026-05-06 08:53:44,852 | INFO    |   Page 109: 5 questions
2026-05-06 08:53:48,148 | INFO    |   Page 110: 5 questions
2026-05-06 08:53:48,228 | INFO    | 💾 Saved at page 110 (544 questions)
2026-05-06 08:53:51,506 | INFO    |   Page 111: 5 questions
2026-05-06 08:53:54,939 | INFO    |   Page 112: 5 questions
2026-05-06 08:53:58,252 | INFO    |   Page 113: 5 questions
2026-05-06 08:54:01,674 | INFO    |   Page 114: 5 questions
2026-05-06 08:54:05,062 | INFO    |   Page 115: 5 questions
2026-05-06 08:54:05,119 | INFO    | 💾 Saved at page 115 (567 questions)
2026-05-06 08:54:08,803 | INFO    |   Page 116: 5 questions
2026-05-06 08:54:12,193 | INFO    |   Page 117: 5 questions
2026-05-06 08:54:15,803 | INFO    |   Page 118: 5 questions
2026-05-06 08:54:19,224 | INFO    |   Page 119: 5 questions
2026-05-06 08:54:22,873 | INFO    |   Page 120: 5 questions
2026-05-06 08:54:22,945 | INFO    | 💾 Saved at page 120 (592 questions)
2026-05-06 08:54:26,373 | INFO    |   Page 121: 5 questions
2026-05-06 08:54:29,610 | INFO    |   Page 122: 5 questions
2026-05-06 08:54:33,318 | INFO    |   Page 123: 5 questions
2026-05-06 08:54:36,711 | INFO    |   Page 124: 5 questions
2026-05-06 08:54:40,085 | INFO    |   Page 125: 5 questions
2026-05-06 08:54:40,157 | INFO    | 💾 Saved at page 125 (617 questions)
2026-05-06 08:54:43,875 | INFO    |   Page 126: 5 questions
2026-05-06 08:54:47,175 | INFO    |   Page 127: 5 questions
2026-05-06 08:54:50,587 | INFO    |   Page 128: 5 questions
2026-05-06 08:54:54,226 | INFO    |   Page 129: 5 questions
2026-05-06 08:54:57,669 | INFO    |   Page 130: 5 questions
2026-05-06 08:54:57,741 | INFO    | 💾 Saved at page 130 (641 questions)
2026-05-06 08:55:01,456 | INFO    |   Page 131: 5 questions
2026-05-06 08:55:04,885 | INFO    |   Page 132: 5 questions
2026-05-06 08:55:08,382 | INFO    |   Page 133: 5 questions
2026-05-06 08:55:11,652 | INFO    |   Page 134: 5 questions
2026-05-06 08:55:16,309 | INFO    |   Page 135: 5 questions
2026-05-06 08:55:16,381 | INFO    | 💾 Saved at page 135 (666 questions)
2026-05-06 08:55:19,850 | INFO    |   Page 136: 5 questions
2026-05-06 08:55:23,433 | INFO    |   Page 137: 5 questions
2026-05-06 08:55:26,707 | INFO    |   Page 138: 5 questions
2026-05-06 08:55:30,125 | INFO    |   Page 139: 5 questions
2026-05-06 08:55:33,553 | INFO    |   Page 140: 5 questions
2026-05-06 08:55:33,627 | INFO    | 💾 Saved at page 140 (691 questions)
2026-05-06 08:56:18,525 | ERROR   | ✗ Page 141 failed: Page.goto: net::ERR_NETWORK_CHANGED at https://myschool.ng/classroom/biology?exam_type=waec&type=obj&page=141
Call log:
  - navigating to "https://myschool.ng/classroom/biology?exam_type=waec&type=obj&page=141", waiting until "domcontentloaded"

2026-05-06 08:56:20,718 | ERROR   | ✗ Page 142 failed: Page.goto: net::ERR_INTERNET_DISCONNECTED at https://myschool.ng/classroom/biology?exam_type=waec&type=obj&page=142
Call log:
  - navigating to "https://myschool.ng/classroom/biology?exam_type=waec&type=obj&page=142", waiting until "domcontentloaded"

2026-05-06 08:56:22,787 | ERROR   | ✗ Page 143 failed: Page.goto: net::ERR_INTERNET_DISCONNECTED at https://myschool.ng/classroom/biology?exam_type=waec&type=obj&page=143
Call log:
  - navigating to "https://myschool.ng/classroom/biology?exam_type=waec&type=obj&page=143", waiting until "domcontentloaded"

2026-05-06 08:56:24,843 | ERROR   | ✗ Page 144 failed: Page.goto: net::ERR_INTERNET_DISCONNECTED at https://myschool.ng/classroom/biology?exam_type=waec&type=obj&page=144
Call log:
  - navigating to "https://myschool.ng/classroom/biology?exam_type=waec&type=obj&page=144", waiting until "domcontentloaded"

2026-05-06 08:56:26,905 | ERROR   | ✗ Page 145 failed: Page.goto: net::ERR_INTERNET_DISCONNECTED at https://myschool.ng/classroom/biology?exam_type=waec&type=obj&page=145
Call log:
  - navigating to "https://myschool.ng/classroom/biology?exam_type=waec&type=obj&page=145", waiting until "domcontentloaded"

2026-05-06 08:56:28,980 | ERROR   | ✗ Page 146 failed: Page.goto: net::ERR_INTERNET_DISCONNECTED at https://myschool.ng/classroom/biology?exam_type=waec&type=obj&page=146
Call log:
  - navigating to "https://myschool.ng/classroom/biology?exam_type=waec&type=obj&page=146", waiting until "domcontentloaded"

2026-05-06 08:56:31,043 | ERROR   | ✗ Page 147 failed: Page.goto: net::ERR_INTERNET_DISCONNECTED at https://myschool.ng/classroom/biology?exam_type=waec&type=obj&page=147
Call log:
  - navigating to "https://myschool.ng/classroom/biology?exam_type=waec&type=obj&page=147", waiting until "domcontentloaded"

2026-05-06 08:56:33,117 | ERROR   | ✗ Page 148 failed: Page.goto: net::ERR_INTERNET_DISCONNECTED at https://myschool.ng/classroom/biology?exam_type=waec&type=obj&page=148
Call log:
  - navigating to "https://myschool.ng/classroom/biology?exam_type=waec&type=obj&page=148", waiting until "domcontentloaded"

2026-05-06 08:56:35,195 | ERROR   | ✗ Page 149 failed: Page.goto: net::ERR_INTERNET_DISCONNECTED at https://myschool.ng/classroom/biology?exam_type=waec&type=obj&page=149
Call log:
  - navigating to "https://myschool.ng/classroom/biology?exam_type=waec&type=obj&page=149", waiting until "domcontentloaded"

2026-05-06 08:56:37,302 | ERROR   | ✗ Page 150 failed: Page.goto: net::ERR_INTERNET_DISCONNECTED at https://myschool.ng/classroom/biology?exam_type=waec&type=obj&page=150
Call log:
  - navigating to "https://myschool.ng/classroom/biology?exam_type=waec&type=obj&page=150", waiting until "domcontentloaded"

2026-05-06 08:56:39,421 | ERROR   | ✗ Page 151 failed: Page.goto: net::ERR_INTERNET_DISCONNECTED at https://myschool.ng/classroom/biology?exam_type=waec&type=obj&page=151
Call log:
  - navigating to "https://myschool.ng/classroom/biology?exam_type=waec&type=obj&page=151", waiting until "domcontentloaded"

2026-05-06 08:56:41,510 | ERROR   | ✗ Page 152 failed: Page.goto: net::ERR_INTERNET_DISCONNECTED at https://myschool.ng/classroom/biology?exam_type=waec&type=obj&page=152
Call log:
  - navigating to "https://myschool.ng/classroom/biology?exam_type=waec&type=obj&page=152", waiting until "domcontentloaded"

2026-05-06 08:56:43,632 | ERROR   | ✗ Page 153 failed: Page.goto: net::ERR_INTERNET_DISCONNECTED at https://myschool.ng/classroom/biology?exam_type=waec&type=obj&page=153
Call log:
  - navigating to "https://myschool.ng/classroom/biology?exam_type=waec&type=obj&page=153", waiting until "domcontentloaded"

2026-05-06 08:56:45,703 | ERROR   | ✗ Page 154 failed: Page.goto: net::ERR_INTERNET_DISCONNECTED at https://myschool.ng/classroom/biology?exam_type=waec&type=obj&page=154
Call log:
  - navigating to "https://myschool.ng/classroom/biology?exam_type=waec&type=obj&page=154", waiting until "domcontentloaded"

2026-05-06 08:56:47,791 | ERROR   | ✗ Page 155 failed: Page.goto: net::ERR_INTERNET_DISCONNECTED at https://myschool.ng/classroom/biology?exam_type=waec&type=obj&page=155
Call log:
  - navigating to "https://myschool.ng/classroom/biology?exam_type=waec&type=obj&page=155", waiting until "domcontentloaded"

2026-05-06 08:56:49,857 | ERROR   | ✗ Page 156 failed: Page.goto: net::ERR_INTERNET_DISCONNECTED at https://myschool.ng/classroom/biology?exam_type=waec&type=obj&page=156
Call log:
  - navigating to "https://myschool.ng/classroom/biology?exam_type=waec&type=obj&page=156", waiting until "domcontentloaded"

2026-05-06 08:56:51,956 | ERROR   | ✗ Page 157 failed: Page.goto: net::ERR_INTERNET_DISCONNECTED at https://myschool.ng/classroom/biology?exam_type=waec&type=obj&page=157
Call log:
  - navigating to "https://myschool.ng/classroom/biology?exam_type=waec&type=obj&page=157", waiting until "domcontentloaded"

2026-05-06 08:56:54,059 | ERROR   | ✗ Page 158 failed: Page.goto: net::ERR_INTERNET_DISCONNECTED at https://myschool.ng/classroom/biology?exam_type=waec&type=obj&page=158
Call log:
  - navigating to "https://myschool.ng/classroom/biology?exam_type=waec&type=obj&page=158", waiting until "domcontentloaded"

2026-05-06 08:56:56,193 | ERROR   | ✗ Page 159 failed: Page.goto: net::ERR_INTERNET_DISCONNECTED at https://myschool.ng/classroom/biology?exam_type=waec&type=obj&page=159
Call log:
  - navigating to "https://myschool.ng/classroom/biology?exam_type=waec&type=obj&page=159", waiting until "domcontentloaded"

2026-05-06 08:56:58,244 | ERROR   | ✗ Page 160 failed: Page.goto: net::ERR_INTERNET_DISCONNECTED at https://myschool.ng/classroom/biology?exam_type=waec&type=obj&page=160
Call log:
  - navigating to "https://myschool.ng/classroom/biology?exam_type=waec&type=obj&page=160", waiting until "domcontentloaded"

2026-05-06 08:57:00,302 | ERROR   | ✗ Page 161 failed: Page.goto: net::ERR_INTERNET_DISCONNECTED at https://myschool.ng/classroom/biology?exam_type=waec&type=obj&page=161
Call log:
  - navigating to "https://myschool.ng/classroom/biology?exam_type=waec&type=obj&page=161", waiting until "domcontentloaded"

2026-05-06 08:57:02,412 | ERROR   | ✗ Page 162 failed: Page.goto: net::ERR_INTERNET_DISCONNECTED at https://myschool.ng/classroom/biology?exam_type=waec&type=obj&page=162
Call log:
  - navigating to "https://myschool.ng/classroom/biology?exam_type=waec&type=obj&page=162", waiting until "domcontentloaded"

2026-05-06 08:57:04,481 | ERROR   | ✗ Page 163 failed: Page.goto: net::ERR_INTERNET_DISCONNECTED at https://myschool.ng/classroom/biology?exam_type=waec&type=obj&page=163
Call log:
  - navigating to "https://myschool.ng/classroom/biology?exam_type=waec&type=obj&page=163", waiting until "domcontentloaded"

2026-05-06 08:57:06,540 | ERROR   | ✗ Page 164 failed: Page.goto: net::ERR_INTERNET_DISCONNECTED at https://myschool.ng/classroom/biology?exam_type=waec&type=obj&page=164
Call log:
  - navigating to "https://myschool.ng/classroom/biology?exam_type=waec&type=obj&page=164", waiting until "domcontentloaded"

2026-05-06 08:57:08,623 | ERROR   | ✗ Page 165 failed: Page.goto: net::ERR_INTERNET_DISCONNECTED at https://myschool.ng/classroom/biology?exam_type=waec&type=obj&page=165
Call log:
  - navigating to "https://myschool.ng/classroom/biology?exam_type=waec&type=obj&page=165", waiting until "domcontentloaded"

2026-05-06 08:57:10,675 | ERROR   | ✗ Page 166 failed: Page.goto: net::ERR_INTERNET_DISCONNECTED at https://myschool.ng/classroom/biology?exam_type=waec&type=obj&page=166
Call log:
  - navigating to "https://myschool.ng/classroom/biology?exam_type=waec&type=obj&page=166", waiting until "domcontentloaded"

2026-05-06 08:57:12,741 | ERROR   | ✗ Page 167 failed: Page.goto: net::ERR_INTERNET_DISCONNECTED at https://myschool.ng/classroom/biology?exam_type=waec&type=obj&page=167
Call log:
  - navigating to "https://myschool.ng/classroom/biology?exam_type=waec&type=obj&page=167", waiting until "domcontentloaded"

2026-05-06 08:57:14,836 | ERROR   | ✗ Page 168 failed: Page.goto: net::ERR_INTERNET_DISCONNECTED at https://myschool.ng/classroom/biology?exam_type=waec&type=obj&page=168
Call log:
  - navigating to "https://myschool.ng/classroom/biology?exam_type=waec&type=obj&page=168", waiting until "domcontentloaded"

2026-05-06 08:57:16,907 | ERROR   | ✗ Page 169 failed: Page.goto: net::ERR_INTERNET_DISCONNECTED at https://myschool.ng/classroom/biology?exam_type=waec&type=obj&page=169
Call log:
  - navigating to "https://myschool.ng/classroom/biology?exam_type=waec&type=obj&page=169", waiting until "domcontentloaded"

2026-05-06 08:57:18,998 | ERROR   | ✗ Page 170 failed: Page.goto: net::ERR_INTERNET_DISCONNECTED at https://myschool.ng/classroom/biology?exam_type=waec&type=obj&page=170
Call log:
  - navigating to "https://myschool.ng/classroom/biology?exam_type=waec&type=obj&page=170", waiting until "domcontentloaded"

2026-05-06 08:57:21,076 | ERROR   | ✗ Page 171 failed: Page.goto: net::ERR_INTERNET_DISCONNECTED at https://myschool.ng/classroom/biology?exam_type=waec&type=obj&page=171
Call log:
  - navigating to "https://myschool.ng/classroom/biology?exam_type=waec&type=obj&page=171", waiting until "domcontentloaded"

2026-05-06 08:57:23,154 | ERROR   | ✗ Page 172 failed: Page.goto: net::ERR_INTERNET_DISCONNECTED at https://myschool.ng/classroom/biology?exam_type=waec&type=obj&page=172
Call log:
  - navigating to "https://myschool.ng/classroom/biology?exam_type=waec&type=obj&page=172", waiting until "domcontentloaded"

2026-05-06 08:57:25,213 | ERROR   | ✗ Page 173 failed: Page.goto: net::ERR_INTERNET_DISCONNECTED at https://myschool.ng/classroom/biology?exam_type=waec&type=obj&page=173
Call log:
  - navigating to "https://myschool.ng/classroom/biology?exam_type=waec&type=obj&page=173", waiting until "domcontentloaded"

2026-05-06 08:57:27,300 | ERROR   | ✗ Page 174 failed: Page.goto: net::ERR_INTERNET_DISCONNECTED at https://myschool.ng/classroom/biology?exam_type=waec&type=obj&page=174
Call log:
  - navigating to "https://myschool.ng/classroom/biology?exam_type=waec&type=obj&page=174", waiting until "domcontentloaded"

2026-05-06 08:57:29,393 | ERROR   | ✗ Page 175 failed: Page.goto: net::ERR_INTERNET_DISCONNECTED at https://myschool.ng/classroom/biology?exam_type=waec&type=obj&page=175
Call log:
  - navigating to "https://myschool.ng/classroom/biology?exam_type=waec&type=obj&page=175", waiting until "domcontentloaded"

2026-05-06 08:57:31,482 | ERROR   | ✗ Page 176 failed: Page.goto: net::ERR_INTERNET_DISCONNECTED at https://myschool.ng/classroom/biology?exam_type=waec&type=obj&page=176
Call log:
  - navigating to "https://myschool.ng/classroom/biology?exam_type=waec&type=obj&page=176", waiting until "domcontentloaded"

2026-05-06 08:57:33,561 | ERROR   | ✗ Page 177 failed: Page.goto: net::ERR_INTERNET_DISCONNECTED at https://myschool.ng/classroom/biology?exam_type=waec&type=obj&page=177
Call log:
  - navigating to "https://myschool.ng/classroom/biology?exam_type=waec&type=obj&page=177", waiting until "domcontentloaded"

2026-05-06 08:57:35,626 | ERROR   | ✗ Page 178 failed: Page.goto: net::ERR_INTERNET_DISCONNECTED at https://myschool.ng/classroom/biology?exam_type=waec&type=obj&page=178
Call log:
  - navigating to "https://myschool.ng/classroom/biology?exam_type=waec&type=obj&page=178", waiting until "domcontentloaded"

2026-05-06 08:57:37,713 | ERROR   | ✗ Page 179 failed: Page.goto: net::ERR_INTERNET_DISCONNECTED at https://myschool.ng/classroom/biology?exam_type=waec&type=obj&page=179
Call log:
  - navigating to "https://myschool.ng/classroom/biology?exam_type=waec&type=obj&page=179", waiting until "domcontentloaded"

2026-05-06 08:57:39,788 | ERROR   | ✗ Page 180 failed: Page.goto: net::ERR_INTERNET_DISCONNECTED at https://myschool.ng/classroom/biology?exam_type=waec&type=obj&page=180
Call log:
  - navigating to "https://myschool.ng/classroom/biology?exam_type=waec&type=obj&page=180", waiting until "domcontentloaded"

2026-05-06 08:57:41,871 | ERROR   | ✗ Page 181 failed: Page.goto: net::ERR_INTERNET_DISCONNECTED at https://myschool.ng/classroom/biology?exam_type=waec&type=obj&page=181
Call log:
  - navigating to "https://myschool.ng/classroom/biology?exam_type=waec&type=obj&page=181", waiting until "domcontentloaded"

2026-05-06 08:57:43,937 | ERROR   | ✗ Page 182 failed: Page.goto: net::ERR_INTERNET_DISCONNECTED at https://myschool.ng/classroom/biology?exam_type=waec&type=obj&page=182
Call log:
  - navigating to "https://myschool.ng/classroom/biology?exam_type=waec&type=obj&page=182", waiting until "domcontentloaded"

2026-05-06 08:57:45,987 | ERROR   | ✗ Page 183 failed: Page.goto: net::ERR_INTERNET_DISCONNECTED at https://myschool.ng/classroom/biology?exam_type=waec&type=obj&page=183
Call log:
  - navigating to "https://myschool.ng/classroom/biology?exam_type=waec&type=obj&page=183", waiting until "domcontentloaded"

2026-05-06 08:57:48,038 | ERROR   | ✗ Page 184 failed: Page.goto: net::ERR_INTERNET_DISCONNECTED at https://myschool.ng/classroom/biology?exam_type=waec&type=obj&page=184
Call log:
  - navigating to "https://myschool.ng/classroom/biology?exam_type=waec&type=obj&page=184", waiting until "domcontentloaded"

2026-05-06 08:57:50,105 | ERROR   | ✗ Page 185 failed: Page.goto: net::ERR_INTERNET_DISCONNECTED at https://myschool.ng/classroom/biology?exam_type=waec&type=obj&page=185
Call log:
  - navigating to "https://myschool.ng/classroom/biology?exam_type=waec&type=obj&page=185", waiting until "domcontentloaded"

2026-05-06 08:57:52,164 | ERROR   | ✗ Page 186 failed: Page.goto: net::ERR_INTERNET_DISCONNECTED at https://myschool.ng/classroom/biology?exam_type=waec&type=obj&page=186
Call log:
  - navigating to "https://myschool.ng/classroom/biology?exam_type=waec&type=obj&page=186", waiting until "domcontentloaded"

2026-05-06 08:57:54,260 | ERROR   | ✗ Page 187 failed: Page.goto: net::ERR_INTERNET_DISCONNECTED at https://myschool.ng/classroom/biology?exam_type=waec&type=obj&page=187
Call log:
  - navigating to "https://myschool.ng/classroom/biology?exam_type=waec&type=obj&page=187", waiting until "domcontentloaded"

2026-05-06 08:57:56,344 | ERROR   | ✗ Page 188 failed: Page.goto: net::ERR_INTERNET_DISCONNECTED at https://myschool.ng/classroom/biology?exam_type=waec&type=obj&page=188
Call log:
  - navigating to "https://myschool.ng/classroom/biology?exam_type=waec&type=obj&page=188", waiting until "domcontentloaded"

2026-05-06 08:57:58,431 | ERROR   | ✗ Page 189 failed: Page.goto: net::ERR_INTERNET_DISCONNECTED at https://myschool.ng/classroom/biology?exam_type=waec&type=obj&page=189
Call log:
  - navigating to "https://myschool.ng/classroom/biology?exam_type=waec&type=obj&page=189", waiting until "domcontentloaded"

2026-05-06 08:58:00,499 | ERROR   | ✗ Page 190 failed: Page.goto: net::ERR_INTERNET_DISCONNECTED at https://myschool.ng/classroom/biology?exam_type=waec&type=obj&page=190
Call log:
  - navigating to "https://myschool.ng/classroom/biology?exam_type=waec&type=obj&page=190", waiting until "domcontentloaded"

2026-05-06 08:58:02,594 | ERROR   | ✗ Page 191 failed: Page.goto: net::ERR_INTERNET_DISCONNECTED at https://myschool.ng/classroom/biology?exam_type=waec&type=obj&page=191
Call log:
  - navigating to "https://myschool.ng/classroom/biology?exam_type=waec&type=obj&page=191", waiting until "domcontentloaded"

2026-05-06 08:58:04,660 | ERROR   | ✗ Page 192 failed: Page.goto: net::ERR_INTERNET_DISCONNECTED at https://myschool.ng/classroom/biology?exam_type=waec&type=obj&page=192
Call log:
  - navigating to "https://myschool.ng/classroom/biology?exam_type=waec&type=obj&page=192", waiting until "domcontentloaded"

2026-05-06 08:58:06,759 | ERROR   | ✗ Page 193 failed: Page.goto: net::ERR_INTERNET_DISCONNECTED at https://myschool.ng/classroom/biology?exam_type=waec&type=obj&page=193
Call log:
  - navigating to "https://myschool.ng/classroom/biology?exam_type=waec&type=obj&page=193", waiting until "domcontentloaded"

2026-05-06 08:58:08,799 | ERROR   | ✗ Page 194 failed: Page.goto: net::ERR_INTERNET_DISCONNECTED at https://myschool.ng/classroom/biology?exam_type=waec&type=obj&page=194
Call log:
  - navigating to "https://myschool.ng/classroom/biology?exam_type=waec&type=obj&page=194", waiting until "domcontentloaded"

2026-05-06 08:58:10,887 | ERROR   | ✗ Page 195 failed: Page.goto: net::ERR_INTERNET_DISCONNECTED at https://myschool.ng/classroom/biology?exam_type=waec&type=obj&page=195
Call log:
  - navigating to "https://myschool.ng/classroom/biology?exam_type=waec&type=obj&page=195", waiting until "domcontentloaded"

2026-05-06 08:58:12,968 | ERROR   | ✗ Page 196 failed: Page.goto: net::ERR_INTERNET_DISCONNECTED at https://myschool.ng/classroom/biology?exam_type=waec&type=obj&page=196
Call log:
  - navigating to "https://myschool.ng/classroom/biology?exam_type=waec&type=obj&page=196", waiting until "domcontentloaded"

2026-05-06 08:58:15,046 | ERROR   | ✗ Page 197 failed: Page.goto: net::ERR_INTERNET_DISCONNECTED at https://myschool.ng/classroom/biology?exam_type=waec&type=obj&page=197
Call log:
  - navigating to "https://myschool.ng/classroom/biology?exam_type=waec&type=obj&page=197", waiting until "domcontentloaded"

2026-05-06 08:58:17,111 | ERROR   | ✗ Page 198 failed: Page.goto: net::ERR_INTERNET_DISCONNECTED at https://myschool.ng/classroom/biology?exam_type=waec&type=obj&page=198
Call log:
  - navigating to "https://myschool.ng/classroom/biology?exam_type=waec&type=obj&page=198", waiting until "domcontentloaded"

2026-05-06 08:58:19,205 | ERROR   | ✗ Page 199 failed: Page.goto: net::ERR_INTERNET_DISCONNECTED at https://myschool.ng/classroom/biology?exam_type=waec&type=obj&page=199
Call log:
  - navigating to "https://myschool.ng/classroom/biology?exam_type=waec&type=obj&page=199", waiting until "domcontentloaded"

2026-05-06 08:58:21,308 | ERROR   | ✗ Page 200 failed: Page.goto: net::ERR_INTERNET_DISCONNECTED at https://myschool.ng/classroom/biology?exam_type=waec&type=obj&page=200
Call log:
  - navigating to "https://myschool.ng/classroom/biology?exam_type=waec&type=obj&page=200", waiting until "domcontentloaded"

2026-05-06 08:58:23,427 | ERROR   | ✗ Page 201 failed: Page.goto: net::ERR_INTERNET_DISCONNECTED at https://myschool.ng/classroom/biology?exam_type=waec&type=obj&page=201
Call log:
  - navigating to "https://myschool.ng/classroom/biology?exam_type=waec&type=obj&page=201", waiting until "domcontentloaded"

2026-05-06 08:58:25,503 | ERROR   | ✗ Page 202 failed: Page.goto: net::ERR_INTERNET_DISCONNECTED at https://myschool.ng/classroom/biology?exam_type=waec&type=obj&page=202
Call log:
  - navigating to "https://myschool.ng/classroom/biology?exam_type=waec&type=obj&page=202", waiting until "domcontentloaded"

2026-05-06 08:58:27,569 | ERROR   | ✗ Page 203 failed: Page.goto: net::ERR_INTERNET_DISCONNECTED at https://myschool.ng/classroom/biology?exam_type=waec&type=obj&page=203
Call log:
  - navigating to "https://myschool.ng/classroom/biology?exam_type=waec&type=obj&page=203", waiting until "domcontentloaded"

2026-05-06 08:58:29,615 | ERROR   | ✗ Page 204 failed: Page.goto: net::ERR_INTERNET_DISCONNECTED at https://myschool.ng/classroom/biology?exam_type=waec&type=obj&page=204
Call log:
  - navigating to "https://myschool.ng/classroom/biology?exam_type=waec&type=obj&page=204", waiting until "domcontentloaded"

2026-05-06 08:58:31,691 | ERROR   | ✗ Page 205 failed: Page.goto: net::ERR_INTERNET_DISCONNECTED at https://myschool.ng/classroom/biology?exam_type=waec&type=obj&page=205
Call log:
  - navigating to "https://myschool.ng/classroom/biology?exam_type=waec&type=obj&page=205", waiting until "domcontentloaded"

2026-05-06 08:58:33,794 | ERROR   | ✗ Page 206 failed: Page.goto: net::ERR_INTERNET_DISCONNECTED at https://myschool.ng/classroom/biology?exam_type=waec&type=obj&page=206
Call log:
  - navigating to "https://myschool.ng/classroom/biology?exam_type=waec&type=obj&page=206", waiting until "domcontentloaded"

2026-05-06 08:58:35,858 | ERROR   | ✗ Page 207 failed: Page.goto: net::ERR_INTERNET_DISCONNECTED at https://myschool.ng/classroom/biology?exam_type=waec&type=obj&page=207
Call log:
  - navigating to "https://myschool.ng/classroom/biology?exam_type=waec&type=obj&page=207", waiting until "domcontentloaded"

2026-05-06 08:58:37,908 | ERROR   | ✗ Page 208 failed: Page.goto: net::ERR_INTERNET_DISCONNECTED at https://myschool.ng/classroom/biology?exam_type=waec&type=obj&page=208
Call log:
  - navigating to "https://myschool.ng/classroom/biology?exam_type=waec&type=obj&page=208", waiting until "domcontentloaded"

2026-05-06 08:58:39,996 | ERROR   | ✗ Page 209 failed: Page.goto: net::ERR_INTERNET_DISCONNECTED at https://myschool.ng/classroom/biology?exam_type=waec&type=obj&page=209
Call log:
  - navigating to "https://myschool.ng/classroom/biology?exam_type=waec&type=obj&page=209", waiting until "domcontentloaded"

2026-05-06 08:58:42,090 | ERROR   | ✗ Page 210 failed: Page.goto: net::ERR_INTERNET_DISCONNECTED at https://myschool.ng/classroom/biology?exam_type=waec&type=obj&page=210
Call log:
  - navigating to "https://myschool.ng/classroom/biology?exam_type=waec&type=obj&page=210", waiting until "domcontentloaded"

2026-05-06 08:58:44,162 | ERROR   | ✗ Page 211 failed: Page.goto: net::ERR_INTERNET_DISCONNECTED at https://myschool.ng/classroom/biology?exam_type=waec&type=obj&page=211
Call log:
  - navigating to "https://myschool.ng/classroom/biology?exam_type=waec&type=obj&page=211", waiting until "domcontentloaded"

2026-05-06 08:58:46,256 | ERROR   | ✗ Page 212 failed: Page.goto: net::ERR_INTERNET_DISCONNECTED at https://myschool.ng/classroom/biology?exam_type=waec&type=obj&page=212
Call log:
  - navigating to "https://myschool.ng/classroom/biology?exam_type=waec&type=obj&page=212", waiting until "domcontentloaded"

2026-05-06 08:58:48,393 | ERROR   | ✗ Page 213 failed: Page.goto: net::ERR_INTERNET_DISCONNECTED at https://myschool.ng/classroom/biology?exam_type=waec&type=obj&page=213
Call log:
  - navigating to "https://myschool.ng/classroom/biology?exam_type=waec&type=obj&page=213", waiting until "domcontentloaded"

2026-05-06 08:58:50,506 | ERROR   | ✗ Page 214 failed: Page.goto: net::ERR_INTERNET_DISCONNECTED at https://myschool.ng/classroom/biology?exam_type=waec&type=obj&page=214
Call log:
  - navigating to "https://myschool.ng/classroom/biology?exam_type=waec&type=obj&page=214", waiting until "domcontentloaded"

2026-05-06 08:58:52,589 | ERROR   | ✗ Page 215 failed: Page.goto: net::ERR_INTERNET_DISCONNECTED at https://myschool.ng/classroom/biology?exam_type=waec&type=obj&page=215
Call log:
  - navigating to "https://myschool.ng/classroom/biology?exam_type=waec&type=obj&page=215", waiting until "domcontentloaded"

2026-05-06 08:58:54,673 | ERROR   | ✗ Page 216 failed: Page.goto: net::ERR_INTERNET_DISCONNECTED at https://myschool.ng/classroom/biology?exam_type=waec&type=obj&page=216
Call log:
  - navigating to "https://myschool.ng/classroom/biology?exam_type=waec&type=obj&page=216", waiting until "domcontentloaded"

2026-05-06 08:58:56,782 | ERROR   | ✗ Page 217 failed: Page.goto: net::ERR_INTERNET_DISCONNECTED at https://myschool.ng/classroom/biology?exam_type=waec&type=obj&page=217
Call log:
  - navigating to "https://myschool.ng/classroom/biology?exam_type=waec&type=obj&page=217", waiting until "domcontentloaded"

2026-05-06 08:58:58,870 | ERROR   | ✗ Page 218 failed: Page.goto: net::ERR_INTERNET_DISCONNECTED at https://myschool.ng/classroom/biology?exam_type=waec&type=obj&page=218
Call log:
  - navigating to "https://myschool.ng/classroom/biology?exam_type=waec&type=obj&page=218", waiting until "domcontentloaded"

2026-05-06 08:59:00,966 | ERROR   | ✗ Page 219 failed: Page.goto: net::ERR_INTERNET_DISCONNECTED at https://myschool.ng/classroom/biology?exam_type=waec&type=obj&page=219
Call log:
  - navigating to "https://myschool.ng/classroom/biology?exam_type=waec&type=obj&page=219", waiting until "domcontentloaded"

2026-05-06 08:59:03,049 | ERROR   | ✗ Page 220 failed: Page.goto: net::ERR_INTERNET_DISCONNECTED at https://myschool.ng/classroom/biology?exam_type=waec&type=obj&page=220
Call log:
  - navigating to "https://myschool.ng/classroom/biology?exam_type=waec&type=obj&page=220", waiting until "domcontentloaded"

2026-05-06 08:59:05,109 | ERROR   | ✗ Page 221 failed: Page.goto: net::ERR_INTERNET_DISCONNECTED at https://myschool.ng/classroom/biology?exam_type=waec&type=obj&page=221
Call log:
  - navigating to "https://myschool.ng/classroom/biology?exam_type=waec&type=obj&page=221", waiting until "domcontentloaded"

2026-05-06 08:59:07,202 | ERROR   | ✗ Page 222 failed: Page.goto: net::ERR_INTERNET_DISCONNECTED at https://myschool.ng/classroom/biology?exam_type=waec&type=obj&page=222
Call log:
  - navigating to "https://myschool.ng/classroom/biology?exam_type=waec&type=obj&page=222", waiting until "domcontentloaded"

2026-05-06 08:59:09,260 | ERROR   | ✗ Page 223 failed: Page.goto: net::ERR_INTERNET_DISCONNECTED at https://myschool.ng/classroom/biology?exam_type=waec&type=obj&page=223
Call log:
  - navigating to "https://myschool.ng/classroom/biology?exam_type=waec&type=obj&page=223", waiting until "domcontentloaded"

2026-05-06 08:59:11,312 | ERROR   | ✗ Page 224 failed: Page.goto: net::ERR_INTERNET_DISCONNECTED at https://myschool.ng/classroom/biology?exam_type=waec&type=obj&page=224
Call log:
  - navigating to "https://myschool.ng/classroom/biology?exam_type=waec&type=obj&page=224", waiting until "domcontentloaded"

2026-05-06 08:59:13,401 | ERROR   | ✗ Page 225 failed: Page.goto: net::ERR_INTERNET_DISCONNECTED at https://myschool.ng/classroom/biology?exam_type=waec&type=obj&page=225
Call log:
  - navigating to "https://myschool.ng/classroom/biology?exam_type=waec&type=obj&page=225", waiting until "domcontentloaded"

2026-05-06 08:59:15,510 | ERROR   | ✗ Page 226 failed: Page.goto: net::ERR_INTERNET_DISCONNECTED at https://myschool.ng/classroom/biology?exam_type=waec&type=obj&page=226
Call log:
  - navigating to "https://myschool.ng/classroom/biology?exam_type=waec&type=obj&page=226", waiting until "domcontentloaded"

2026-05-06 08:59:17,598 | ERROR   | ✗ Page 227 failed: Page.goto: net::ERR_INTERNET_DISCONNECTED at https://myschool.ng/classroom/biology?exam_type=waec&type=obj&page=227
Call log:
  - navigating to "https://myschool.ng/classroom/biology?exam_type=waec&type=obj&page=227", waiting until "domcontentloaded"

2026-05-06 08:59:19,708 | ERROR   | ✗ Page 228 failed: Page.goto: net::ERR_INTERNET_DISCONNECTED at https://myschool.ng/classroom/biology?exam_type=waec&type=obj&page=228
Call log:
  - navigating to "https://myschool.ng/classroom/biology?exam_type=waec&type=obj&page=228", waiting until "domcontentloaded"

2026-05-06 08:59:21,818 | ERROR   | ✗ Page 229 failed: Page.goto: net::ERR_INTERNET_DISCONNECTED at https://myschool.ng/classroom/biology?exam_type=waec&type=obj&page=229
Call log:
  - navigating to "https://myschool.ng/classroom/biology?exam_type=waec&type=obj&page=229", waiting until "domcontentloaded"

2026-05-06 08:59:23,902 | ERROR   | ✗ Page 230 failed: Page.goto: net::ERR_INTERNET_DISCONNECTED at https://myschool.ng/classroom/biology?exam_type=waec&type=obj&page=230
Call log:
  - navigating to "https://myschool.ng/classroom/biology?exam_type=waec&type=obj&page=230", waiting until "domcontentloaded"

2026-05-06 08:59:26,004 | ERROR   | ✗ Page 231 failed: Page.goto: net::ERR_INTERNET_DISCONNECTED at https://myschool.ng/classroom/biology?exam_type=waec&type=obj&page=231
Call log:
  - navigating to "https://myschool.ng/classroom/biology?exam_type=waec&type=obj&page=231", waiting until "domcontentloaded"

2026-05-06 08:59:28,080 | ERROR   | ✗ Page 232 failed: Page.goto: net::ERR_INTERNET_DISCONNECTED at https://myschool.ng/classroom/biology?exam_type=waec&type=obj&page=232
Call log:
  - navigating to "https://myschool.ng/classroom/biology?exam_type=waec&type=obj&page=232", waiting until "domcontentloaded"

2026-05-06 08:59:30,126 | ERROR   | ✗ Page 233 failed: Page.goto: net::ERR_INTERNET_DISCONNECTED at https://myschool.ng/classroom/biology?exam_type=waec&type=obj&page=233
Call log:
  - navigating to "https://myschool.ng/classroom/biology?exam_type=waec&type=obj&page=233", waiting until "domcontentloaded"

2026-05-06 08:59:32,204 | ERROR   | ✗ Page 234 failed: Page.goto: net::ERR_INTERNET_DISCONNECTED at https://myschool.ng/classroom/biology?exam_type=waec&type=obj&page=234
Call log:
  - navigating to "https://myschool.ng/classroom/biology?exam_type=waec&type=obj&page=234", waiting until "domcontentloaded"

2026-05-06 08:59:34,300 | ERROR   | ✗ Page 235 failed: Page.goto: net::ERR_INTERNET_DISCONNECTED at https://myschool.ng/classroom/biology?exam_type=waec&type=obj&page=235
Call log:
  - navigating to "https://myschool.ng/classroom/biology?exam_type=waec&type=obj&page=235", waiting until "domcontentloaded"

2026-05-06 08:59:36,367 | ERROR   | ✗ Page 236 failed: Page.goto: net::ERR_INTERNET_DISCONNECTED at https://myschool.ng/classroom/biology?exam_type=waec&type=obj&page=236
Call log:
  - navigating to "https://myschool.ng/classroom/biology?exam_type=waec&type=obj&page=236", waiting until "domcontentloaded"

2026-05-06 08:59:38,505 | ERROR   | ✗ Page 237 failed: Page.goto: net::ERR_INTERNET_DISCONNECTED at https://myschool.ng/classroom/biology?exam_type=waec&type=obj&page=237
Call log:
  - navigating to "https://myschool.ng/classroom/biology?exam_type=waec&type=obj&page=237", waiting until "domcontentloaded"

2026-05-06 08:59:40,592 | ERROR   | ✗ Page 238 failed: Page.goto: net::ERR_INTERNET_DISCONNECTED at https://myschool.ng/classroom/biology?exam_type=waec&type=obj&page=238
Call log:
  - navigating to "https://myschool.ng/classroom/biology?exam_type=waec&type=obj&page=238", waiting until "domcontentloaded"

2026-05-06 08:59:42,675 | ERROR   | ✗ Page 239 failed: Page.goto: net::ERR_INTERNET_DISCONNECTED at https://myschool.ng/classroom/biology?exam_type=waec&type=obj&page=239
Call log:
  - navigating to "https://myschool.ng/classroom/biology?exam_type=waec&type=obj&page=239", waiting until "domcontentloaded"

2026-05-06 08:59:44,762 | ERROR   | ✗ Page 240 failed: Page.goto: net::ERR_INTERNET_DISCONNECTED at https://myschool.ng/classroom/biology?exam_type=waec&type=obj&page=240
Call log:
  - navigating to "https://myschool.ng/classroom/biology?exam_type=waec&type=obj&page=240", waiting until "domcontentloaded"

2026-05-06 08:59:46,825 | ERROR   | ✗ Page 241 failed: Page.goto: net::ERR_INTERNET_DISCONNECTED at https://myschool.ng/classroom/biology?exam_type=waec&type=obj&page=241
Call log:
  - navigating to "https://myschool.ng/classroom/biology?exam_type=waec&type=obj&page=241", waiting until "domcontentloaded"

2026-05-06 08:59:48,892 | ERROR   | ✗ Page 242 failed: Page.goto: net::ERR_INTERNET_DISCONNECTED at https://myschool.ng/classroom/biology?exam_type=waec&type=obj&page=242
Call log:
  - navigating to "https://myschool.ng/classroom/biology?exam_type=waec&type=obj&page=242", waiting until "domcontentloaded"

2026-05-06 08:59:50,957 | ERROR   | ✗ Page 243 failed: Page.goto: net::ERR_INTERNET_DISCONNECTED at https://myschool.ng/classroom/biology?exam_type=waec&type=obj&page=243
Call log:
  - navigating to "https://myschool.ng/classroom/biology?exam_type=waec&type=obj&page=243", waiting until "domcontentloaded"

2026-05-06 08:59:53,014 | ERROR   | ✗ Page 244 failed: Page.goto: net::ERR_INTERNET_DISCONNECTED at https://myschool.ng/classroom/biology?exam_type=waec&type=obj&page=244
Call log:
  - navigating to "https://myschool.ng/classroom/biology?exam_type=waec&type=obj&page=244", waiting until "domcontentloaded"

2026-05-06 08:59:55,108 | ERROR   | ✗ Page 245 failed: Page.goto: net::ERR_INTERNET_DISCONNECTED at https://myschool.ng/classroom/biology?exam_type=waec&type=obj&page=245
Call log:
  - navigating to "https://myschool.ng/classroom/biology?exam_type=waec&type=obj&page=245", waiting until "domcontentloaded"

2026-05-06 08:59:57,238 | ERROR   | ✗ Page 246 failed: Page.goto: net::ERR_INTERNET_DISCONNECTED at https://myschool.ng/classroom/biology?exam_type=waec&type=obj&page=246
Call log:
  - navigating to "https://myschool.ng/classroom/biology?exam_type=waec&type=obj&page=246", waiting until "domcontentloaded"

2026-05-06 08:59:59,312 | ERROR   | ✗ Page 247 failed: Page.goto: net::ERR_INTERNET_DISCONNECTED at https://myschool.ng/classroom/biology?exam_type=waec&type=obj&page=247
Call log:
  - navigating to "https://myschool.ng/classroom/biology?exam_type=waec&type=obj&page=247", waiting until "domcontentloaded"

2026-05-06 09:00:01,434 | ERROR   | ✗ Page 248 failed: Page.goto: net::ERR_INTERNET_DISCONNECTED at https://myschool.ng/classroom/biology?exam_type=waec&type=obj&page=248
Call log:
  - navigating to "https://myschool.ng/classroom/biology?exam_type=waec&type=obj&page=248", waiting until "domcontentloaded"

2026-05-06 09:00:03,533 | ERROR   | ✗ Page 249 failed: Page.goto: net::ERR_INTERNET_DISCONNECTED at https://myschool.ng/classroom/biology?exam_type=waec&type=obj&page=249
Call log:
  - navigating to "https://myschool.ng/classroom/biology?exam_type=waec&type=obj&page=249", waiting until "domcontentloaded"

2026-05-06 09:00:05,625 | ERROR   | ✗ Page 250 failed: Page.goto: net::ERR_INTERNET_DISCONNECTED at https://myschool.ng/classroom/biology?exam_type=waec&type=obj&page=250
Call log:
  - navigating to "https://myschool.ng/classroom/biology?exam_type=waec&type=obj&page=250", waiting until "domcontentloaded"

2026-05-06 09:00:07,717 | ERROR   | ✗ Page 251 failed: Page.goto: net::ERR_INTERNET_DISCONNECTED at https://myschool.ng/classroom/biology?exam_type=waec&type=obj&page=251
Call log:
  - navigating to "https://myschool.ng/classroom/biology?exam_type=waec&type=obj&page=251", waiting until "domcontentloaded"

2026-05-06 09:00:09,809 | ERROR   | ✗ Page 252 failed: Page.goto: net::ERR_INTERNET_DISCONNECTED at https://myschool.ng/classroom/biology?exam_type=waec&type=obj&page=252
Call log:
  - navigating to "https://myschool.ng/classroom/biology?exam_type=waec&type=obj&page=252", waiting until "domcontentloaded"

2026-05-06 09:00:11,909 | ERROR   | ✗ Page 253 failed: Page.goto: net::ERR_INTERNET_DISCONNECTED at https://myschool.ng/classroom/biology?exam_type=waec&type=obj&page=253
Call log:
  - navigating to "https://myschool.ng/classroom/biology?exam_type=waec&type=obj&page=253", waiting until "domcontentloaded"

2026-05-06 09:00:13,980 | ERROR   | ✗ Page 254 failed: Page.goto: net::ERR_INTERNET_DISCONNECTED at https://myschool.ng/classroom/biology?exam_type=waec&type=obj&page=254
Call log:
  - navigating to "https://myschool.ng/classroom/biology?exam_type=waec&type=obj&page=254", waiting until "domcontentloaded"

2026-05-06 09:00:16,069 | ERROR   | ✗ Page 255 failed: Page.goto: net::ERR_INTERNET_DISCONNECTED at https://myschool.ng/classroom/biology?exam_type=waec&type=obj&page=255
Call log:
  - navigating to "https://myschool.ng/classroom/biology?exam_type=waec&type=obj&page=255", waiting until "domcontentloaded"

2026-05-06 09:00:18,175 | ERROR   | ✗ Page 256 failed: Page.goto: net::ERR_INTERNET_DISCONNECTED at https://myschool.ng/classroom/biology?exam_type=waec&type=obj&page=256
Call log:
  - navigating to "https://myschool.ng/classroom/biology?exam_type=waec&type=obj&page=256", waiting until "domcontentloaded"

2026-05-06 09:00:20,236 | ERROR   | ✗ Page 257 failed: Page.goto: net::ERR_INTERNET_DISCONNECTED at https://myschool.ng/classroom/biology?exam_type=waec&type=obj&page=257
Call log:
  - navigating to "https://myschool.ng/classroom/biology?exam_type=waec&type=obj&page=257", waiting until "domcontentloaded"

2026-05-06 09:00:22,319 | ERROR   | ✗ Page 258 failed: Page.goto: net::ERR_INTERNET_DISCONNECTED at https://myschool.ng/classroom/biology?exam_type=waec&type=obj&page=258
Call log:
  - navigating to "https://myschool.ng/classroom/biology?exam_type=waec&type=obj&page=258", waiting until "domcontentloaded"

2026-05-06 09:00:24,409 | ERROR   | ✗ Page 259 failed: Page.goto: net::ERR_INTERNET_DISCONNECTED at https://myschool.ng/classroom/biology?exam_type=waec&type=obj&page=259
Call log:
  - navigating to "https://myschool.ng/classroom/biology?exam_type=waec&type=obj&page=259", waiting until "domcontentloaded"

2026-05-06 09:00:26,476 | ERROR   | ✗ Page 260 failed: Page.goto: net::ERR_INTERNET_DISCONNECTED at https://myschool.ng/classroom/biology?exam_type=waec&type=obj&page=260
Call log:
  - navigating to "https://myschool.ng/classroom/biology?exam_type=waec&type=obj&page=260", waiting until "domcontentloaded"

2026-05-06 09:00:28,543 | ERROR   | ✗ Page 261 failed: Page.goto: net::ERR_INTERNET_DISCONNECTED at https://myschool.ng/classroom/biology?exam_type=waec&type=obj&page=261
Call log:
  - navigating to "https://myschool.ng/classroom/biology?exam_type=waec&type=obj&page=261", waiting until "domcontentloaded"

2026-05-06 09:00:30,600 | ERROR   | ✗ Page 262 failed: Page.goto: net::ERR_INTERNET_DISCONNECTED at https://myschool.ng/classroom/biology?exam_type=waec&type=obj&page=262
Call log:
  - navigating to "https://myschool.ng/classroom/biology?exam_type=waec&type=obj&page=262", waiting until "domcontentloaded"

2026-05-06 09:00:32,652 | ERROR   | ✗ Page 263 failed: Page.goto: net::ERR_INTERNET_DISCONNECTED at https://myschool.ng/classroom/biology?exam_type=waec&type=obj&page=263
Call log:
  - navigating to "https://myschool.ng/classroom/biology?exam_type=waec&type=obj&page=263", waiting until "domcontentloaded"

2026-05-06 09:00:34,743 | ERROR   | ✗ Page 264 failed: Page.goto: net::ERR_INTERNET_DISCONNECTED at https://myschool.ng/classroom/biology?exam_type=waec&type=obj&page=264
Call log:
  - navigating to "https://myschool.ng/classroom/biology?exam_type=waec&type=obj&page=264", waiting until "domcontentloaded"

2026-05-06 09:00:36,844 | ERROR   | ✗ Page 265 failed: Page.goto: net::ERR_INTERNET_DISCONNECTED at https://myschool.ng/classroom/biology?exam_type=waec&type=obj&page=265
Call log:
  - navigating to "https://myschool.ng/classroom/biology?exam_type=waec&type=obj&page=265", waiting until "domcontentloaded"

2026-05-06 09:00:38,912 | ERROR   | ✗ Page 266 failed: Page.goto: net::ERR_INTERNET_DISCONNECTED at https://myschool.ng/classroom/biology?exam_type=waec&type=obj&page=266
Call log:
  - navigating to "https://myschool.ng/classroom/biology?exam_type=waec&type=obj&page=266", waiting until "domcontentloaded"

2026-05-06 09:00:40,994 | ERROR   | ✗ Page 267 failed: Page.goto: net::ERR_INTERNET_DISCONNECTED at https://myschool.ng/classroom/biology?exam_type=waec&type=obj&page=267
Call log:
  - navigating to "https://myschool.ng/classroom/biology?exam_type=waec&type=obj&page=267", waiting until "domcontentloaded"

2026-05-06 09:00:43,074 | ERROR   | ✗ Page 268 failed: Page.goto: net::ERR_INTERNET_DISCONNECTED at https://myschool.ng/classroom/biology?exam_type=waec&type=obj&page=268
Call log:
  - navigating to "https://myschool.ng/classroom/biology?exam_type=waec&type=obj&page=268", waiting until "domcontentloaded"

2026-05-06 09:00:45,142 | ERROR   | ✗ Page 269 failed: Page.goto: net::ERR_INTERNET_DISCONNECTED at https://myschool.ng/classroom/biology?exam_type=waec&type=obj&page=269
Call log:
  - navigating to "https://myschool.ng/classroom/biology?exam_type=waec&type=obj&page=269", waiting until "domcontentloaded"

2026-05-06 09:00:47,261 | ERROR   | ✗ Page 270 failed: Page.goto: net::ERR_INTERNET_DISCONNECTED at https://myschool.ng/classroom/biology?exam_type=waec&type=obj&page=270
Call log:
  - navigating to "https://myschool.ng/classroom/biology?exam_type=waec&type=obj&page=270", waiting until "domcontentloaded"

2026-05-06 09:00:49,378 | ERROR   | ✗ Page 271 failed: Page.goto: net::ERR_INTERNET_DISCONNECTED at https://myschool.ng/classroom/biology?exam_type=waec&type=obj&page=271
Call log:
  - navigating to "https://myschool.ng/classroom/biology?exam_type=waec&type=obj&page=271", waiting until "domcontentloaded"

2026-05-06 09:00:51,503 | ERROR   | ✗ Page 272 failed: Page.goto: net::ERR_INTERNET_DISCONNECTED at https://myschool.ng/classroom/biology?exam_type=waec&type=obj&page=272
Call log:
  - navigating to "https://myschool.ng/classroom/biology?exam_type=waec&type=obj&page=272", waiting until "domcontentloaded"

2026-05-06 09:00:53,606 | ERROR   | ✗ Page 273 failed: Page.goto: net::ERR_INTERNET_DISCONNECTED at https://myschool.ng/classroom/biology?exam_type=waec&type=obj&page=273
Call log:
  - navigating to "https://myschool.ng/classroom/biology?exam_type=waec&type=obj&page=273", waiting until "domcontentloaded"

2026-05-06 09:00:55,694 | ERROR   | ✗ Page 274 failed: Page.goto: net::ERR_INTERNET_DISCONNECTED at https://myschool.ng/classroom/biology?exam_type=waec&type=obj&page=274
Call log:
  - navigating to "https://myschool.ng/classroom/biology?exam_type=waec&type=obj&page=274", waiting until "domcontentloaded"

2026-05-06 09:00:57,783 | ERROR   | ✗ Page 275 failed: Page.goto: net::ERR_INTERNET_DISCONNECTED at https://myschool.ng/classroom/biology?exam_type=waec&type=obj&page=275
Call log:
  - navigating to "https://myschool.ng/classroom/biology?exam_type=waec&type=obj&page=275", waiting until "domcontentloaded"

2026-05-06 09:00:59,866 | ERROR   | ✗ Page 276 failed: Page.goto: net::ERR_INTERNET_DISCONNECTED at https://myschool.ng/classroom/biology?exam_type=waec&type=obj&page=276
Call log:
  - navigating to "https://myschool.ng/classroom/biology?exam_type=waec&type=obj&page=276", waiting until "domcontentloaded"

2026-05-06 09:01:01,936 | ERROR   | ✗ Page 277 failed: Page.goto: net::ERR_INTERNET_DISCONNECTED at https://myschool.ng/classroom/biology?exam_type=waec&type=obj&page=277
Call log:
  - navigating to "https://myschool.ng/classroom/biology?exam_type=waec&type=obj&page=277", waiting until "domcontentloaded"

2026-05-06 09:01:04,026 | ERROR   | ✗ Page 278 failed: Page.goto: net::ERR_INTERNET_DISCONNECTED at https://myschool.ng/classroom/biology?exam_type=waec&type=obj&page=278
Call log:
  - navigating to "https://myschool.ng/classroom/biology?exam_type=waec&type=obj&page=278", waiting until "domcontentloaded"

2026-05-06 09:01:06,127 | ERROR   | ✗ Page 279 failed: Page.goto: net::ERR_INTERNET_DISCONNECTED at https://myschool.ng/classroom/biology?exam_type=waec&type=obj&page=279
Call log:
  - navigating to "https://myschool.ng/classroom/biology?exam_type=waec&type=obj&page=279", waiting until "domcontentloaded"

2026-05-06 09:01:08,173 | ERROR   | ✗ Page 280 failed: Page.goto: net::ERR_INTERNET_DISCONNECTED at https://myschool.ng/classroom/biology?exam_type=waec&type=obj&page=280
Call log:
  - navigating to "https://myschool.ng/classroom/biology?exam_type=waec&type=obj&page=280", waiting until "domcontentloaded"

2026-05-06 09:01:10,221 | ERROR   | ✗ Page 281 failed: Page.goto: net::ERR_INTERNET_DISCONNECTED at https://myschool.ng/classroom/biology?exam_type=waec&type=obj&page=281
Call log:
  - navigating to "https://myschool.ng/classroom/biology?exam_type=waec&type=obj&page=281", waiting until "domcontentloaded"

2026-05-06 09:01:12,330 | ERROR   | ✗ Page 282 failed: Page.goto: net::ERR_INTERNET_DISCONNECTED at https://myschool.ng/classroom/biology?exam_type=waec&type=obj&page=282
Call log:
  - navigating to "https://myschool.ng/classroom/biology?exam_type=waec&type=obj&page=282", waiting until "domcontentloaded"

2026-05-06 09:01:14,384 | ERROR   | ✗ Page 283 failed: Page.goto: net::ERR_INTERNET_DISCONNECTED at https://myschool.ng/classroom/biology?exam_type=waec&type=obj&page=283
Call log:
  - navigating to "https://myschool.ng/classroom/biology?exam_type=waec&type=obj&page=283", waiting until "domcontentloaded"

2026-05-06 09:01:16,450 | ERROR   | ✗ Page 284 failed: Page.goto: net::ERR_INTERNET_DISCONNECTED at https://myschool.ng/classroom/biology?exam_type=waec&type=obj&page=284
Call log:
  - navigating to "https://myschool.ng/classroom/biology?exam_type=waec&type=obj&page=284", waiting until "domcontentloaded"

2026-05-06 09:01:18,602 | ERROR   | ✗ Page 285 failed: Page.goto: net::ERR_INTERNET_DISCONNECTED at https://myschool.ng/classroom/biology?exam_type=waec&type=obj&page=285
Call log:
  - navigating to "https://myschool.ng/classroom/biology?exam_type=waec&type=obj&page=285", waiting until "domcontentloaded"

2026-05-06 09:01:20,707 | ERROR   | ✗ Page 286 failed: Page.goto: net::ERR_INTERNET_DISCONNECTED at https://myschool.ng/classroom/biology?exam_type=waec&type=obj&page=286
Call log:
  - navigating to "https://myschool.ng/classroom/biology?exam_type=waec&type=obj&page=286", waiting until "domcontentloaded"

2026-05-06 09:01:22,793 | ERROR   | ✗ Page 287 failed: Page.goto: net::ERR_INTERNET_DISCONNECTED at https://myschool.ng/classroom/biology?exam_type=waec&type=obj&page=287
Call log:
  - navigating to "https://myschool.ng/classroom/biology?exam_type=waec&type=obj&page=287", waiting until "domcontentloaded"

2026-05-06 09:01:24,886 | ERROR   | ✗ Page 288 failed: Page.goto: net::ERR_INTERNET_DISCONNECTED at https://myschool.ng/classroom/biology?exam_type=waec&type=obj&page=288
Call log:
  - navigating to "https://myschool.ng/classroom/biology?exam_type=waec&type=obj&page=288", waiting until "domcontentloaded"

2026-05-06 09:01:26,972 | ERROR   | ✗ Page 289 failed: Page.goto: net::ERR_INTERNET_DISCONNECTED at https://myschool.ng/classroom/biology?exam_type=waec&type=obj&page=289
Call log:
  - navigating to "https://myschool.ng/classroom/biology?exam_type=waec&type=obj&page=289", waiting until "domcontentloaded"

2026-05-06 09:01:29,041 | ERROR   | ✗ Page 290 failed: Page.goto: net::ERR_INTERNET_DISCONNECTED at https://myschool.ng/classroom/biology?exam_type=waec&type=obj&page=290
Call log:
  - navigating to "https://myschool.ng/classroom/biology?exam_type=waec&type=obj&page=290", waiting until "domcontentloaded"

2026-05-06 09:01:31,173 | ERROR   | ✗ Page 291 failed: Page.goto: net::ERR_INTERNET_DISCONNECTED at https://myschool.ng/classroom/biology?exam_type=waec&type=obj&page=291
Call log:
  - navigating to "https://myschool.ng/classroom/biology?exam_type=waec&type=obj&page=291", waiting until "domcontentloaded"

2026-05-06 09:01:33,260 | ERROR   | ✗ Page 292 failed: Page.goto: net::ERR_INTERNET_DISCONNECTED at https://myschool.ng/classroom/biology?exam_type=waec&type=obj&page=292
Call log:
  - navigating to "https://myschool.ng/classroom/biology?exam_type=waec&type=obj&page=292", waiting until "domcontentloaded"

2026-05-06 09:01:35,316 | ERROR   | ✗ Page 293 failed: Page.goto: net::ERR_INTERNET_DISCONNECTED at https://myschool.ng/classroom/biology?exam_type=waec&type=obj&page=293
Call log:
  - navigating to "https://myschool.ng/classroom/biology?exam_type=waec&type=obj&page=293", waiting until "domcontentloaded"

2026-05-06 09:01:37,418 | ERROR   | ✗ Page 294 failed: Page.goto: net::ERR_INTERNET_DISCONNECTED at https://myschool.ng/classroom/biology?exam_type=waec&type=obj&page=294
Call log:
  - navigating to "https://myschool.ng/classroom/biology?exam_type=waec&type=obj&page=294", waiting until "domcontentloaded"

2026-05-06 09:01:39,515 | ERROR   | ✗ Page 295 failed: Page.goto: net::ERR_INTERNET_DISCONNECTED at https://myschool.ng/classroom/biology?exam_type=waec&type=obj&page=295
Call log:
  - navigating to "https://myschool.ng/classroom/biology?exam_type=waec&type=obj&page=295", waiting until "domcontentloaded"

2026-05-06 09:01:41,604 | ERROR   | ✗ Page 296 failed: Page.goto: net::ERR_INTERNET_DISCONNECTED at https://myschool.ng/classroom/biology?exam_type=waec&type=obj&page=296
Call log:
  - navigating to "https://myschool.ng/classroom/biology?exam_type=waec&type=obj&page=296", waiting until "domcontentloaded"

2026-05-06 09:01:43,714 | ERROR   | ✗ Page 297 failed: Page.goto: net::ERR_INTERNET_DISCONNECTED at https://myschool.ng/classroom/biology?exam_type=waec&type=obj&page=297
Call log:
  - navigating to "https://myschool.ng/classroom/biology?exam_type=waec&type=obj&page=297", waiting until "domcontentloaded"

2026-05-06 09:01:45,763 | ERROR   | ✗ Page 298 failed: Page.goto: net::ERR_INTERNET_DISCONNECTED at https://myschool.ng/classroom/biology?exam_type=waec&type=obj&page=298
Call log:
  - navigating to "https://myschool.ng/classroom/biology?exam_type=waec&type=obj&page=298", waiting until "domcontentloaded"

2026-05-06 09:01:47,818 | ERROR   | ✗ Page 299 failed: Page.goto: net::ERR_INTERNET_DISCONNECTED at https://myschool.ng/classroom/biology?exam_type=waec&type=obj&page=299
Call log:
  - navigating to "https://myschool.ng/classroom/biology?exam_type=waec&type=obj&page=299", waiting until "domcontentloaded"

2026-05-06 09:01:49,930 | ERROR   | ✗ Page 300 failed: Page.goto: net::ERR_INTERNET_DISCONNECTED at https://myschool.ng/classroom/biology?exam_type=waec&type=obj&page=300
Call log:
  - navigating to "https://myschool.ng/classroom/biology?exam_type=waec&type=obj&page=300", waiting until "domcontentloaded"

2026-05-06 09:01:51,967 | ERROR   | ✗ Page 301 failed: Page.goto: net::ERR_INTERNET_DISCONNECTED at https://myschool.ng/classroom/biology?exam_type=waec&type=obj&page=301
Call log:
  - navigating to "https://myschool.ng/classroom/biology?exam_type=waec&type=obj&page=301", waiting until "domcontentloaded"

2026-05-06 09:01:54,024 | ERROR   | ✗ Page 302 failed: Page.goto: net::ERR_INTERNET_DISCONNECTED at https://myschool.ng/classroom/biology?exam_type=waec&type=obj&page=302
Call log:
  - navigating to "https://myschool.ng/classroom/biology?exam_type=waec&type=obj&page=302", waiting until "domcontentloaded"

2026-05-06 09:01:56,079 | ERROR   | ✗ Page 303 failed: Page.goto: net::ERR_INTERNET_DISCONNECTED at https://myschool.ng/classroom/biology?exam_type=waec&type=obj&page=303
Call log:
  - navigating to "https://myschool.ng/classroom/biology?exam_type=waec&type=obj&page=303", waiting until "domcontentloaded"

2026-05-06 09:01:58,163 | ERROR   | ✗ Page 304 failed: Page.goto: net::ERR_INTERNET_DISCONNECTED at https://myschool.ng/classroom/biology?exam_type=waec&type=obj&page=304
Call log:
  - navigating to "https://myschool.ng/classroom/biology?exam_type=waec&type=obj&page=304", waiting until "domcontentloaded"

2026-05-06 09:02:00,268 | ERROR   | ✗ Page 305 failed: Page.goto: net::ERR_INTERNET_DISCONNECTED at https://myschool.ng/classroom/biology?exam_type=waec&type=obj&page=305
Call log:
  - navigating to "https://myschool.ng/classroom/biology?exam_type=waec&type=obj&page=305", waiting until "domcontentloaded"

2026-05-06 09:02:02,366 | ERROR   | ✗ Page 306 failed: Page.goto: net::ERR_INTERNET_DISCONNECTED at https://myschool.ng/classroom/biology?exam_type=waec&type=obj&page=306
Call log:
  - navigating to "https://myschool.ng/classroom/biology?exam_type=waec&type=obj&page=306", waiting until "domcontentloaded"

2026-05-06 09:02:04,456 | ERROR   | ✗ Page 307 failed: Page.goto: net::ERR_INTERNET_DISCONNECTED at https://myschool.ng/classroom/biology?exam_type=waec&type=obj&page=307
Call log:
  - navigating to "https://myschool.ng/classroom/biology?exam_type=waec&type=obj&page=307", waiting until "domcontentloaded"

2026-05-06 09:02:06,554 | ERROR   | ✗ Page 308 failed: Page.goto: net::ERR_INTERNET_DISCONNECTED at https://myschool.ng/classroom/biology?exam_type=waec&type=obj&page=308
Call log:
  - navigating to "https://myschool.ng/classroom/biology?exam_type=waec&type=obj&page=308", waiting until "domcontentloaded"

2026-05-06 09:02:08,640 | ERROR   | ✗ Page 309 failed: Page.goto: net::ERR_INTERNET_DISCONNECTED at https://myschool.ng/classroom/biology?exam_type=waec&type=obj&page=309
Call log:
  - navigating to "https://myschool.ng/classroom/biology?exam_type=waec&type=obj&page=309", waiting until "domcontentloaded"

2026-05-06 09:02:10,722 | ERROR   | ✗ Page 310 failed: Page.goto: net::ERR_INTERNET_DISCONNECTED at https://myschool.ng/classroom/biology?exam_type=waec&type=obj&page=310
Call log:
  - navigating to "https://myschool.ng/classroom/biology?exam_type=waec&type=obj&page=310", waiting until "domcontentloaded"

2026-05-06 09:02:12,803 | ERROR   | ✗ Page 311 failed: Page.goto: net::ERR_INTERNET_DISCONNECTED at https://myschool.ng/classroom/biology?exam_type=waec&type=obj&page=311
Call log:
  - navigating to "https://myschool.ng/classroom/biology?exam_type=waec&type=obj&page=311", waiting until "domcontentloaded"

2026-05-06 09:02:14,918 | ERROR   | ✗ Page 312 failed: Page.goto: net::ERR_INTERNET_DISCONNECTED at https://myschool.ng/classroom/biology?exam_type=waec&type=obj&page=312
Call log:
  - navigating to "https://myschool.ng/classroom/biology?exam_type=waec&type=obj&page=312", waiting until "domcontentloaded"

2026-05-06 09:02:16,988 | ERROR   | ✗ Page 313 failed: Page.goto: net::ERR_INTERNET_DISCONNECTED at https://myschool.ng/classroom/biology?exam_type=waec&type=obj&page=313
Call log:
  - navigating to "https://myschool.ng/classroom/biology?exam_type=waec&type=obj&page=313", waiting until "domcontentloaded"

2026-05-06 09:02:19,067 | ERROR   | ✗ Page 314 failed: Page.goto: net::ERR_INTERNET_DISCONNECTED at https://myschool.ng/classroom/biology?exam_type=waec&type=obj&page=314
Call log:
  - navigating to "https://myschool.ng/classroom/biology?exam_type=waec&type=obj&page=314", waiting until "domcontentloaded"

2026-05-06 09:02:21,166 | ERROR   | ✗ Page 315 failed: Page.goto: net::ERR_INTERNET_DISCONNECTED at https://myschool.ng/classroom/biology?exam_type=waec&type=obj&page=315
Call log:
  - navigating to "https://myschool.ng/classroom/biology?exam_type=waec&type=obj&page=315", waiting until "domcontentloaded"

2026-05-06 09:02:23,254 | ERROR   | ✗ Page 316 failed: Page.goto: net::ERR_INTERNET_DISCONNECTED at https://myschool.ng/classroom/biology?exam_type=waec&type=obj&page=316
Call log:
  - navigating to "https://myschool.ng/classroom/biology?exam_type=waec&type=obj&page=316", waiting until "domcontentloaded"

2026-05-06 09:02:25,333 | ERROR   | ✗ Page 317 failed: Page.goto: net::ERR_INTERNET_DISCONNECTED at https://myschool.ng/classroom/biology?exam_type=waec&type=obj&page=317
Call log:
  - navigating to "https://myschool.ng/classroom/biology?exam_type=waec&type=obj&page=317", waiting until "domcontentloaded"

2026-05-06 09:02:27,436 | ERROR   | ✗ Page 318 failed: Page.goto: net::ERR_INTERNET_DISCONNECTED at https://myschool.ng/classroom/biology?exam_type=waec&type=obj&page=318
Call log:
  - navigating to "https://myschool.ng/classroom/biology?exam_type=waec&type=obj&page=318", waiting until "domcontentloaded"

2026-05-06 09:02:29,494 | ERROR   | ✗ Page 319 failed: Page.goto: net::ERR_INTERNET_DISCONNECTED at https://myschool.ng/classroom/biology?exam_type=waec&type=obj&page=319
Call log:
  - navigating to "https://myschool.ng/classroom/biology?exam_type=waec&type=obj&page=319", waiting until "domcontentloaded"

2026-05-06 09:02:31,543 | ERROR   | ✗ Page 320 failed: Page.goto: net::ERR_INTERNET_DISCONNECTED at https://myschool.ng/classroom/biology?exam_type=waec&type=obj&page=320
Call log:
  - navigating to "https://myschool.ng/classroom/biology?exam_type=waec&type=obj&page=320", waiting until "domcontentloaded"

2026-05-06 09:02:33,640 | ERROR   | ✗ Page 321 failed: Page.goto: net::ERR_INTERNET_DISCONNECTED at https://myschool.ng/classroom/biology?exam_type=waec&type=obj&page=321
Call log:
  - navigating to "https://myschool.ng/classroom/biology?exam_type=waec&type=obj&page=321", waiting until "domcontentloaded"

2026-05-06 09:02:35,693 | ERROR   | ✗ Page 322 failed: Page.goto: net::ERR_INTERNET_DISCONNECTED at https://myschool.ng/classroom/biology?exam_type=waec&type=obj&page=322
Call log:
  - navigating to "https://myschool.ng/classroom/biology?exam_type=waec&type=obj&page=322", waiting until "domcontentloaded"

2026-05-06 09:02:37,742 | ERROR   | ✗ Page 323 failed: Page.goto: net::ERR_INTERNET_DISCONNECTED at https://myschool.ng/classroom/biology?exam_type=waec&type=obj&page=323
Call log:
  - navigating to "https://myschool.ng/classroom/biology?exam_type=waec&type=obj&page=323", waiting until "domcontentloaded"

2026-05-06 09:02:39,888 | ERROR   | ✗ Page 324 failed: Page.goto: net::ERR_INTERNET_DISCONNECTED at https://myschool.ng/classroom/biology?exam_type=waec&type=obj&page=324
Call log:
  - navigating to "https://myschool.ng/classroom/biology?exam_type=waec&type=obj&page=324", waiting until "domcontentloaded"

2026-05-06 09:02:42,009 | ERROR   | ✗ Page 325 failed: Page.goto: net::ERR_INTERNET_DISCONNECTED at https://myschool.ng/classroom/biology?exam_type=waec&type=obj&page=325
Call log:
  - navigating to "https://myschool.ng/classroom/biology?exam_type=waec&type=obj&page=325", waiting until "domcontentloaded"

2026-05-06 09:02:44,107 | ERROR   | ✗ Page 326 failed: Page.goto: net::ERR_INTERNET_DISCONNECTED at https://myschool.ng/classroom/biology?exam_type=waec&type=obj&page=326
Call log:
  - navigating to "https://myschool.ng/classroom/biology?exam_type=waec&type=obj&page=326", waiting until "domcontentloaded"

2026-05-06 09:02:46,195 | ERROR   | ✗ Page 327 failed: Page.goto: net::ERR_INTERNET_DISCONNECTED at https://myschool.ng/classroom/biology?exam_type=waec&type=obj&page=327
Call log:
  - navigating to "https://myschool.ng/classroom/biology?exam_type=waec&type=obj&page=327", waiting until "domcontentloaded"

2026-05-06 09:02:48,293 | ERROR   | ✗ Page 328 failed: Page.goto: net::ERR_INTERNET_DISCONNECTED at https://myschool.ng/classroom/biology?exam_type=waec&type=obj&page=328
Call log:
  - navigating to "https://myschool.ng/classroom/biology?exam_type=waec&type=obj&page=328", waiting until "domcontentloaded"

2026-05-06 09:02:50,368 | ERROR   | ✗ Page 329 failed: Page.goto: net::ERR_INTERNET_DISCONNECTED at https://myschool.ng/classroom/biology?exam_type=waec&type=obj&page=329
Call log:
  - navigating to "https://myschool.ng/classroom/biology?exam_type=waec&type=obj&page=329", waiting until "domcontentloaded"

2026-05-06 09:02:52,462 | ERROR   | ✗ Page 330 failed: Page.goto: net::ERR_INTERNET_DISCONNECTED at https://myschool.ng/classroom/biology?exam_type=waec&type=obj&page=330
Call log:
  - navigating to "https://myschool.ng/classroom/biology?exam_type=waec&type=obj&page=330", waiting until "domcontentloaded"

2026-05-06 09:02:54,558 | ERROR   | ✗ Page 331 failed: Page.goto: net::ERR_INTERNET_DISCONNECTED at https://myschool.ng/classroom/biology?exam_type=waec&type=obj&page=331
Call log:
  - navigating to "https://myschool.ng/classroom/biology?exam_type=waec&type=obj&page=331", waiting until "domcontentloaded"

2026-05-06 09:02:56,661 | ERROR   | ✗ Page 332 failed: Page.goto: net::ERR_INTERNET_DISCONNECTED at https://myschool.ng/classroom/biology?exam_type=waec&type=obj&page=332
Call log:
  - navigating to "https://myschool.ng/classroom/biology?exam_type=waec&type=obj&page=332", waiting until "domcontentloaded"

2026-05-06 09:02:58,721 | ERROR   | ✗ Page 333 failed: Page.goto: net::ERR_INTERNET_DISCONNECTED at https://myschool.ng/classroom/biology?exam_type=waec&type=obj&page=333
Call log:
  - navigating to "https://myschool.ng/classroom/biology?exam_type=waec&type=obj&page=333", waiting until "domcontentloaded"

2026-05-06 09:03:00,828 | ERROR   | ✗ Page 334 failed: Page.goto: net::ERR_INTERNET_DISCONNECTED at https://myschool.ng/classroom/biology?exam_type=waec&type=obj&page=334
Call log:
  - navigating to "https://myschool.ng/classroom/biology?exam_type=waec&type=obj&page=334", waiting until "domcontentloaded"

2026-05-06 09:03:02,895 | ERROR   | ✗ Page 335 failed: Page.goto: net::ERR_INTERNET_DISCONNECTED at https://myschool.ng/classroom/biology?exam_type=waec&type=obj&page=335
Call log:
  - navigating to "https://myschool.ng/classroom/biology?exam_type=waec&type=obj&page=335", waiting until "domcontentloaded"

2026-05-06 09:03:04,995 | ERROR   | ✗ Page 336 failed: Page.goto: net::ERR_INTERNET_DISCONNECTED at https://myschool.ng/classroom/biology?exam_type=waec&type=obj&page=336
Call log:
  - navigating to "https://myschool.ng/classroom/biology?exam_type=waec&type=obj&page=336", waiting until "domcontentloaded"

2026-05-06 09:03:07,090 | ERROR   | ✗ Page 337 failed: Page.goto: net::ERR_INTERNET_DISCONNECTED at https://myschool.ng/classroom/biology?exam_type=waec&type=obj&page=337
Call log:
  - navigating to "https://myschool.ng/classroom/biology?exam_type=waec&type=obj&page=337", waiting until "domcontentloaded"

2026-05-06 09:03:09,157 | ERROR   | ✗ Page 338 failed: Page.goto: net::ERR_INTERNET_DISCONNECTED at https://myschool.ng/classroom/biology?exam_type=waec&type=obj&page=338
Call log:
  - navigating to "https://myschool.ng/classroom/biology?exam_type=waec&type=obj&page=338", waiting until "domcontentloaded"

2026-05-06 09:03:11,228 | ERROR   | ✗ Page 339 failed: Page.goto: net::ERR_INTERNET_DISCONNECTED at https://myschool.ng/classroom/biology?exam_type=waec&type=obj&page=339
Call log:
  - navigating to "https://myschool.ng/classroom/biology?exam_type=waec&type=obj&page=339", waiting until "domcontentloaded"

2026-05-06 09:03:13,296 | ERROR   | ✗ Page 340 failed: Page.goto: net::ERR_INTERNET_DISCONNECTED at https://myschool.ng/classroom/biology?exam_type=waec&type=obj&page=340
Call log:
  - navigating to "https://myschool.ng/classroom/biology?exam_type=waec&type=obj&page=340", waiting until "domcontentloaded"

2026-05-06 09:03:15,337 | ERROR   | ✗ Page 341 failed: Page.goto: net::ERR_INTERNET_DISCONNECTED at https://myschool.ng/classroom/biology?exam_type=waec&type=obj&page=341
Call log:
  - navigating to "https://myschool.ng/classroom/biology?exam_type=waec&type=obj&page=341", waiting until "domcontentloaded"

2026-05-06 09:03:17,444 | ERROR   | ✗ Page 342 failed: Page.goto: net::ERR_INTERNET_DISCONNECTED at https://myschool.ng/classroom/biology?exam_type=waec&type=obj&page=342
Call log:
  - navigating to "https://myschool.ng/classroom/biology?exam_type=waec&type=obj&page=342", waiting until "domcontentloaded"

2026-05-06 09:03:19,532 | ERROR   | ✗ Page 343 failed: Page.goto: net::ERR_INTERNET_DISCONNECTED at https://myschool.ng/classroom/biology?exam_type=waec&type=obj&page=343
Call log:
  - navigating to "https://myschool.ng/classroom/biology?exam_type=waec&type=obj&page=343", waiting until "domcontentloaded"

2026-05-06 09:03:21,621 | ERROR   | ✗ Page 344 failed: Page.goto: net::ERR_INTERNET_DISCONNECTED at https://myschool.ng/classroom/biology?exam_type=waec&type=obj&page=344
Call log:
  - navigating to "https://myschool.ng/classroom/biology?exam_type=waec&type=obj&page=344", waiting until "domcontentloaded"

2026-05-06 09:03:23,705 | ERROR   | ✗ Page 345 failed: Page.goto: net::ERR_INTERNET_DISCONNECTED at https://myschool.ng/classroom/biology?exam_type=waec&type=obj&page=345
Call log:
  - navigating to "https://myschool.ng/classroom/biology?exam_type=waec&type=obj&page=345", waiting until "domcontentloaded"

2026-05-06 09:03:25,807 | ERROR   | ✗ Page 346 failed: Page.goto: net::ERR_INTERNET_DISCONNECTED at https://myschool.ng/classroom/biology?exam_type=waec&type=obj&page=346
Call log:
  - navigating to "https://myschool.ng/classroom/biology?exam_type=waec&type=obj&page=346", waiting until "domcontentloaded"

2026-05-06 09:03:27,893 | ERROR   | ✗ Page 347 failed: Page.goto: net::ERR_INTERNET_DISCONNECTED at https://myschool.ng/classroom/biology?exam_type=waec&type=obj&page=347
Call log:
  - navigating to "https://myschool.ng/classroom/biology?exam_type=waec&type=obj&page=347", waiting until "domcontentloaded"

2026-05-06 09:03:29,998 | ERROR   | ✗ Page 348 failed: Page.goto: net::ERR_INTERNET_DISCONNECTED at https://myschool.ng/classroom/biology?exam_type=waec&type=obj&page=348
Call log:
  - navigating to "https://myschool.ng/classroom/biology?exam_type=waec&type=obj&page=348", waiting until "domcontentloaded"

2026-05-06 09:03:32,108 | ERROR   | ✗ Page 349 failed: Page.goto: net::ERR_INTERNET_DISCONNECTED at https://myschool.ng/classroom/biology?exam_type=waec&type=obj&page=349
Call log:
  - navigating to "https://myschool.ng/classroom/biology?exam_type=waec&type=obj&page=349", waiting until "domcontentloaded"

2026-05-06 09:03:34,210 | ERROR   | ✗ Page 350 failed: Page.goto: net::ERR_INTERNET_DISCONNECTED at https://myschool.ng/classroom/biology?exam_type=waec&type=obj&page=350
Call log:
  - navigating to "https://myschool.ng/classroom/biology?exam_type=waec&type=obj&page=350", waiting until "domcontentloaded"

2026-05-06 09:03:36,305 | ERROR   | ✗ Page 351 failed: Page.goto: net::ERR_INTERNET_DISCONNECTED at https://myschool.ng/classroom/biology?exam_type=waec&type=obj&page=351
Call log:
  - navigating to "https://myschool.ng/classroom/biology?exam_type=waec&type=obj&page=351", waiting until "domcontentloaded"

2026-05-06 09:03:38,442 | ERROR   | ✗ Page 352 failed: Page.goto: net::ERR_INTERNET_DISCONNECTED at https://myschool.ng/classroom/biology?exam_type=waec&type=obj&page=352
Call log:
  - navigating to "https://myschool.ng/classroom/biology?exam_type=waec&type=obj&page=352", waiting until "domcontentloaded"

2026-05-06 09:03:40,486 | ERROR   | ✗ Page 353 failed: Page.goto: net::ERR_INTERNET_DISCONNECTED at https://myschool.ng/classroom/biology?exam_type=waec&type=obj&page=353
Call log:
  - navigating to "https://myschool.ng/classroom/biology?exam_type=waec&type=obj&page=353", waiting until "domcontentloaded"

2026-05-06 09:03:42,583 | ERROR   | ✗ Page 354 failed: Page.goto: net::ERR_INTERNET_DISCONNECTED at https://myschool.ng/classroom/biology?exam_type=waec&type=obj&page=354
Call log:
  - navigating to "https://myschool.ng/classroom/biology?exam_type=waec&type=obj&page=354", waiting until "domcontentloaded"

2026-05-06 09:03:44,650 | ERROR   | ✗ Page 355 failed: Page.goto: net::ERR_INTERNET_DISCONNECTED at https://myschool.ng/classroom/biology?exam_type=waec&type=obj&page=355
Call log:
  - navigating to "https://myschool.ng/classroom/biology?exam_type=waec&type=obj&page=355", waiting until "domcontentloaded"

2026-05-06 09:03:46,720 | ERROR   | ✗ Page 356 failed: Page.goto: net::ERR_INTERNET_DISCONNECTED at https://myschool.ng/classroom/biology?exam_type=waec&type=obj&page=356
Call log:
  - navigating to "https://myschool.ng/classroom/biology?exam_type=waec&type=obj&page=356", waiting until "domcontentloaded"

2026-05-06 09:03:48,833 | ERROR   | ✗ Page 357 failed: Page.goto: net::ERR_INTERNET_DISCONNECTED at https://myschool.ng/classroom/biology?exam_type=waec&type=obj&page=357
Call log:
  - navigating to "https://myschool.ng/classroom/biology?exam_type=waec&type=obj&page=357", waiting until "domcontentloaded"

2026-05-06 09:03:50,894 | ERROR   | ✗ Page 358 failed: Page.goto: net::ERR_INTERNET_DISCONNECTED at https://myschool.ng/classroom/biology?exam_type=waec&type=obj&page=358
Call log:
  - navigating to "https://myschool.ng/classroom/biology?exam_type=waec&type=obj&page=358", waiting until "domcontentloaded"

2026-05-06 09:03:52,950 | ERROR   | ✗ Page 359 failed: Page.goto: net::ERR_INTERNET_DISCONNECTED at https://myschool.ng/classroom/biology?exam_type=waec&type=obj&page=359
Call log:
  - navigating to "https://myschool.ng/classroom/biology?exam_type=waec&type=obj&page=359", waiting until "domcontentloaded"

2026-05-06 09:03:55,025 | ERROR   | ✗ Page 360 failed: Page.goto: net::ERR_INTERNET_DISCONNECTED at https://myschool.ng/classroom/biology?exam_type=waec&type=obj&page=360
Call log:
  - navigating to "https://myschool.ng/classroom/biology?exam_type=waec&type=obj&page=360", waiting until "domcontentloaded"

2026-05-06 09:03:57,086 | ERROR   | ✗ Page 361 failed: Page.goto: net::ERR_INTERNET_DISCONNECTED at https://myschool.ng/classroom/biology?exam_type=waec&type=obj&page=361
Call log:
  - navigating to "https://myschool.ng/classroom/biology?exam_type=waec&type=obj&page=361", waiting until "domcontentloaded"

2026-05-06 09:03:59,392 | ERROR   | ✗ Page 362 failed: Page.goto: net::ERR_INTERNET_DISCONNECTED at https://myschool.ng/classroom/biology?exam_type=waec&type=obj&page=362
Call log:
  - navigating to "https://myschool.ng/classroom/biology?exam_type=waec&type=obj&page=362", waiting until "domcontentloaded"

2026-05-06 09:04:01,464 | ERROR   | ✗ Page 363 failed: Page.goto: net::ERR_INTERNET_DISCONNECTED at https://myschool.ng/classroom/biology?exam_type=waec&type=obj&page=363
Call log:
  - navigating to "https://myschool.ng/classroom/biology?exam_type=waec&type=obj&page=363", waiting until "domcontentloaded"

2026-05-06 09:04:03,575 | ERROR   | ✗ Page 364 failed: Page.goto: net::ERR_INTERNET_DISCONNECTED at https://myschool.ng/classroom/biology?exam_type=waec&type=obj&page=364
Call log:
  - navigating to "https://myschool.ng/classroom/biology?exam_type=waec&type=obj&page=364", waiting until "domcontentloaded"

2026-05-06 09:04:05,678 | ERROR   | ✗ Page 365 failed: Page.goto: net::ERR_INTERNET_DISCONNECTED at https://myschool.ng/classroom/biology?exam_type=waec&type=obj&page=365
Call log:
  - navigating to "https://myschool.ng/classroom/biology?exam_type=waec&type=obj&page=365", waiting until "domcontentloaded"

2026-05-06 09:04:07,770 | ERROR   | ✗ Page 366 failed: Page.goto: net::ERR_INTERNET_DISCONNECTED at https://myschool.ng/classroom/biology?exam_type=waec&type=obj&page=366
Call log:
  - navigating to "https://myschool.ng/classroom/biology?exam_type=waec&type=obj&page=366", waiting until "domcontentloaded"

2026-05-06 09:04:09,866 | ERROR   | ✗ Page 367 failed: Page.goto: net::ERR_INTERNET_DISCONNECTED at https://myschool.ng/classroom/biology?exam_type=waec&type=obj&page=367
Call log:
  - navigating to "https://myschool.ng/classroom/biology?exam_type=waec&type=obj&page=367", waiting until "domcontentloaded"

2026-05-06 09:04:11,961 | ERROR   | ✗ Page 368 failed: Page.goto: net::ERR_INTERNET_DISCONNECTED at https://myschool.ng/classroom/biology?exam_type=waec&type=obj&page=368
Call log:
  - navigating to "https://myschool.ng/classroom/biology?exam_type=waec&type=obj&page=368", waiting until "domcontentloaded"

2026-05-06 09:04:14,067 | ERROR   | ✗ Page 369 failed: Page.goto: net::ERR_INTERNET_DISCONNECTED at https://myschool.ng/classroom/biology?exam_type=waec&type=obj&page=369
Call log:
  - navigating to "https://myschool.ng/classroom/biology?exam_type=waec&type=obj&page=369", waiting until "domcontentloaded"

2026-05-06 09:04:16,165 | ERROR   | ✗ Page 370 failed: Page.goto: net::ERR_INTERNET_DISCONNECTED at https://myschool.ng/classroom/biology?exam_type=waec&type=obj&page=370
Call log:
  - navigating to "https://myschool.ng/classroom/biology?exam_type=waec&type=obj&page=370", waiting until "domcontentloaded"

2026-05-06 09:04:18,268 | ERROR   | ✗ Page 371 failed: Page.goto: net::ERR_INTERNET_DISCONNECTED at https://myschool.ng/classroom/biology?exam_type=waec&type=obj&page=371
Call log:
  - navigating to "https://myschool.ng/classroom/biology?exam_type=waec&type=obj&page=371", waiting until "domcontentloaded"

2026-05-06 09:04:20,332 | ERROR   | ✗ Page 372 failed: Page.goto: net::ERR_INTERNET_DISCONNECTED at https://myschool.ng/classroom/biology?exam_type=waec&type=obj&page=372
Call log:
  - navigating to "https://myschool.ng/classroom/biology?exam_type=waec&type=obj&page=372", waiting until "domcontentloaded"

2026-05-06 09:04:22,431 | ERROR   | ✗ Page 373 failed: Page.goto: net::ERR_INTERNET_DISCONNECTED at https://myschool.ng/classroom/biology?exam_type=waec&type=obj&page=373
Call log:
  - navigating to "https://myschool.ng/classroom/biology?exam_type=waec&type=obj&page=373", waiting until "domcontentloaded"

2026-05-06 09:04:24,543 | ERROR   | ✗ Page 374 failed: Page.goto: net::ERR_INTERNET_DISCONNECTED at https://myschool.ng/classroom/biology?exam_type=waec&type=obj&page=374
Call log:
  - navigating to "https://myschool.ng/classroom/biology?exam_type=waec&type=obj&page=374", waiting until "domcontentloaded"

2026-05-06 09:04:26,623 | ERROR   | ✗ Page 375 failed: Page.goto: net::ERR_INTERNET_DISCONNECTED at https://myschool.ng/classroom/biology?exam_type=waec&type=obj&page=375
Call log:
  - navigating to "https://myschool.ng/classroom/biology?exam_type=waec&type=obj&page=375", waiting until "domcontentloaded"

2026-05-06 09:04:28,708 | ERROR   | ✗ Page 376 failed: Page.goto: net::ERR_INTERNET_DISCONNECTED at https://myschool.ng/classroom/biology?exam_type=waec&type=obj&page=376
Call log:
  - navigating to "https://myschool.ng/classroom/biology?exam_type=waec&type=obj&page=376", waiting until "domcontentloaded"

2026-05-06 09:04:30,761 | ERROR   | ✗ Page 377 failed: Page.goto: net::ERR_INTERNET_DISCONNECTED at https://myschool.ng/classroom/biology?exam_type=waec&type=obj&page=377
Call log:
  - navigating to "https://myschool.ng/classroom/biology?exam_type=waec&type=obj&page=377", waiting until "domcontentloaded"

2026-05-06 09:04:32,829 | ERROR   | ✗ Page 378 failed: Page.goto: net::ERR_INTERNET_DISCONNECTED at https://myschool.ng/classroom/biology?exam_type=waec&type=obj&page=378
Call log:
  - navigating to "https://myschool.ng/classroom/biology?exam_type=waec&type=obj&page=378", waiting until "domcontentloaded"

2026-05-06 09:04:34,901 | ERROR   | ✗ Page 379 failed: Page.goto: net::ERR_INTERNET_DISCONNECTED at https://myschool.ng/classroom/biology?exam_type=waec&type=obj&page=379
Call log:
  - navigating to "https://myschool.ng/classroom/biology?exam_type=waec&type=obj&page=379", waiting until "domcontentloaded"

2026-05-06 09:04:36,964 | ERROR   | ✗ Page 380 failed: Page.goto: net::ERR_INTERNET_DISCONNECTED at https://myschool.ng/classroom/biology?exam_type=waec&type=obj&page=380
Call log:
  - navigating to "https://myschool.ng/classroom/biology?exam_type=waec&type=obj&page=380", waiting until "domcontentloaded"

2026-05-06 09:04:39,086 | ERROR   | ✗ Page 381 failed: Page.goto: net::ERR_INTERNET_DISCONNECTED at https://myschool.ng/classroom/biology?exam_type=waec&type=obj&page=381
Call log:
  - navigating to "https://myschool.ng/classroom/biology?exam_type=waec&type=obj&page=381", waiting until "domcontentloaded"

2026-05-06 09:04:41,200 | ERROR   | ✗ Page 382 failed: Page.goto: net::ERR_INTERNET_DISCONNECTED at https://myschool.ng/classroom/biology?exam_type=waec&type=obj&page=382
Call log:
  - navigating to "https://myschool.ng/classroom/biology?exam_type=waec&type=obj&page=382", waiting until "domcontentloaded"

2026-05-06 09:04:43,296 | ERROR   | ✗ Page 383 failed: Page.goto: net::ERR_INTERNET_DISCONNECTED at https://myschool.ng/classroom/biology?exam_type=waec&type=obj&page=383
Call log:
  - navigating to "https://myschool.ng/classroom/biology?exam_type=waec&type=obj&page=383", waiting until "domcontentloaded"

2026-05-06 09:04:45,412 | ERROR   | ✗ Page 384 failed: Page.goto: net::ERR_INTERNET_DISCONNECTED at https://myschool.ng/classroom/biology?exam_type=waec&type=obj&page=384
Call log:
  - navigating to "https://myschool.ng/classroom/biology?exam_type=waec&type=obj&page=384", waiting until "domcontentloaded"

2026-05-06 09:04:47,484 | ERROR   | ✗ Page 385 failed: Page.goto: net::ERR_INTERNET_DISCONNECTED at https://myschool.ng/classroom/biology?exam_type=waec&type=obj&page=385
Call log:
  - navigating to "https://myschool.ng/classroom/biology?exam_type=waec&type=obj&page=385", waiting until "domcontentloaded"

2026-05-06 09:04:49,557 | ERROR   | ✗ Page 386 failed: Page.goto: net::ERR_INTERNET_DISCONNECTED at https://myschool.ng/classroom/biology?exam_type=waec&type=obj&page=386
Call log:
  - navigating to "https://myschool.ng/classroom/biology?exam_type=waec&type=obj&page=386", waiting until "domcontentloaded"

2026-05-06 09:04:51,674 | ERROR   | ✗ Page 387 failed: Page.goto: net::ERR_INTERNET_DISCONNECTED at https://myschool.ng/classroom/biology?exam_type=waec&type=obj&page=387
Call log:
  - navigating to "https://myschool.ng/classroom/biology?exam_type=waec&type=obj&page=387", waiting until "domcontentloaded"

2026-05-06 09:04:53,765 | ERROR   | ✗ Page 388 failed: Page.goto: net::ERR_INTERNET_DISCONNECTED at https://myschool.ng/classroom/biology?exam_type=waec&type=obj&page=388
Call log:
  - navigating to "https://myschool.ng/classroom/biology?exam_type=waec&type=obj&page=388", waiting until "domcontentloaded"

2026-05-06 09:04:55,828 | ERROR   | ✗ Page 389 failed: Page.goto: net::ERR_INTERNET_DISCONNECTED at https://myschool.ng/classroom/biology?exam_type=waec&type=obj&page=389
Call log:
  - navigating to "https://myschool.ng/classroom/biology?exam_type=waec&type=obj&page=389", waiting until "domcontentloaded"

2026-05-06 09:04:57,923 | ERROR   | ✗ Page 390 failed: Page.goto: net::ERR_INTERNET_DISCONNECTED at https://myschool.ng/classroom/biology?exam_type=waec&type=obj&page=390
Call log:
  - navigating to "https://myschool.ng/classroom/biology?exam_type=waec&type=obj&page=390", waiting until "domcontentloaded"

2026-05-06 09:04:59,996 | ERROR   | ✗ Page 391 failed: Page.goto: net::ERR_INTERNET_DISCONNECTED at https://myschool.ng/classroom/biology?exam_type=waec&type=obj&page=391
Call log:
  - navigating to "https://myschool.ng/classroom/biology?exam_type=waec&type=obj&page=391", waiting until "domcontentloaded"

2026-05-06 09:05:02,083 | ERROR   | ✗ Page 392 failed: Page.goto: net::ERR_INTERNET_DISCONNECTED at https://myschool.ng/classroom/biology?exam_type=waec&type=obj&page=392
Call log:
  - navigating to "https://myschool.ng/classroom/biology?exam_type=waec&type=obj&page=392", waiting until "domcontentloaded"

2026-05-06 09:05:04,183 | ERROR   | ✗ Page 393 failed: Page.goto: net::ERR_INTERNET_DISCONNECTED at https://myschool.ng/classroom/biology?exam_type=waec&type=obj&page=393
Call log:
  - navigating to "https://myschool.ng/classroom/biology?exam_type=waec&type=obj&page=393", waiting until "domcontentloaded"

2026-05-06 09:05:06,278 | ERROR   | ✗ Page 394 failed: Page.goto: net::ERR_INTERNET_DISCONNECTED at https://myschool.ng/classroom/biology?exam_type=waec&type=obj&page=394
Call log:
  - navigating to "https://myschool.ng/classroom/biology?exam_type=waec&type=obj&page=394", waiting until "domcontentloaded"

2026-05-06 09:05:08,359 | ERROR   | ✗ Page 395 failed: Page.goto: net::ERR_INTERNET_DISCONNECTED at https://myschool.ng/classroom/biology?exam_type=waec&type=obj&page=395
Call log:
  - navigating to "https://myschool.ng/classroom/biology?exam_type=waec&type=obj&page=395", waiting until "domcontentloaded"

2026-05-06 09:05:10,434 | ERROR   | ✗ Page 396 failed: Page.goto: net::ERR_INTERNET_DISCONNECTED at https://myschool.ng/classroom/biology?exam_type=waec&type=obj&page=396
Call log:
  - navigating to "https://myschool.ng/classroom/biology?exam_type=waec&type=obj&page=396", waiting until "domcontentloaded"

2026-05-06 09:05:12,510 | ERROR   | ✗ Page 397 failed: Page.goto: net::ERR_INTERNET_DISCONNECTED at https://myschool.ng/classroom/biology?exam_type=waec&type=obj&page=397
Call log:
  - navigating to "https://myschool.ng/classroom/biology?exam_type=waec&type=obj&page=397", waiting until "domcontentloaded"

2026-05-06 09:05:14,557 | ERROR   | ✗ Page 398 failed: Page.goto: net::ERR_INTERNET_DISCONNECTED at https://myschool.ng/classroom/biology?exam_type=waec&type=obj&page=398
Call log:
  - navigating to "https://myschool.ng/classroom/biology?exam_type=waec&type=obj&page=398", waiting until "domcontentloaded"

2026-05-06 09:05:16,676 | ERROR   | ✗ Page 399 failed: Page.goto: net::ERR_INTERNET_DISCONNECTED at https://myschool.ng/classroom/biology?exam_type=waec&type=obj&page=399
Call log:
  - navigating to "https://myschool.ng/classroom/biology?exam_type=waec&type=obj&page=399", waiting until "domcontentloaded"

2026-05-06 09:05:18,751 | ERROR   | ✗ Page 400 failed: Page.goto: net::ERR_INTERNET_DISCONNECTED at https://myschool.ng/classroom/biology?exam_type=waec&type=obj&page=400
Call log:
  - navigating to "https://myschool.ng/classroom/biology?exam_type=waec&type=obj&page=400", waiting until "domcontentloaded"

2026-05-06 09:05:20,855 | ERROR   | ✗ Page 401 failed: Page.goto: net::ERR_INTERNET_DISCONNECTED at https://myschool.ng/classroom/biology?exam_type=waec&type=obj&page=401
Call log:
  - navigating to "https://myschool.ng/classroom/biology?exam_type=waec&type=obj&page=401", waiting until "domcontentloaded"

2026-05-06 09:05:22,925 | ERROR   | ✗ Page 402 failed: Page.goto: net::ERR_INTERNET_DISCONNECTED at https://myschool.ng/classroom/biology?exam_type=waec&type=obj&page=402
Call log:
  - navigating to "https://myschool.ng/classroom/biology?exam_type=waec&type=obj&page=402", waiting until "domcontentloaded"

2026-05-06 09:05:25,014 | ERROR   | ✗ Page 403 failed: Page.goto: net::ERR_INTERNET_DISCONNECTED at https://myschool.ng/classroom/biology?exam_type=waec&type=obj&page=403
Call log:
  - navigating to "https://myschool.ng/classroom/biology?exam_type=waec&type=obj&page=403", waiting until "domcontentloaded"

2026-05-06 09:05:27,114 | ERROR   | ✗ Page 404 failed: Page.goto: net::ERR_INTERNET_DISCONNECTED at https://myschool.ng/classroom/biology?exam_type=waec&type=obj&page=404
Call log:
  - navigating to "https://myschool.ng/classroom/biology?exam_type=waec&type=obj&page=404", waiting until "domcontentloaded"

2026-05-06 09:05:29,176 | ERROR   | ✗ Page 405 failed: Page.goto: net::ERR_INTERNET_DISCONNECTED at https://myschool.ng/classroom/biology?exam_type=waec&type=obj&page=405
Call log:
  - navigating to "https://myschool.ng/classroom/biology?exam_type=waec&type=obj&page=405", waiting until "domcontentloaded"

2026-05-06 09:05:31,296 | ERROR   | ✗ Page 406 failed: Page.goto: net::ERR_INTERNET_DISCONNECTED at https://myschool.ng/classroom/biology?exam_type=waec&type=obj&page=406
Call log:
  - navigating to "https://myschool.ng/classroom/biology?exam_type=waec&type=obj&page=406", waiting until "domcontentloaded"

2026-05-06 09:05:33,388 | ERROR   | ✗ Page 407 failed: Page.goto: net::ERR_INTERNET_DISCONNECTED at https://myschool.ng/classroom/biology?exam_type=waec&type=obj&page=407
Call log:
  - navigating to "https://myschool.ng/classroom/biology?exam_type=waec&type=obj&page=407", waiting until "domcontentloaded"

2026-05-06 09:05:35,440 | ERROR   | ✗ Page 408 failed: Page.goto: net::ERR_INTERNET_DISCONNECTED at https://myschool.ng/classroom/biology?exam_type=waec&type=obj&page=408
Call log:
  - navigating to "https://myschool.ng/classroom/biology?exam_type=waec&type=obj&page=408", waiting until "domcontentloaded"

2026-05-06 09:05:37,524 | ERROR   | ✗ Page 409 failed: Page.goto: net::ERR_INTERNET_DISCONNECTED at https://myschool.ng/classroom/biology?exam_type=waec&type=obj&page=409
Call log:
  - navigating to "https://myschool.ng/classroom/biology?exam_type=waec&type=obj&page=409", waiting until "domcontentloaded"

2026-05-06 09:05:39,635 | ERROR   | ✗ Page 410 failed: Page.goto: net::ERR_INTERNET_DISCONNECTED at https://myschool.ng/classroom/biology?exam_type=waec&type=obj&page=410
Call log:
  - navigating to "https://myschool.ng/classroom/biology?exam_type=waec&type=obj&page=410", waiting until "domcontentloaded"

2026-05-06 09:05:41,672 | ERROR   | ✗ Page 411 failed: Page.goto: net::ERR_INTERNET_DISCONNECTED at https://myschool.ng/classroom/biology?exam_type=waec&type=obj&page=411
Call log:
  - navigating to "https://myschool.ng/classroom/biology?exam_type=waec&type=obj&page=411", waiting until "domcontentloaded"

2026-05-06 09:05:43,757 | ERROR   | ✗ Page 412 failed: Page.goto: net::ERR_INTERNET_DISCONNECTED at https://myschool.ng/classroom/biology?exam_type=waec&type=obj&page=412
Call log:
  - navigating to "https://myschool.ng/classroom/biology?exam_type=waec&type=obj&page=412", waiting until "domcontentloaded"

2026-05-06 09:05:45,835 | ERROR   | ✗ Page 413 failed: Page.goto: net::ERR_INTERNET_DISCONNECTED at https://myschool.ng/classroom/biology?exam_type=waec&type=obj&page=413
Call log:
  - navigating to "https://myschool.ng/classroom/biology?exam_type=waec&type=obj&page=413", waiting until "domcontentloaded"

2026-05-06 09:05:47,907 | ERROR   | ✗ Page 414 failed: Page.goto: net::ERR_INTERNET_DISCONNECTED at https://myschool.ng/classroom/biology?exam_type=waec&type=obj&page=414
Call log:
  - navigating to "https://myschool.ng/classroom/biology?exam_type=waec&type=obj&page=414", waiting until "domcontentloaded"

2026-05-06 09:05:49,986 | ERROR   | ✗ Page 415 failed: Page.goto: net::ERR_INTERNET_DISCONNECTED at https://myschool.ng/classroom/biology?exam_type=waec&type=obj&page=415
Call log:
  - navigating to "https://myschool.ng/classroom/biology?exam_type=waec&type=obj&page=415", waiting until "domcontentloaded"

2026-05-06 09:05:52,033 | ERROR   | ✗ Page 416 failed: Page.goto: net::ERR_INTERNET_DISCONNECTED at https://myschool.ng/classroom/biology?exam_type=waec&type=obj&page=416
Call log:
  - navigating to "https://myschool.ng/classroom/biology?exam_type=waec&type=obj&page=416", waiting until "domcontentloaded"

2026-05-06 09:05:54,132 | ERROR   | ✗ Page 417 failed: Page.goto: net::ERR_INTERNET_DISCONNECTED at https://myschool.ng/classroom/biology?exam_type=waec&type=obj&page=417
Call log:
  - navigating to "https://myschool.ng/classroom/biology?exam_type=waec&type=obj&page=417", waiting until "domcontentloaded"

2026-05-06 09:05:56,186 | ERROR   | ✗ Page 418 failed: Page.goto: net::ERR_INTERNET_DISCONNECTED at https://myschool.ng/classroom/biology?exam_type=waec&type=obj&page=418
Call log:
  - navigating to "https://myschool.ng/classroom/biology?exam_type=waec&type=obj&page=418", waiting until "domcontentloaded"

2026-05-06 09:05:58,239 | ERROR   | ✗ Page 419 failed: Page.goto: net::ERR_INTERNET_DISCONNECTED at https://myschool.ng/classroom/biology?exam_type=waec&type=obj&page=419
Call log:
  - navigating to "https://myschool.ng/classroom/biology?exam_type=waec&type=obj&page=419", waiting until "domcontentloaded"

2026-05-06 09:06:00,313 | ERROR   | ✗ Page 420 failed: Page.goto: net::ERR_INTERNET_DISCONNECTED at https://myschool.ng/classroom/biology?exam_type=waec&type=obj&page=420
Call log:
  - navigating to "https://myschool.ng/classroom/biology?exam_type=waec&type=obj&page=420", waiting until "domcontentloaded"

2026-05-06 09:06:02,863 | INFO    | ✅ Biology: 691 questions saved.

2026-05-06 09:06:02,863 | INFO    | 
=======================================================
2026-05-06 09:06:02,863 | INFO    |   Scraping: Further Mathematics
2026-05-06 09:06:02,863 | INFO    | =======================================================
2026-05-06 09:06:07,692 | CRITICAL | CRITICAL: Subject Further Mathematics failed: Page.goto: net::ERR_INTERNET_DISCONNECTED at https://myschool.ng/classroom/further-mathematics?exam_type=waec&type=obj&page=1
Call log:
  - navigating to "https://myschool.ng/classroom/further-mathematics?exam_type=waec&type=obj&page=1", waiting until "domcontentloaded"

2026-05-06 09:06:07,692 | INFO    | 
=======================================================
2026-05-06 09:06:07,692 | INFO    |   Scraping: Agricultural Science
2026-05-06 09:06:07,692 | INFO    | =======================================================
2026-05-06 09:06:11,928 | CRITICAL | CRITICAL: Subject Agricultural Science failed: Page.goto: net::ERR_INTERNET_DISCONNECTED at https://myschool.ng/classroom/agricultural-science?exam_type=waec&type=obj&page=1
Call log:
  - navigating to "https://myschool.ng/classroom/agricultural-science?exam_type=waec&type=obj&page=1", waiting until "domcontentloaded"

2026-05-06 09:06:11,928 | INFO    | 
=======================================================
2026-05-06 09:06:11,928 | INFO    |   Scraping: Geography
2026-05-06 09:06:11,928 | INFO    | =======================================================
2026-05-06 09:06:16,069 | CRITICAL | CRITICAL: Subject Geography failed: Page.goto: net::ERR_INTERNET_DISCONNECTED at https://myschool.ng/classroom/geography?exam_type=waec&type=obj&page=1
Call log:
  - navigating to "https://myschool.ng/classroom/geography?exam_type=waec&type=obj&page=1", waiting until "domcontentloaded"

2026-05-06 09:06:16,069 | INFO    | 
=======================================================
2026-05-06 09:06:16,069 | INFO    |   Scraping: Economics
2026-05-06 09:06:16,069 | INFO    | =======================================================
2026-05-06 09:06:20,216 | CRITICAL | CRITICAL: Subject Economics failed: Page.goto: net::ERR_INTERNET_DISCONNECTED at https://myschool.ng/classroom/economics?exam_type=waec&type=obj&page=1
Call log:
  - navigating to "https://myschool.ng/classroom/economics?exam_type=waec&type=obj&page=1", waiting until "domcontentloaded"

2026-05-06 09:06:20,216 | INFO    | 
=======================================================
2026-05-06 09:06:20,216 | INFO    |   Scraping: Literature in English
2026-05-06 09:06:20,216 | INFO    | =======================================================
2026-05-06 09:06:24,453 | CRITICAL | CRITICAL: Subject Literature in English failed: Page.goto: net::ERR_INTERNET_DISCONNECTED at https://myschool.ng/classroom/literature-in-english?exam_type=waec&type=obj&page=1
Call log:
  - navigating to "https://myschool.ng/classroom/literature-in-english?exam_type=waec&type=obj&page=1", waiting until "domcontentloaded"

2026-05-06 09:06:24,453 | INFO    | 
=======================================================
2026-05-06 09:06:24,453 | INFO    |   Scraping: Government
2026-05-06 09:06:24,453 | INFO    | =======================================================
2026-05-06 09:06:28,632 | CRITICAL | CRITICAL: Subject Government failed: Page.goto: net::ERR_INTERNET_DISCONNECTED at https://myschool.ng/classroom/government?exam_type=waec&type=obj&page=1
Call log:
  - navigating to "https://myschool.ng/classroom/government?exam_type=waec&type=obj&page=1", waiting until "domcontentloaded"

2026-05-06 09:06:28,648 | INFO    | ⏭ History: already scraped (0 questions). Skipping.
2026-05-06 09:06:29,014 | INFO    | ⏭ Civic Education: already scraped (577 questions). Skipping.
2026-05-06 09:06:29,014 | INFO    | ⏭ Christian Religious Studies: already scraped (0 questions). Skipping.
2026-05-06 09:06:29,014 | INFO    | ⏭ Islamic Religious Studies: already scraped (0 questions). Skipping.
2026-05-06 09:06:29,014 | INFO    | ⏭ French: already scraped (0 questions). Skipping.
2026-05-06 09:06:29,029 | INFO    | ⏭ Arabic: already scraped (0 questions). Skipping.
2026-05-06 09:06:29,033 | INFO    | 
=======================================================
2026-05-06 09:06:29,037 | INFO    |   Scraping: Commerce
2026-05-06 09:06:29,037 | INFO    | =======================================================
2026-05-06 09:06:29,165 | INFO    | Resumed from page 16 with 75 questions.
2026-05-06 09:06:33,574 | CRITICAL | CRITICAL: Subject Commerce failed: Page.goto: net::ERR_INTERNET_DISCONNECTED at https://myschool.ng/classroom/commerce?exam_type=waec&type=obj&page=1
Call log:
  - navigating to "https://myschool.ng/classroom/commerce?exam_type=waec&type=obj&page=1", waiting until "domcontentloaded"

2026-05-06 09:06:33,574 | INFO    | 
=======================================================
2026-05-06 09:06:33,574 | INFO    | 🎉 ALL DONE! 9510 questions across 18 subjects.
2026-05-06 09:06:33,590 | INFO    | Files saved in C:\Users\Pc\Videos\pwa-builder\myschool_scraped
2026-05-06 09:06:33,590 | INFO    | =======================================================
2026-05-06 09:06:33,590 | INFO    | Creating myschool_all_subjects.zip ...
2026-05-06 09:06:34,449 | INFO    | ZIP created: C:\Users\Pc\Videos\pwa-builder\myschool_all_subjects.zip
2026-05-06 11:07:16,573 | INFO    | =======================================================
2026-05-06 11:07:16,582 | INFO    |   myschool.ng ALL SUBJECTS SCRAPER (Local)
2026-05-06 11:07:16,584 | INFO    | =======================================================
2026-05-06 11:07:16,639 | INFO    | Loaded progress from myschool_scraped\progress.json
2026-05-06 11:07:16,849 | INFO    | ⏭ English Language: already scraped (3491 questions). Skipping.
2026-05-06 11:07:17,006 | INFO    | ⏭ Mathematics: already scraped (1618 questions). Skipping.
2026-05-06 11:07:17,135 | INFO    | ⏭ Physics: already scraped (1679 questions). Skipping.
2026-05-06 11:07:17,250 | INFO    | ⏭ Chemistry: already scraped (1454 questions). Skipping.
2026-05-06 11:07:17,436 | INFO    | ⏭ Biology: already scraped (691 questions). Skipping.
2026-05-06 11:07:17,522 | INFO    | 
=======================================================
2026-05-06 11:07:17,556 | INFO    |   Scraping: Further Mathematics
2026-05-06 11:07:17,586 | INFO    | =======================================================
2026-05-06 11:08:37,670 | INFO    | Total pages: 161
2026-05-06 11:08:40,495 | INFO    |   Page 1: 1 questions
2026-05-06 11:08:44,225 | INFO    |   Page 2: 4 questions
2026-05-06 11:08:47,736 | INFO    |   Page 3: 2 questions
2026-05-06 11:08:51,399 | INFO    |   Page 4: 2 questions
2026-05-06 11:08:55,060 | INFO    |   Page 5: 1 questions
2026-05-06 11:08:55,081 | INFO    | 💾 Saved at page 5 (10 questions)
2026-05-06 11:08:58,781 | INFO    |   Page 6: 2 questions
2026-05-06 11:09:02,393 | INFO    |   Page 7: 3 questions
2026-05-06 11:09:05,898 | INFO    |   Page 8: 5 questions
2026-05-06 11:09:11,606 | INFO    |   Page 9: 2 questions
2026-05-06 11:09:15,130 | INFO    |   Page 10: 4 questions
2026-05-06 11:09:15,147 | INFO    | 💾 Saved at page 10 (26 questions)
2026-05-06 11:09:18,887 | INFO    |   Page 11: 5 questions
2026-05-06 11:09:22,629 | INFO    |   Page 12: 4 questions
2026-05-06 11:09:26,269 | INFO    |   Page 13: 5 questions
2026-05-06 11:09:29,772 | INFO    |   Page 14: 3 questions
2026-05-06 11:09:33,293 | INFO    |   Page 15: 2 questions
2026-05-06 11:09:33,315 | INFO    | 💾 Saved at page 15 (45 questions)
2026-05-06 11:09:36,816 | INFO    |   Page 16: 5 questions
2026-05-06 11:09:40,562 | INFO    |   Page 17: 2 questions
2026-05-06 11:09:44,156 | INFO    |   Page 18: 3 questions
2026-05-06 11:09:47,619 | INFO    |   Page 19: 1 questions
2026-05-06 11:09:51,279 | INFO    |   Page 20: 1 questions
2026-05-06 11:09:51,300 | INFO    | 💾 Saved at page 20 (57 questions)
2026-05-06 11:09:54,967 | INFO    |   Page 21: 2 questions
2026-05-06 11:09:58,694 | INFO    |   Page 22: 2 questions
2026-05-06 11:10:02,500 | INFO    |   Page 23: 4 questions
2026-05-06 11:10:06,104 | INFO    |   Page 24: 3 questions
2026-05-06 11:10:09,887 | INFO    |   Page 25: 1 questions
2026-05-06 11:10:09,910 | INFO    | 💾 Saved at page 25 (69 questions)
2026-05-06 11:10:13,705 | INFO    |   Page 26: 3 questions
2026-05-06 11:10:17,663 | INFO    |   Page 27: 2 questions
2026-05-06 11:10:21,251 | INFO    |   Page 28: 4 questions
2026-05-06 11:10:24,688 | INFO    |   Page 29: 3 questions
2026-05-06 11:10:28,110 | INFO    |   Page 30: 0 questions
2026-05-06 11:10:28,129 | INFO    | 💾 Saved at page 30 (81 questions)
2026-05-06 11:10:31,489 | INFO    |   Page 31: 3 questions
2026-05-06 11:10:34,940 | INFO    |   Page 32: 5 questions
2026-05-06 11:10:38,418 | INFO    |   Page 33: 3 questions
2026-05-06 11:10:41,794 | INFO    |   Page 34: 3 questions
2026-05-06 11:10:45,314 | INFO    |   Page 35: 1 questions
2026-05-06 11:10:45,338 | INFO    | 💾 Saved at page 35 (96 questions)
2026-05-06 11:10:49,022 | INFO    |   Page 36: 4 questions
2026-05-06 11:10:52,749 | INFO    |   Page 37: 2 questions
2026-05-06 11:10:56,396 | INFO    |   Page 38: 3 questions
2026-05-06 11:11:00,045 | INFO    |   Page 39: 4 questions
2026-05-06 11:11:03,676 | INFO    |   Page 40: 2 questions
2026-05-06 11:11:03,703 | INFO    | 💾 Saved at page 40 (111 questions)
2026-05-06 11:11:07,314 | INFO    |   Page 41: 3 questions
2026-05-06 11:11:10,859 | INFO    |   Page 42: 4 questions
2026-05-06 11:11:14,306 | INFO    |   Page 43: 1 questions
2026-05-06 11:11:17,704 | INFO    |   Page 44: 2 questions
2026-05-06 11:11:21,127 | INFO    |   Page 45: 4 questions
2026-05-06 11:11:21,154 | INFO    | 💾 Saved at page 45 (125 questions)
2026-05-06 11:11:24,633 | INFO    |   Page 46: 3 questions
2026-05-06 11:11:28,226 | INFO    |   Page 47: 2 questions
2026-05-06 11:11:31,601 | INFO    |   Page 48: 4 questions
2026-05-06 11:11:35,013 | INFO    |   Page 49: 4 questions
2026-05-06 11:11:38,690 | INFO    |   Page 50: 4 questions
2026-05-06 11:11:38,726 | INFO    | 💾 Saved at page 50 (142 questions)
2026-05-06 11:11:42,287 | INFO    |   Page 51: 2 questions
2026-05-06 11:11:45,868 | INFO    |   Page 52: 4 questions
2026-05-06 11:11:49,437 | INFO    |   Page 53: 3 questions
2026-05-06 11:11:52,962 | INFO    |   Page 54: 4 questions
2026-05-06 11:11:56,509 | INFO    |   Page 55: 4 questions
2026-05-06 11:11:56,547 | INFO    | 💾 Saved at page 55 (159 questions)
2026-05-06 11:12:00,196 | INFO    |   Page 56: 3 questions
2026-05-06 11:12:03,616 | INFO    |   Page 57: 2 questions
2026-05-06 11:12:07,354 | INFO    |   Page 58: 1 questions
2026-05-06 11:12:11,071 | INFO    |   Page 59: 3 questions
2026-05-06 11:12:14,489 | INFO    |   Page 60: 3 questions
2026-05-06 11:12:14,518 | INFO    | 💾 Saved at page 60 (171 questions)
2026-05-06 11:12:17,955 | INFO    |   Page 61: 3 questions
2026-05-06 11:12:21,418 | INFO    |   Page 62: 5 questions
2026-05-06 11:12:24,741 | INFO    |   Page 63: 3 questions
2026-05-06 11:12:28,317 | INFO    |   Page 64: 4 questions
2026-05-06 11:12:31,989 | INFO    |   Page 65: 1 questions
2026-05-06 11:12:32,029 | INFO    | 💾 Saved at page 65 (187 questions)
2026-05-06 11:12:35,980 | INFO    |   Page 66: 3 questions
2026-05-06 11:12:39,598 | INFO    |   Page 67: 2 questions
2026-05-06 11:12:43,111 | INFO    |   Page 68: 5 questions
2026-05-06 11:12:46,722 | INFO    |   Page 69: 3 questions
2026-05-06 11:12:50,308 | INFO    |   Page 70: 1 questions
2026-05-06 11:12:50,354 | INFO    | 💾 Saved at page 70 (201 questions)
2026-05-06 11:12:53,904 | INFO    |   Page 71: 3 questions
2026-05-06 11:12:57,497 | INFO    |   Page 72: 3 questions
2026-05-06 11:13:01,532 | INFO    |   Page 73: 4 questions
2026-05-06 11:13:05,162 | INFO    |   Page 74: 2 questions
2026-05-06 11:13:08,536 | INFO    |   Page 75: 4 questions
2026-05-06 11:13:08,582 | INFO    | 💾 Saved at page 75 (217 questions)
2026-05-06 11:13:12,092 | INFO    |   Page 76: 2 questions
2026-05-06 11:13:15,483 | INFO    |   Page 77: 2 questions
2026-05-06 11:13:19,136 | INFO    |   Page 78: 2 questions
2026-05-06 11:13:22,722 | INFO    |   Page 79: 2 questions
2026-05-06 11:13:26,470 | INFO    |   Page 80: 2 questions
2026-05-06 11:13:26,513 | INFO    | 💾 Saved at page 80 (227 questions)
2026-05-06 11:13:30,281 | INFO    |   Page 81: 2 questions
2026-05-06 11:13:33,879 | INFO    |   Page 82: 3 questions
2026-05-06 11:13:37,555 | INFO    |   Page 83: 4 questions
2026-05-06 11:13:40,987 | INFO    |   Page 84: 3 questions
2026-05-06 11:13:44,735 | INFO    |   Page 85: 2 questions
2026-05-06 11:13:44,780 | INFO    | 💾 Saved at page 85 (241 questions)
2026-05-06 11:13:48,421 | INFO    |   Page 86: 3 questions
2026-05-06 11:13:51,921 | INFO    |   Page 87: 3 questions
2026-05-06 11:13:55,350 | INFO    |   Page 88: 3 questions
2026-05-06 11:13:58,923 | INFO    |   Page 89: 4 questions
2026-05-06 11:14:02,782 | INFO    |   Page 90: 2 questions
2026-05-06 11:14:02,846 | INFO    | 💾 Saved at page 90 (256 questions)
2026-05-06 11:14:06,394 | INFO    |   Page 91: 5 questions
2026-05-06 11:14:09,939 | INFO    |   Page 92: 3 questions
2026-05-06 11:14:13,641 | INFO    |   Page 93: 3 questions
2026-05-06 11:14:17,272 | INFO    |   Page 94: 3 questions
2026-05-06 11:14:20,546 | INFO    |   Page 95: 2 questions
2026-05-06 11:14:20,670 | INFO    | 💾 Saved at page 95 (272 questions)
2026-05-06 11:14:24,251 | INFO    |   Page 96: 3 questions
2026-05-06 11:14:27,894 | INFO    |   Page 97: 2 questions
2026-05-06 11:14:31,474 | INFO    |   Page 98: 3 questions
2026-05-06 11:14:34,880 | INFO    |   Page 99: 3 questions
2026-05-06 11:14:38,264 | INFO    |   Page 100: 3 questions
2026-05-06 11:14:38,297 | INFO    | 💾 Saved at page 100 (286 questions)
2026-05-06 11:14:41,582 | INFO    |   Page 101: 3 questions
2026-05-06 11:14:44,958 | INFO    |   Page 102: 3 questions
2026-05-06 11:14:49,657 | INFO    |   Page 103: 2 questions
2026-05-06 11:14:53,901 | INFO    |   Page 104: 5 questions
2026-05-06 11:14:58,374 | INFO    |   Page 105: 3 questions
2026-05-06 11:14:58,712 | INFO    | 💾 Saved at page 105 (302 questions)
2026-05-06 11:15:06,657 | INFO    |   Page 106: 4 questions
2026-05-06 11:15:14,243 | INFO    |   Page 107: 1 questions
2026-05-06 11:15:20,332 | INFO    |   Page 108: 4 questions
2026-05-06 11:15:26,153 | INFO    |   Page 109: 5 questions
2026-05-06 11:15:34,888 | INFO    |   Page 110: 2 questions
2026-05-06 11:15:35,877 | INFO    | 💾 Saved at page 110 (317 questions)
2026-05-06 11:15:41,984 | INFO    |   Page 111: 4 questions
2026-05-06 11:15:46,962 | INFO    |   Page 112: 5 questions
2026-05-06 11:15:51,383 | INFO    |   Page 113: 5 questions
2026-05-06 11:15:56,439 | INFO    |   Page 114: 1 questions
2026-05-06 11:16:00,814 | INFO    |   Page 115: 5 questions
2026-05-06 11:16:01,209 | INFO    | 💾 Saved at page 115 (337 questions)
2026-05-06 11:16:05,720 | INFO    |   Page 116: 4 questions
2026-05-06 11:16:10,310 | INFO    |   Page 117: 5 questions
2026-05-06 11:16:14,732 | INFO    |   Page 118: 5 questions
2026-05-06 11:16:20,987 | INFO    |   Page 119: 5 questions
2026-05-06 11:16:25,493 | INFO    |   Page 120: 5 questions
2026-05-06 11:16:25,857 | INFO    | 💾 Saved at page 120 (361 questions)
2026-05-06 11:16:30,229 | INFO    |   Page 121: 5 questions
2026-05-06 11:16:34,909 | INFO    |   Page 122: 5 questions
2026-05-06 11:16:39,441 | INFO    |   Page 123: 5 questions
2026-05-06 11:16:43,952 | INFO    |   Page 124: 5 questions
2026-05-06 11:16:48,353 | INFO    |   Page 125: 5 questions
2026-05-06 11:16:48,623 | INFO    | 💾 Saved at page 125 (386 questions)
2026-05-06 11:16:53,012 | INFO    |   Page 126: 4 questions
2026-05-06 11:16:57,327 | INFO    |   Page 127: 5 questions
2026-05-06 11:17:02,092 | INFO    |   Page 128: 3 questions
2026-05-06 11:17:06,532 | INFO    |   Page 129: 5 questions
2026-05-06 11:17:10,762 | INFO    |   Page 130: 5 questions
2026-05-06 11:17:11,119 | INFO    | 💾 Saved at page 130 (408 questions)
2026-05-06 11:17:15,697 | INFO    |   Page 131: 4 questions
2026-05-06 11:17:20,165 | INFO    |   Page 132: 5 questions
2026-05-06 11:17:24,490 | INFO    |   Page 133: 5 questions
2026-05-06 11:17:29,037 | INFO    |   Page 134: 3 questions
2026-05-06 11:17:33,591 | INFO    |   Page 135: 3 questions
2026-05-06 11:17:34,064 | INFO    | 💾 Saved at page 135 (428 questions)
2026-05-06 11:17:38,389 | INFO    |   Page 136: 5 questions
2026-05-06 11:17:43,067 | INFO    |   Page 137: 4 questions
2026-05-06 11:17:47,054 | INFO    |   Page 138: 2 questions
2026-05-06 11:17:50,794 | INFO    |   Page 139: 4 questions
2026-05-06 11:17:54,634 | INFO    |   Page 140: 4 questions
2026-05-06 11:17:54,880 | INFO    | 💾 Saved at page 140 (447 questions)
2026-05-06 11:17:58,653 | INFO    |   Page 141: 3 questions
2026-05-06 11:18:02,209 | INFO    |   Page 142: 3 questions
2026-05-06 11:18:05,838 | INFO    |   Page 143: 1 questions
2026-05-06 11:18:09,683 | INFO    |   Page 144: 2 questions
2026-05-06 11:18:13,277 | INFO    |   Page 145: 3 questions
2026-05-06 11:18:13,560 | INFO    | 💾 Saved at page 145 (459 questions)
2026-05-06 11:18:17,101 | INFO    |   Page 146: 3 questions
2026-05-06 11:18:20,626 | INFO    |   Page 147: 3 questions
2026-05-06 11:18:24,386 | INFO    |   Page 148: 4 questions
2026-05-06 11:18:27,966 | INFO    |   Page 149: 4 questions
2026-05-06 11:18:31,626 | INFO    |   Page 150: 4 questions
2026-05-06 11:18:31,895 | INFO    | 💾 Saved at page 150 (477 questions)
2026-05-06 11:18:35,599 | INFO    |   Page 151: 3 questions
2026-05-06 11:18:39,231 | INFO    |   Page 152: 5 questions
2026-05-06 11:18:42,946 | INFO    |   Page 153: 3 questions
2026-05-06 11:18:46,920 | INFO    |   Page 154: 1 questions
2026-05-06 11:18:50,679 | INFO    |   Page 155: 4 questions
2026-05-06 11:18:50,919 | INFO    | 💾 Saved at page 155 (493 questions)
2026-05-06 11:18:54,721 | INFO    |   Page 156: 4 questions
2026-05-06 11:18:58,656 | INFO    |   Page 157: 3 questions
2026-05-06 11:19:02,257 | INFO    |   Page 158: 5 questions
2026-05-06 11:19:05,818 | INFO    |   Page 159: 1 questions
2026-05-06 11:19:09,650 | INFO    |   Page 160: 3 questions
2026-05-06 11:19:09,993 | INFO    | 💾 Saved at page 160 (507 questions)
2026-05-06 11:19:13,612 | INFO    |   Page 161: 1 questions
2026-05-06 11:19:13,929 | INFO    | 💾 Saved at page 161 (508 questions)
2026-05-06 11:19:16,065 | INFO    | ✅ Further Mathematics: 508 questions saved.

2026-05-06 11:19:16,067 | INFO    | 
=======================================================
2026-05-06 11:19:16,067 | INFO    |   Scraping: Agricultural Science
2026-05-06 11:19:16,067 | INFO    | =======================================================
2026-05-06 11:19:31,627 | INFO    | Total pages: 411
2026-05-06 11:19:34,900 | INFO    |   Page 1: 5 questions
2026-05-06 11:19:38,377 | INFO    |   Page 2: 5 questions
2026-05-06 11:19:41,714 | INFO    |   Page 3: 5 questions
2026-05-06 11:19:45,113 | INFO    |   Page 4: 5 questions
2026-05-06 11:19:48,430 | INFO    |   Page 5: 5 questions
2026-05-06 11:19:48,447 | INFO    | 💾 Saved at page 5 (25 questions)
2026-05-06 11:19:51,700 | INFO    |   Page 6: 5 questions
2026-05-06 11:19:55,097 | INFO    |   Page 7: 5 questions
2026-05-06 11:19:58,484 | INFO    |   Page 8: 5 questions
2026-05-06 11:20:01,811 | INFO    |   Page 9: 5 questions
2026-05-06 11:20:05,210 | INFO    |   Page 10: 5 questions
2026-05-06 11:20:05,230 | INFO    | 💾 Saved at page 10 (50 questions)
2026-05-06 11:20:08,635 | INFO    |   Page 11: 5 questions
2026-05-06 11:20:11,967 | INFO    |   Page 12: 5 questions
2026-05-06 11:20:15,250 | INFO    |   Page 13: 5 questions
2026-05-06 11:20:18,496 | INFO    |   Page 14: 5 questions
2026-05-06 11:20:21,848 | INFO    |   Page 15: 5 questions
2026-05-06 11:20:21,867 | INFO    | 💾 Saved at page 15 (75 questions)
2026-05-06 11:20:25,301 | INFO    |   Page 16: 5 questions
2026-05-06 11:20:28,578 | INFO    |   Page 17: 5 questions
2026-05-06 11:20:32,005 | INFO    |   Page 18: 5 questions
2026-05-06 11:20:35,271 | INFO    |   Page 19: 5 questions
2026-05-06 11:20:38,594 | INFO    |   Page 20: 5 questions
2026-05-06 11:20:38,616 | INFO    | 💾 Saved at page 20 (100 questions)
2026-05-06 11:20:41,977 | INFO    |   Page 21: 5 questions
2026-05-06 11:20:45,354 | INFO    |   Page 22: 5 questions
2026-05-06 11:20:48,745 | INFO    |   Page 23: 5 questions
2026-05-06 11:20:52,107 | INFO    |   Page 24: 5 questions
2026-05-06 11:20:55,491 | INFO    |   Page 25: 5 questions
2026-05-06 11:20:55,519 | INFO    | 💾 Saved at page 25 (124 questions)
2026-05-06 11:20:58,930 | INFO    |   Page 26: 5 questions
2026-05-06 11:21:02,279 | INFO    |   Page 27: 5 questions
2026-05-06 11:21:05,567 | INFO    |   Page 28: 5 questions
2026-05-06 11:21:08,871 | INFO    |   Page 29: 5 questions
2026-05-06 11:21:12,181 | INFO    |   Page 30: 5 questions
2026-05-06 11:21:12,208 | INFO    | 💾 Saved at page 30 (149 questions)
2026-05-06 11:21:15,489 | INFO    |   Page 31: 5 questions
2026-05-06 11:21:18,744 | INFO    |   Page 32: 5 questions
2026-05-06 11:21:22,048 | INFO    |   Page 33: 5 questions
2026-05-06 11:21:25,388 | INFO    |   Page 34: 5 questions
2026-05-06 11:21:28,641 | INFO    |   Page 35: 5 questions
2026-05-06 11:21:28,668 | INFO    | 💾 Saved at page 35 (174 questions)
2026-05-06 11:21:32,057 | INFO    |   Page 36: 5 questions
2026-05-06 11:21:35,480 | INFO    |   Page 37: 5 questions
2026-05-06 11:21:38,912 | INFO    |   Page 38: 5 questions
2026-05-06 11:21:42,298 | INFO    |   Page 39: 5 questions
2026-05-06 11:21:45,685 | INFO    |   Page 40: 5 questions
2026-05-06 11:21:45,727 | INFO    | 💾 Saved at page 40 (198 questions)
2026-05-06 11:21:49,157 | INFO    |   Page 41: 5 questions
2026-05-06 11:21:52,415 | INFO    |   Page 42: 5 questions
2026-05-06 11:21:55,686 | INFO    |   Page 43: 5 questions
2026-05-06 11:21:58,945 | INFO    |   Page 44: 5 questions
2026-05-06 11:22:02,225 | INFO    |   Page 45: 5 questions
2026-05-06 11:22:02,258 | INFO    | 💾 Saved at page 45 (223 questions)
2026-05-06 11:22:05,598 | INFO    |   Page 46: 5 questions
2026-05-06 11:22:08,993 | INFO    |   Page 47: 5 questions
2026-05-06 11:22:12,322 | INFO    |   Page 48: 5 questions
2026-05-06 11:22:15,570 | INFO    |   Page 49: 5 questions
2026-05-06 11:22:18,943 | INFO    |   Page 50: 5 questions
2026-05-06 11:22:18,990 | INFO    | 💾 Saved at page 50 (248 questions)
2026-05-06 11:22:22,526 | INFO    |   Page 51: 5 questions
2026-05-06 11:22:25,885 | INFO    |   Page 52: 5 questions
2026-05-06 11:22:29,265 | INFO    |   Page 53: 5 questions
2026-05-06 11:22:32,649 | INFO    |   Page 54: 5 questions
2026-05-06 11:22:36,000 | INFO    |   Page 55: 5 questions
2026-05-06 11:22:36,058 | INFO    | 💾 Saved at page 55 (273 questions)
2026-05-06 11:22:39,525 | INFO    |   Page 56: 5 questions
2026-05-06 11:22:42,924 | INFO    |   Page 57: 5 questions
2026-05-06 11:22:46,188 | INFO    |   Page 58: 5 questions
2026-05-06 11:22:49,536 | INFO    |   Page 59: 5 questions
2026-05-06 11:22:52,778 | INFO    |   Page 60: 5 questions
2026-05-06 11:22:52,852 | INFO    | 💾 Saved at page 60 (298 questions)
2026-05-06 11:22:56,229 | INFO    |   Page 61: 5 questions
2026-05-06 11:22:59,564 | INFO    |   Page 62: 5 questions
2026-05-06 11:23:02,830 | INFO    |   Page 63: 5 questions
2026-05-06 11:23:06,102 | INFO    |   Page 64: 5 questions
2026-05-06 11:23:09,395 | INFO    |   Page 65: 5 questions
2026-05-06 11:23:09,499 | INFO    | 💾 Saved at page 65 (323 questions)
2026-05-06 11:23:13,027 | INFO    |   Page 66: 5 questions
2026-05-06 11:23:16,397 | INFO    |   Page 67: 5 questions
2026-05-06 11:23:19,656 | INFO    |   Page 68: 5 questions
2026-05-06 11:23:22,939 | INFO    |   Page 69: 5 questions
2026-05-06 11:23:26,253 | INFO    |   Page 70: 5 questions
2026-05-06 11:23:26,351 | INFO    | 💾 Saved at page 70 (348 questions)
2026-05-06 11:23:29,978 | INFO    |   Page 71: 5 questions
2026-05-06 11:23:33,223 | INFO    |   Page 72: 5 questions
2026-05-06 11:23:36,572 | INFO    |   Page 73: 5 questions
2026-05-06 11:23:39,838 | INFO    |   Page 74: 5 questions
2026-05-06 11:23:43,134 | INFO    |   Page 75: 5 questions
2026-05-06 11:23:43,215 | INFO    | 💾 Saved at page 75 (373 questions)
2026-05-06 11:23:46,657 | INFO    |   Page 76: 5 questions
2026-05-06 11:23:49,970 | INFO    |   Page 77: 5 questions
2026-05-06 11:23:53,310 | INFO    |   Page 78: 5 questions
2026-05-06 11:23:56,640 | INFO    |   Page 79: 5 questions
2026-05-06 11:23:59,905 | INFO    |   Page 80: 5 questions
2026-05-06 11:24:00,084 | INFO    | 💾 Saved at page 80 (398 questions)
2026-05-06 11:24:03,613 | INFO    |   Page 81: 5 questions
2026-05-06 11:24:07,043 | INFO    |   Page 82: 5 questions
2026-05-06 11:24:10,444 | INFO    |   Page 83: 5 questions
2026-05-06 11:24:13,836 | INFO    |   Page 84: 5 questions
2026-05-06 11:24:17,274 | INFO    |   Page 85: 5 questions
2026-05-06 11:24:17,457 | INFO    | 💾 Saved at page 85 (423 questions)
2026-05-06 11:24:20,755 | INFO    |   Page 86: 5 questions
2026-05-06 11:24:24,104 | INFO    |   Page 87: 5 questions
2026-05-06 11:24:27,345 | INFO    |   Page 88: 5 questions
2026-05-06 11:24:30,584 | INFO    |   Page 89: 5 questions
2026-05-06 11:24:33,970 | INFO    |   Page 90: 5 questions
2026-05-06 11:24:34,084 | INFO    | 💾 Saved at page 90 (447 questions)
2026-05-06 11:24:37,412 | INFO    |   Page 91: 5 questions
2026-05-06 11:24:41,283 | INFO    |   Page 92: 5 questions
2026-05-06 11:24:44,664 | INFO    |   Page 93: 5 questions
2026-05-06 11:24:48,167 | INFO    |   Page 94: 5 questions
2026-05-06 11:24:51,594 | INFO    |   Page 95: 5 questions
2026-05-06 11:24:51,808 | INFO    | 💾 Saved at page 95 (472 questions)
2026-05-06 11:24:55,275 | INFO    |   Page 96: 5 questions
2026-05-06 11:24:58,601 | INFO    |   Page 97: 5 questions
2026-05-06 11:25:01,927 | INFO    |   Page 98: 5 questions
2026-05-06 11:25:05,322 | INFO    |   Page 99: 5 questions
2026-05-06 11:25:08,625 | INFO    |   Page 100: 5 questions
2026-05-06 11:25:08,819 | INFO    | 💾 Saved at page 100 (496 questions)
2026-05-06 11:25:12,039 | INFO    |   Page 101: 5 questions
2026-05-06 11:25:15,430 | INFO    |   Page 102: 5 questions
2026-05-06 11:25:18,794 | INFO    |   Page 103: 5 questions
2026-05-06 11:25:22,073 | INFO    |   Page 104: 5 questions
2026-05-06 11:25:25,397 | INFO    |   Page 105: 5 questions
2026-05-06 11:25:25,546 | INFO    | 💾 Saved at page 105 (519 questions)
2026-05-06 11:25:28,944 | INFO    |   Page 106: 5 questions
2026-05-06 11:25:32,188 | INFO    |   Page 107: 5 questions
2026-05-06 11:25:35,562 | INFO    |   Page 108: 5 questions
2026-05-06 11:25:39,002 | INFO    |   Page 109: 5 questions
2026-05-06 11:25:42,551 | INFO    |   Page 110: 5 questions
2026-05-06 11:25:42,785 | INFO    | 💾 Saved at page 110 (544 questions)
2026-05-06 11:25:46,153 | INFO    |   Page 111: 5 questions
2026-05-06 11:25:49,506 | INFO    |   Page 112: 5 questions
2026-05-06 11:25:52,887 | INFO    |   Page 113: 5 questions
2026-05-06 11:25:56,275 | INFO    |   Page 114: 5 questions
2026-05-06 11:25:59,513 | INFO    |   Page 115: 5 questions
2026-05-06 11:25:59,733 | INFO    | 💾 Saved at page 115 (569 questions)
2026-05-06 11:26:02,961 | INFO    |   Page 116: 5 questions
2026-05-06 11:26:06,192 | INFO    |   Page 117: 5 questions
2026-05-06 11:26:09,567 | INFO    |   Page 118: 5 questions
2026-05-06 11:26:12,798 | INFO    |   Page 119: 5 questions
2026-05-06 11:26:16,038 | INFO    |   Page 120: 5 questions
2026-05-06 11:26:16,249 | INFO    | 💾 Saved at page 120 (594 questions)
2026-05-06 11:26:19,506 | INFO    |   Page 121: 5 questions
2026-05-06 11:26:22,772 | INFO    |   Page 122: 5 questions
2026-05-06 11:26:26,084 | INFO    |   Page 123: 5 questions
2026-05-06 11:26:29,510 | INFO    |   Page 124: 5 questions
2026-05-06 11:26:32,846 | INFO    |   Page 125: 5 questions
2026-05-06 11:26:33,097 | INFO    | 💾 Saved at page 125 (619 questions)
2026-05-06 11:26:36,551 | INFO    |   Page 126: 5 questions
2026-05-06 11:26:39,830 | INFO    |   Page 127: 5 questions
2026-05-06 11:26:43,231 | INFO    |   Page 128: 5 questions
2026-05-06 11:26:46,633 | INFO    |   Page 129: 5 questions
2026-05-06 11:26:49,951 | INFO    |   Page 130: 5 questions
2026-05-06 11:26:50,213 | INFO    | 💾 Saved at page 130 (643 questions)
2026-05-06 11:26:53,569 | INFO    |   Page 131: 5 questions
2026-05-06 11:26:56,834 | INFO    |   Page 132: 5 questions
2026-05-06 11:27:00,135 | INFO    |   Page 133: 5 questions
2026-05-06 11:27:03,430 | INFO    |   Page 134: 5 questions
2026-05-06 11:27:06,754 | INFO    |   Page 135: 5 questions
2026-05-06 11:27:06,996 | INFO    | 💾 Saved at page 135 (668 questions)
2026-05-06 11:27:10,263 | INFO    |   Page 136: 5 questions
2026-05-06 11:27:13,520 | INFO    |   Page 137: 5 questions
2026-05-06 11:27:16,804 | INFO    |   Page 138: 5 questions
2026-05-06 11:27:20,163 | INFO    |   Page 139: 5 questions
2026-05-06 11:27:23,545 | INFO    |   Page 140: 5 questions
2026-05-06 11:27:23,730 | INFO    | 💾 Saved at page 140 (693 questions)
2026-05-06 11:27:27,152 | INFO    |   Page 141: 5 questions
2026-05-06 11:27:30,498 | INFO    |   Page 142: 5 questions
2026-05-06 11:27:33,838 | INFO    |   Page 143: 5 questions
2026-05-06 11:27:36,998 | INFO    |   Page 144: 5 questions
2026-05-06 11:27:40,211 | INFO    |   Page 145: 5 questions
2026-05-06 11:27:40,517 | INFO    | 💾 Saved at page 145 (718 questions)
2026-05-06 11:27:43,719 | INFO    |   Page 146: 5 questions
2026-05-06 11:27:46,989 | INFO    |   Page 147: 5 questions
2026-05-06 11:27:50,152 | INFO    |   Page 148: 5 questions
2026-05-06 11:27:53,433 | INFO    |   Page 149: 5 questions
2026-05-06 11:27:56,632 | INFO    |   Page 150: 5 questions
2026-05-06 11:27:56,908 | INFO    | 💾 Saved at page 150 (743 questions)
2026-05-06 11:28:00,227 | INFO    |   Page 151: 5 questions
2026-05-06 11:28:03,419 | INFO    |   Page 152: 5 questions
2026-05-06 11:28:06,761 | INFO    |   Page 153: 5 questions
2026-05-06 11:28:10,086 | INFO    |   Page 154: 5 questions
2026-05-06 11:28:13,562 | INFO    |   Page 155: 5 questions
2026-05-06 11:28:13,771 | INFO    | 💾 Saved at page 155 (768 questions)
2026-05-06 11:28:17,070 | INFO    |   Page 156: 5 questions
2026-05-06 11:28:20,430 | INFO    |   Page 157: 5 questions
2026-05-06 11:28:23,794 | INFO    |   Page 158: 5 questions
2026-05-06 11:28:27,011 | INFO    |   Page 159: 5 questions
2026-05-06 11:28:30,316 | INFO    |   Page 160: 5 questions
2026-05-06 11:28:30,519 | INFO    | 💾 Saved at page 160 (792 questions)
2026-05-06 11:28:33,808 | INFO    |   Page 161: 5 questions
2026-05-06 11:28:37,072 | INFO    |   Page 162: 5 questions
2026-05-06 11:28:40,310 | INFO    |   Page 163: 5 questions
2026-05-06 11:28:43,518 | INFO    |   Page 164: 5 questions
2026-05-06 11:28:46,749 | INFO    |   Page 165: 5 questions
2026-05-06 11:28:46,958 | INFO    | 💾 Saved at page 165 (816 questions)
2026-05-06 11:28:50,226 | INFO    |   Page 166: 5 questions
2026-05-06 11:28:53,432 | INFO    |   Page 167: 5 questions
2026-05-06 11:28:56,721 | INFO    |   Page 168: 5 questions
2026-05-06 11:29:00,068 | INFO    |   Page 169: 5 questions
2026-05-06 11:29:03,444 | INFO    |   Page 170: 5 questions
2026-05-06 11:29:03,796 | INFO    | 💾 Saved at page 170 (841 questions)
2026-05-06 11:29:07,100 | INFO    |   Page 171: 5 questions
2026-05-06 11:29:10,479 | INFO    |   Page 172: 5 questions
2026-05-06 11:29:13,850 | INFO    |   Page 173: 5 questions
2026-05-06 11:29:17,107 | INFO    |   Page 174: 5 questions
2026-05-06 11:29:20,452 | INFO    |   Page 175: 5 questions
2026-05-06 11:29:20,550 | INFO    | 💾 Saved at page 175 (866 questions)
2026-05-06 11:29:23,818 | INFO    |   Page 176: 5 questions
2026-05-06 11:29:27,137 | INFO    |   Page 177: 5 questions
2026-05-06 11:29:30,683 | INFO    |   Page 178: 5 questions
2026-05-06 11:29:34,068 | INFO    |   Page 179: 5 questions
2026-05-06 11:29:37,361 | INFO    |   Page 180: 5 questions
2026-05-06 11:29:37,459 | INFO    | 💾 Saved at page 180 (890 questions)
2026-05-06 11:29:40,758 | INFO    |   Page 181: 5 questions
2026-05-06 11:29:43,991 | INFO    |   Page 182: 5 questions
2026-05-06 11:29:47,395 | INFO    |   Page 183: 5 questions
2026-05-06 11:29:50,925 | INFO    |   Page 184: 5 questions
2026-05-06 11:29:54,339 | INFO    |   Page 185: 5 questions
2026-05-06 11:29:54,707 | INFO    | 💾 Saved at page 185 (914 questions)
2026-05-06 11:29:58,119 | INFO    |   Page 186: 5 questions
2026-05-06 11:30:01,472 | INFO    |   Page 187: 5 questions
2026-05-06 11:30:04,853 | INFO    |   Page 188: 5 questions
2026-05-06 11:30:08,165 | INFO    |   Page 189: 5 questions
2026-05-06 11:30:11,499 | INFO    |   Page 190: 5 questions
2026-05-06 11:30:11,822 | INFO    | 💾 Saved at page 190 (939 questions)
2026-05-06 11:30:15,058 | INFO    |   Page 191: 5 questions
2026-05-06 11:30:18,297 | INFO    |   Page 192: 5 questions
2026-05-06 11:30:21,655 | INFO    |   Page 193: 5 questions
2026-05-06 11:30:24,981 | INFO    |   Page 194: 5 questions
2026-05-06 11:30:28,315 | INFO    |   Page 195: 5 questions
2026-05-06 11:30:28,955 | INFO    | 💾 Saved at page 195 (963 questions)
2026-05-06 11:30:32,316 | INFO    |   Page 196: 5 questions
2026-05-06 11:30:35,607 | INFO    |   Page 197: 5 questions
2026-05-06 11:30:38,852 | INFO    |   Page 198: 5 questions
2026-05-06 11:30:42,194 | INFO    |   Page 199: 5 questions
2026-05-06 11:30:45,898 | INFO    |   Page 200: 5 questions
2026-05-06 11:30:46,263 | INFO    | 💾 Saved at page 200 (988 questions)
2026-05-06 11:30:49,568 | INFO    |   Page 201: 5 questions
2026-05-06 11:30:53,238 | INFO    |   Page 202: 5 questions
2026-05-06 11:30:56,635 | INFO    |   Page 203: 5 questions
2026-05-06 11:30:59,960 | INFO    |   Page 204: 5 questions
2026-05-06 11:31:03,449 | INFO    |   Page 205: 5 questions
2026-05-06 11:31:03,781 | INFO    | 💾 Saved at page 205 (1013 questions)
2026-05-06 11:31:07,111 | INFO    |   Page 206: 5 questions
2026-05-06 11:31:10,298 | INFO    |   Page 207: 5 questions
2026-05-06 11:31:13,518 | INFO    |   Page 208: 5 questions
2026-05-06 11:31:16,864 | INFO    |   Page 209: 5 questions
2026-05-06 11:31:20,195 | INFO    |   Page 210: 5 questions
2026-05-06 11:31:20,562 | INFO    | 💾 Saved at page 210 (1038 questions)
2026-05-06 11:31:23,986 | INFO    |   Page 211: 5 questions
2026-05-06 11:31:27,370 | INFO    |   Page 212: 5 questions
2026-05-06 11:31:30,577 | INFO    |   Page 213: 5 questions
2026-05-06 11:31:34,299 | INFO    |   Page 214: 5 questions
2026-05-06 11:31:37,742 | INFO    |   Page 215: 5 questions
2026-05-06 11:31:38,159 | INFO    | 💾 Saved at page 215 (1063 questions)
2026-05-06 11:31:41,360 | INFO    |   Page 216: 5 questions
2026-05-06 11:31:44,597 | INFO    |   Page 217: 5 questions
2026-05-06 11:31:47,803 | INFO    |   Page 218: 5 questions
2026-05-06 11:31:51,136 | INFO    |   Page 219: 5 questions
2026-05-06 11:31:54,391 | INFO    |   Page 220: 5 questions
2026-05-06 11:31:54,662 | INFO    | 💾 Saved at page 220 (1086 questions)
2026-05-06 11:31:58,857 | INFO    |   Page 221: 5 questions
2026-05-06 11:32:06,636 | INFO    |   Page 222: 5 questions
2026-05-06 11:32:13,498 | INFO    |   Page 223: 5 questions
2026-05-06 11:32:24,364 | INFO    |   Page 224: 5 questions
2026-05-06 11:32:35,762 | INFO    |   Page 225: 5 questions
2026-05-06 11:32:37,864 | INFO    | 💾 Saved at page 225 (1110 questions)
2026-05-06 11:32:44,518 | INFO    |   Page 226: 5 questions
2026-05-06 11:32:50,199 | INFO    |   Page 227: 5 questions
2026-05-06 11:32:58,274 | INFO    |   Page 228: 5 questions
2026-05-06 11:33:05,106 | INFO    |   Page 229: 5 questions
2026-05-06 11:33:15,201 | INFO    |   Page 230: 5 questions
2026-05-06 11:33:17,551 | INFO    | 💾 Saved at page 230 (1135 questions)
2026-05-06 11:33:22,083 | INFO    |   Page 231: 5 questions
2026-05-06 11:33:29,555 | INFO    |   Page 232: 5 questions
2026-05-06 11:33:39,308 | INFO    |   Page 233: 5 questions
2026-05-06 11:33:49,014 | INFO    |   Page 234: 5 questions
2026-05-06 11:33:56,759 | INFO    |   Page 235: 5 questions
2026-05-06 11:33:59,951 | INFO    | 💾 Saved at page 235 (1159 questions)
2026-05-06 11:34:06,848 | INFO    |   Page 236: 5 questions
2026-05-06 11:34:14,977 | INFO    |   Page 237: 5 questions
2026-05-06 11:34:21,875 | INFO    |   Page 238: 5 questions
2026-05-06 11:34:25,938 | INFO    |   Page 239: 5 questions
2026-05-06 11:34:31,966 | INFO    |   Page 240: 5 questions
2026-05-06 11:34:32,847 | INFO    | 💾 Saved at page 240 (1184 questions)
2026-05-06 11:34:37,299 | INFO    |   Page 241: 5 questions
2026-05-06 11:34:41,774 | INFO    |   Page 242: 5 questions
2026-05-06 11:34:46,218 | INFO    |   Page 243: 5 questions
2026-05-06 11:34:52,194 | INFO    |   Page 244: 5 questions
2026-05-06 11:35:02,283 | INFO    |   Page 245: 5 questions
2026-05-06 11:35:03,099 | INFO    | 💾 Saved at page 245 (1208 questions)
2026-05-06 11:35:06,806 | INFO    |   Page 246: 5 questions
2026-05-06 11:35:10,447 | INFO    |   Page 247: 5 questions
2026-05-06 11:35:14,771 | INFO    |   Page 248: 5 questions
2026-05-06 11:35:18,691 | INFO    |   Page 249: 5 questions
2026-05-06 11:35:22,093 | INFO    |   Page 250: 5 questions
2026-05-06 11:35:26,793 | INFO    | 💾 Saved at page 250 (1232 questions)
2026-05-06 11:35:41,471 | INFO    |   Page 251: 5 questions
2026-05-06 11:35:55,418 | INFO    |   Page 252: 5 questions
2026-05-06 11:36:04,695 | INFO    |   Page 253: 5 questions
2026-05-06 11:36:08,431 | INFO    |   Page 254: 5 questions
2026-05-06 11:36:11,940 | INFO    |   Page 255: 5 questions
2026-05-06 11:36:12,351 | INFO    | 💾 Saved at page 255 (1256 questions)
2026-05-06 11:36:16,763 | INFO    |   Page 256: 5 questions
2026-05-06 11:36:19,994 | INFO    |   Page 257: 5 questions
2026-05-06 11:36:24,535 | INFO    |   Page 258: 5 questions
2026-05-06 11:36:35,294 | INFO    |   Page 259: 5 questions
2026-05-06 11:36:38,833 | INFO    |   Page 260: 5 questions
2026-05-06 11:36:39,860 | INFO    | 💾 Saved at page 260 (1281 questions)
2026-05-06 11:36:43,193 | INFO    |   Page 261: 5 questions
2026-05-06 11:36:55,108 | INFO    |   Page 262: 5 questions
2026-05-06 11:36:59,158 | INFO    |   Page 263: 5 questions
2026-05-06 11:37:03,664 | INFO    |   Page 264: 5 questions
2026-05-06 11:37:07,100 | INFO    |   Page 265: 5 questions
2026-05-06 11:37:07,417 | INFO    | 💾 Saved at page 265 (1306 questions)
2026-05-06 11:37:10,684 | INFO    |   Page 266: 5 questions
2026-05-06 11:37:13,906 | INFO    |   Page 267: 5 questions
2026-05-06 11:37:17,268 | INFO    |   Page 268: 5 questions
2026-05-06 11:37:20,633 | INFO    |   Page 269: 5 questions
2026-05-06 11:37:23,978 | INFO    |   Page 270: 5 questions
2026-05-06 11:37:24,336 | INFO    | 💾 Saved at page 270 (1330 questions)
2026-05-06 11:37:28,613 | INFO    |   Page 271: 5 questions
2026-05-06 11:37:32,024 | INFO    |   Page 272: 5 questions
2026-05-06 11:37:35,376 | INFO    |   Page 273: 5 questions
2026-05-06 11:37:38,837 | INFO    |   Page 274: 5 questions
2026-05-06 11:37:42,206 | INFO    |   Page 275: 5 questions
2026-05-06 11:37:42,566 | INFO    | 💾 Saved at page 275 (1355 questions)
2026-05-06 11:37:47,048 | INFO    |   Page 276: 5 questions
2026-05-06 11:37:51,691 | INFO    |   Page 277: 5 questions
2026-05-06 11:37:56,374 | INFO    |   Page 278: 5 questions
2026-05-06 11:38:00,643 | INFO    |   Page 279: 5 questions
2026-05-06 11:38:04,560 | INFO    |   Page 280: 5 questions
2026-05-06 11:38:06,197 | INFO    | 💾 Saved at page 280 (1379 questions)
2026-05-06 11:38:10,370 | INFO    |   Page 281: 5 questions
2026-05-06 11:38:14,187 | INFO    |   Page 282: 5 questions
2026-05-06 11:38:18,312 | INFO    |   Page 283: 5 questions
2026-05-06 11:38:21,818 | INFO    |   Page 284: 5 questions
2026-05-06 11:38:25,086 | INFO    |   Page 285: 5 questions
2026-05-06 11:38:25,537 | INFO    | 💾 Saved at page 285 (1404 questions)
2026-05-06 11:38:28,997 | INFO    |   Page 286: 5 questions
2026-05-06 11:38:34,047 | INFO    |   Page 287: 5 questions
2026-05-06 11:38:37,415 | INFO    |   Page 288: 5 questions
2026-05-06 11:38:40,813 | INFO    |   Page 289: 5 questions
2026-05-06 11:38:45,657 | INFO    |   Page 290: 5 questions
2026-05-06 11:38:47,416 | INFO    | 💾 Saved at page 290 (1429 questions)
2026-05-06 11:38:51,516 | INFO    |   Page 291: 5 questions
2026-05-06 11:38:56,213 | INFO    |   Page 292: 5 questions
2026-05-06 11:38:59,776 | INFO    |   Page 293: 5 questions
2026-05-06 11:39:03,269 | INFO    |   Page 294: 5 questions
2026-05-06 11:39:07,632 | INFO    |   Page 295: 5 questions
2026-05-06 11:39:09,208 | INFO    | 💾 Saved at page 295 (1454 questions)
2026-05-06 11:39:12,800 | INFO    |   Page 296: 5 questions
2026-05-06 11:39:17,166 | INFO    |   Page 297: 5 questions
2026-05-06 11:39:25,015 | INFO    |   Page 298: 5 questions
2026-05-06 11:39:32,695 | INFO    |   Page 299: 5 questions
2026-05-06 11:39:45,194 | INFO    |   Page 300: 5 questions
2026-05-06 11:39:49,520 | INFO    | 💾 Saved at page 300 (1478 questions)
2026-05-06 11:40:00,516 | INFO    |   Page 301: 5 questions
2026-05-06 11:40:09,413 | INFO    |   Page 302: 5 questions
2026-05-06 11:40:17,044 | INFO    |   Page 303: 5 questions
2026-05-06 11:40:23,885 | INFO    |   Page 304: 5 questions
2026-05-06 11:40:30,093 | INFO    |   Page 305: 5 questions
2026-05-06 11:40:33,544 | INFO    | 💾 Saved at page 305 (1500 questions)
2026-05-06 11:40:39,672 | INFO    |   Page 306: 5 questions
2026-05-06 11:40:47,572 | INFO    |   Page 307: 5 questions
2026-05-06 11:40:55,443 | INFO    |   Page 308: 5 questions
2026-05-06 11:41:13,267 | INFO    |   Page 309: 5 questions
2026-05-06 11:41:23,472 | INFO    |   Page 310: 5 questions
2026-05-06 11:41:30,972 | INFO    | 💾 Saved at page 310 (1520 questions)
2026-05-06 11:41:36,869 | INFO    |   Page 311: 5 questions
2026-05-06 11:41:43,585 | INFO    |   Page 312: 5 questions
2026-05-06 11:41:49,224 | INFO    |   Page 313: 5 questions
2026-05-06 11:42:00,263 | INFO    |   Page 314: 5 questions
2026-05-06 11:42:08,124 | INFO    |   Page 315: 5 questions
2026-05-06 11:42:14,222 | INFO    | 💾 Saved at page 315 (1541 questions)
2026-05-06 11:42:20,565 | INFO    |   Page 316: 5 questions
2026-05-06 11:42:28,114 | INFO    |   Page 317: 5 questions
2026-05-06 11:42:42,056 | INFO    |   Page 318: 5 questions
2026-05-06 11:42:46,555 | INFO    |   Page 319: 5 questions
2026-05-06 11:42:50,736 | INFO    |   Page 320: 5 questions
2026-05-06 11:42:51,021 | INFO    | 💾 Saved at page 320 (1565 questions)
2026-05-06 11:42:54,937 | INFO    |   Page 321: 5 questions
2026-05-06 11:42:58,375 | INFO    |   Page 322: 5 questions
2026-05-06 11:43:01,830 | INFO    |   Page 323: 5 questions
2026-05-06 11:43:06,311 | INFO    |   Page 324: 5 questions
2026-05-06 11:43:10,485 | INFO    |   Page 325: 5 questions
2026-05-06 11:43:10,730 | INFO    | 💾 Saved at page 325 (1587 questions)
2026-05-06 11:43:15,294 | INFO    |   Page 326: 5 questions
2026-05-06 11:43:19,500 | INFO    |   Page 327: 5 questions
2026-05-06 11:43:23,078 | INFO    |   Page 328: 5 questions
2026-05-06 11:43:26,527 | INFO    |   Page 329: 5 questions
2026-05-06 11:43:30,169 | INFO    |   Page 330: 5 questions
2026-05-06 11:43:30,365 | INFO    | 💾 Saved at page 330 (1612 questions)
2026-05-06 11:43:33,685 | INFO    |   Page 331: 5 questions
2026-05-06 11:43:38,210 | INFO    |   Page 332: 5 questions
2026-05-06 11:43:46,270 | INFO    |   Page 333: 5 questions
2026-05-06 11:43:50,400 | INFO    |   Page 334: 5 questions
2026-05-06 11:43:54,656 | INFO    |   Page 335: 5 questions
2026-05-06 11:43:55,085 | INFO    | 💾 Saved at page 335 (1635 questions)
2026-05-06 11:43:58,816 | INFO    |   Page 336: 5 questions
2026-05-06 11:44:04,158 | INFO    |   Page 337: 5 questions
2026-05-06 11:44:08,615 | INFO    |   Page 338: 5 questions
2026-05-06 11:44:17,351 | INFO    |   Page 339: 5 questions
2026-05-06 11:44:24,332 | INFO    |   Page 340: 5 questions
2026-05-06 11:44:26,266 | INFO    | 💾 Saved at page 340 (1660 questions)
2026-05-06 11:44:29,896 | INFO    |   Page 341: 5 questions
2026-05-06 11:44:35,246 | INFO    |   Page 342: 5 questions
2026-05-06 11:44:38,852 | INFO    |   Page 343: 5 questions
2026-05-06 11:44:42,735 | INFO    |   Page 344: 5 questions
2026-05-06 11:44:46,469 | INFO    |   Page 345: 5 questions
2026-05-06 11:44:46,791 | INFO    | 💾 Saved at page 345 (1683 questions)
2026-05-06 11:44:50,917 | INFO    |   Page 346: 5 questions
2026-05-06 11:44:56,066 | INFO    |   Page 347: 5 questions
2026-05-06 11:45:00,713 | INFO    |   Page 348: 5 questions
2026-05-06 11:45:05,547 | INFO    |   Page 349: 5 questions
2026-05-06 11:45:09,112 | INFO    |   Page 350: 5 questions
2026-05-06 11:45:09,554 | INFO    | 💾 Saved at page 350 (1708 questions)
2026-05-06 11:45:13,193 | INFO    |   Page 351: 5 questions
2026-05-06 11:45:16,566 | INFO    |   Page 352: 5 questions
2026-05-06 11:45:20,128 | INFO    |   Page 353: 5 questions
2026-05-06 11:45:23,435 | INFO    |   Page 354: 5 questions
2026-05-06 11:45:26,761 | INFO    |   Page 355: 5 questions
2026-05-06 11:45:27,151 | INFO    | 💾 Saved at page 355 (1733 questions)
2026-05-06 11:45:30,817 | INFO    |   Page 356: 5 questions
2026-05-06 11:45:34,358 | INFO    |   Page 357: 5 questions
2026-05-06 11:45:37,639 | INFO    |   Page 358: 5 questions
2026-05-06 11:45:41,144 | INFO    |   Page 359: 5 questions
2026-05-06 11:45:44,406 | INFO    |   Page 360: 5 questions
2026-05-06 11:45:44,861 | INFO    | 💾 Saved at page 360 (1758 questions)
2026-05-06 11:45:48,340 | INFO    |   Page 361: 5 questions
2026-05-06 11:45:51,678 | INFO    |   Page 362: 5 questions
2026-05-06 11:45:55,001 | INFO    |   Page 363: 5 questions
2026-05-06 11:45:58,362 | INFO    |   Page 364: 5 questions
2026-05-06 11:46:01,826 | INFO    |   Page 365: 5 questions
2026-05-06 11:46:02,355 | INFO    | 💾 Saved at page 365 (1783 questions)
2026-05-06 11:46:05,781 | INFO    |   Page 366: 5 questions
2026-05-06 11:46:09,319 | INFO    |   Page 367: 5 questions
2026-05-06 11:46:12,866 | INFO    |   Page 368: 5 questions
2026-05-06 11:46:16,376 | INFO    |   Page 369: 5 questions
2026-05-06 11:46:19,764 | INFO    |   Page 370: 5 questions
2026-05-06 11:46:20,200 | INFO    | 💾 Saved at page 370 (1808 questions)
2026-05-06 11:46:23,667 | INFO    |   Page 371: 5 questions
2026-05-06 11:46:26,934 | INFO    |   Page 372: 4 questions
2026-05-06 11:46:30,432 | INFO    |   Page 373: 5 questions
2026-05-06 11:46:33,898 | INFO    |   Page 374: 5 questions
2026-05-06 11:46:37,465 | INFO    |   Page 375: 5 questions
2026-05-06 11:46:37,902 | INFO    | 💾 Saved at page 375 (1832 questions)
2026-05-06 11:46:41,185 | INFO    |   Page 376: 5 questions
2026-05-06 11:46:44,457 | INFO    |   Page 377: 5 questions
2026-05-06 11:46:47,771 | INFO    |   Page 378: 5 questions
2026-05-06 11:46:51,060 | INFO    |   Page 379: 5 questions
2026-05-06 11:46:54,417 | INFO    |   Page 380: 5 questions
2026-05-06 11:46:54,845 | INFO    | 💾 Saved at page 380 (1857 questions)
2026-05-06 11:46:58,291 | INFO    |   Page 381: 5 questions
2026-05-06 11:47:01,660 | INFO    |   Page 382: 5 questions
2026-05-06 11:47:05,006 | INFO    |   Page 383: 4 questions
2026-05-06 11:47:08,331 | INFO    |   Page 384: 4 questions
2026-05-06 11:47:11,671 | INFO    |   Page 385: 5 questions
2026-05-06 11:47:12,049 | INFO    | 💾 Saved at page 385 (1880 questions)
2026-05-06 11:47:15,318 | INFO    |   Page 386: 5 questions
2026-05-06 11:47:18,819 | INFO    |   Page 387: 5 questions
2026-05-06 11:47:22,166 | INFO    |   Page 388: 5 questions
2026-05-06 11:47:25,467 | INFO    |   Page 389: 5 questions
2026-05-06 11:47:28,822 | INFO    |   Page 390: 5 questions
2026-05-06 11:47:29,237 | INFO    | 💾 Saved at page 390 (1905 questions)
2026-05-06 11:47:32,723 | INFO    |   Page 391: 5 questions
2026-05-06 11:47:36,132 | INFO    |   Page 392: 5 questions
2026-05-06 11:47:39,478 | INFO    |   Page 393: 5 questions
2026-05-06 11:47:43,081 | INFO    |   Page 394: 5 questions
2026-05-06 11:47:46,446 | INFO    |   Page 395: 5 questions
2026-05-06 11:47:46,898 | INFO    | 💾 Saved at page 395 (1930 questions)
2026-05-06 11:47:50,420 | INFO    |   Page 396: 5 questions
2026-05-06 11:47:53,836 | INFO    |   Page 397: 5 questions
2026-05-06 11:47:57,194 | INFO    |   Page 398: 3 questions
2026-05-06 11:48:00,507 | INFO    |   Page 399: 2 questions
2026-05-06 11:48:03,864 | INFO    |   Page 400: 3 questions
2026-05-06 11:48:04,298 | INFO    | 💾 Saved at page 400 (1948 questions)
2026-05-06 11:48:07,540 | INFO    |   Page 401: 2 questions
2026-05-06 11:48:10,827 | INFO    |   Page 402: 3 questions
2026-05-06 11:48:14,168 | INFO    |   Page 403: 2 questions
2026-05-06 11:48:17,654 | INFO    |   Page 404: 3 questions
2026-05-06 11:48:21,253 | INFO    |   Page 405: 2 questions
2026-05-06 11:48:21,661 | INFO    | 💾 Saved at page 405 (1959 questions)
2026-05-06 11:48:25,171 | INFO    |   Page 406: 5 questions
2026-05-06 11:48:28,414 | INFO    |   Page 407: 5 questions
2026-05-06 11:48:31,709 | INFO    |   Page 408: 5 questions
2026-05-06 11:48:35,070 | INFO    |   Page 409: 4 questions
2026-05-06 11:48:38,410 | INFO    |   Page 410: 5 questions
2026-05-06 11:48:38,860 | INFO    | 💾 Saved at page 410 (1977 questions)
2026-05-06 11:48:42,431 | INFO    |   Page 411: 4 questions
2026-05-06 11:48:42,874 | INFO    | 💾 Saved at page 411 (1979 questions)
2026-05-06 11:48:44,481 | INFO    | ✅ Agricultural Science: 1979 questions saved.

2026-05-06 11:48:44,490 | INFO    | 
=======================================================
2026-05-06 11:48:44,492 | INFO    |   Scraping: Geography
2026-05-06 11:48:44,494 | INFO    | =======================================================
2026-05-06 11:50:02,383 | INFO    | Total pages: 298
2026-05-06 11:50:04,742 | INFO    |   Page 1: 5 questions
2026-05-06 11:50:08,236 | INFO    |   Page 2: 5 questions
2026-05-06 11:50:11,875 | INFO    |   Page 3: 5 questions
2026-05-06 11:50:15,291 | INFO    |   Page 4: 5 questions
2026-05-06 11:50:18,914 | INFO    |   Page 5: 5 questions
2026-05-06 11:50:18,939 | INFO    | 💾 Saved at page 5 (25 questions)
2026-05-06 11:50:22,372 | INFO    |   Page 6: 5 questions
2026-05-06 11:50:25,819 | INFO    |   Page 7: 5 questions
2026-05-06 11:50:29,295 | INFO    |   Page 8: 5 questions
2026-05-06 11:50:32,783 | INFO    |   Page 9: 5 questions
2026-05-06 11:50:36,167 | INFO    |   Page 10: 5 questions
2026-05-06 11:50:36,188 | INFO    | 💾 Saved at page 10 (50 questions)
2026-05-06 11:50:39,709 | INFO    |   Page 11: 5 questions
2026-05-06 11:50:43,098 | INFO    |   Page 12: 5 questions
2026-05-06 11:50:46,427 | INFO    |   Page 13: 5 questions
2026-05-06 11:50:49,961 | INFO    |   Page 14: 5 questions
2026-05-06 11:50:53,470 | INFO    |   Page 15: 5 questions
2026-05-06 11:50:53,498 | INFO    | 💾 Saved at page 15 (74 questions)
2026-05-06 11:50:56,990 | INFO    |   Page 16: 5 questions
2026-05-06 11:51:00,389 | INFO    |   Page 17: 5 questions
2026-05-06 11:51:03,814 | INFO    |   Page 18: 5 questions
2026-05-06 11:51:07,246 | INFO    |   Page 19: 5 questions
2026-05-06 11:51:10,822 | INFO    |   Page 20: 5 questions
2026-05-06 11:51:10,856 | INFO    | 💾 Saved at page 20 (99 questions)
2026-05-06 11:51:14,382 | INFO    |   Page 21: 5 questions
2026-05-06 11:51:17,815 | INFO    |   Page 22: 5 questions
2026-05-06 11:51:21,321 | INFO    |   Page 23: 5 questions
2026-05-06 11:51:24,838 | INFO    |   Page 24: 5 questions
2026-05-06 11:51:28,199 | INFO    |   Page 25: 5 questions
2026-05-06 11:51:28,236 | INFO    | 💾 Saved at page 25 (124 questions)
2026-05-06 11:51:31,598 | INFO    |   Page 26: 5 questions
2026-05-06 11:51:35,088 | INFO    |   Page 27: 5 questions
2026-05-06 11:51:38,527 | INFO    |   Page 28: 5 questions
2026-05-06 11:51:42,069 | INFO    |   Page 29: 5 questions
2026-05-06 11:51:45,588 | INFO    |   Page 30: 5 questions
2026-05-06 11:51:45,626 | INFO    | 💾 Saved at page 30 (149 questions)
2026-05-06 11:51:49,192 | INFO    |   Page 31: 5 questions
2026-05-06 11:51:52,705 | INFO    |   Page 32: 5 questions
2026-05-06 11:51:56,304 | INFO    |   Page 33: 5 questions
2026-05-06 11:51:59,871 | INFO    |   Page 34: 5 questions
2026-05-06 11:52:03,432 | INFO    |   Page 35: 5 questions
2026-05-06 11:52:03,500 | INFO    | 💾 Saved at page 35 (174 questions)
2026-05-06 11:52:06,937 | INFO    |   Page 36: 5 questions
2026-05-06 11:52:10,334 | INFO    |   Page 37: 5 questions
2026-05-06 11:52:13,910 | INFO    |   Page 38: 5 questions
2026-05-06 11:52:17,445 | INFO    |   Page 39: 5 questions
2026-05-06 11:52:20,947 | INFO    |   Page 40: 5 questions
2026-05-06 11:52:21,018 | INFO    | 💾 Saved at page 40 (199 questions)
2026-05-06 11:52:24,544 | INFO    |   Page 41: 5 questions
2026-05-06 11:52:28,023 | INFO    |   Page 42: 5 questions
2026-05-06 11:52:31,549 | INFO    |   Page 43: 5 questions
2026-05-06 11:52:35,041 | INFO    |   Page 44: 5 questions
2026-05-06 11:52:38,568 | INFO    |   Page 45: 5 questions
2026-05-06 11:52:38,651 | INFO    | 💾 Saved at page 45 (223 questions)
2026-05-06 11:52:42,139 | INFO    |   Page 46: 5 questions
2026-05-06 11:52:45,749 | INFO    |   Page 47: 5 questions
2026-05-06 11:52:49,339 | INFO    |   Page 48: 5 questions
2026-05-06 11:52:53,026 | INFO    |   Page 49: 5 questions
2026-05-06 11:52:57,797 | INFO    |   Page 50: 5 questions
2026-05-06 11:52:57,984 | INFO    | 💾 Saved at page 50 (248 questions)
2026-05-06 11:53:04,267 | INFO    |   Page 51: 5 questions
2026-05-06 11:53:08,100 | INFO    |   Page 52: 5 questions
2026-05-06 11:53:11,599 | INFO    |   Page 53: 5 questions
2026-05-06 11:53:15,281 | INFO    |   Page 54: 5 questions
2026-05-06 11:53:18,677 | INFO    |   Page 55: 5 questions
2026-05-06 11:53:18,784 | INFO    | 💾 Saved at page 55 (273 questions)
2026-05-06 11:53:22,239 | INFO    |   Page 56: 5 questions
2026-05-06 11:53:25,794 | INFO    |   Page 57: 5 questions
2026-05-06 11:53:29,357 | INFO    |   Page 58: 5 questions
2026-05-06 11:53:32,938 | INFO    |   Page 59: 5 questions
2026-05-06 11:53:36,509 | INFO    |   Page 60: 5 questions
2026-05-06 11:53:36,594 | INFO    | 💾 Saved at page 60 (298 questions)
2026-05-06 11:53:40,198 | INFO    |   Page 61: 5 questions
2026-05-06 11:53:43,735 | INFO    |   Page 62: 5 questions
2026-05-06 11:53:47,300 | INFO    |   Page 63: 5 questions
2026-05-06 11:53:50,716 | INFO    |   Page 64: 5 questions
2026-05-06 11:53:54,253 | INFO    |   Page 65: 5 questions
2026-05-06 11:53:54,347 | INFO    | 💾 Saved at page 65 (322 questions)
2026-05-06 11:53:57,815 | INFO    |   Page 66: 5 questions
2026-05-06 11:54:01,274 | INFO    |   Page 67: 5 questions
2026-05-06 11:54:04,806 | INFO    |   Page 68: 5 questions
2026-05-06 11:54:08,412 | INFO    |   Page 69: 5 questions
2026-05-06 11:54:11,894 | INFO    |   Page 70: 5 questions
2026-05-06 11:54:11,998 | INFO    | 💾 Saved at page 70 (346 questions)
2026-05-06 11:54:15,519 | INFO    |   Page 71: 5 questions
2026-05-06 11:54:19,044 | INFO    |   Page 72: 5 questions
2026-05-06 11:54:22,686 | INFO    |   Page 73: 5 questions
2026-05-06 11:54:26,204 | INFO    |   Page 74: 5 questions
2026-05-06 11:54:29,750 | INFO    |   Page 75: 5 questions
2026-05-06 11:54:29,859 | INFO    | 💾 Saved at page 75 (369 questions)
2026-05-06 11:54:33,162 | INFO    |   Page 76: 5 questions
2026-05-06 11:54:36,727 | INFO    |   Page 77: 5 questions
2026-05-06 11:54:40,059 | INFO    |   Page 78: 5 questions
2026-05-06 11:54:43,619 | INFO    |   Page 79: 5 questions
2026-05-06 11:54:47,010 | INFO    |   Page 80: 5 questions
2026-05-06 11:54:47,134 | INFO    | 💾 Saved at page 80 (394 questions)
2026-05-06 11:54:50,514 | INFO    |   Page 81: 5 questions
2026-05-06 11:54:54,038 | INFO    |   Page 82: 5 questions
2026-05-06 11:54:57,400 | INFO    |   Page 83: 5 questions
2026-05-06 11:55:00,724 | INFO    |   Page 84: 5 questions
2026-05-06 11:55:04,236 | INFO    |   Page 85: 5 questions
2026-05-06 11:55:04,343 | INFO    | 💾 Saved at page 85 (419 questions)
2026-05-06 11:55:07,798 | INFO    |   Page 86: 5 questions
2026-05-06 11:55:11,125 | INFO    |   Page 87: 5 questions
2026-05-06 11:55:14,561 | INFO    |   Page 88: 5 questions
2026-05-06 11:55:17,870 | INFO    |   Page 89: 5 questions
2026-05-06 11:55:21,303 | INFO    |   Page 90: 5 questions
2026-05-06 11:55:21,430 | INFO    | 💾 Saved at page 90 (444 questions)
2026-05-06 11:55:24,863 | INFO    |   Page 91: 5 questions
2026-05-06 11:55:29,102 | INFO    |   Page 92: 5 questions
2026-05-06 11:55:32,646 | INFO    |   Page 93: 5 questions
2026-05-06 11:55:36,034 | INFO    |   Page 94: 5 questions
2026-05-06 11:55:39,388 | INFO    |   Page 95: 5 questions
2026-05-06 11:55:39,529 | INFO    | 💾 Saved at page 95 (469 questions)
2026-05-06 11:55:43,054 | INFO    |   Page 96: 5 questions
2026-05-06 11:55:46,385 | INFO    |   Page 97: 5 questions
2026-05-06 11:55:49,738 | INFO    |   Page 98: 5 questions
2026-05-06 11:55:53,158 | INFO    |   Page 99: 5 questions
2026-05-06 11:55:56,599 | INFO    |   Page 100: 5 questions
2026-05-06 11:55:56,734 | INFO    | 💾 Saved at page 100 (493 questions)
2026-05-06 11:56:00,092 | INFO    |   Page 101: 5 questions
2026-05-06 11:56:03,587 | INFO    |   Page 102: 5 questions
2026-05-06 11:56:07,136 | INFO    |   Page 103: 5 questions
2026-05-06 11:56:10,474 | INFO    |   Page 104: 5 questions
2026-05-06 11:56:13,861 | INFO    |   Page 105: 5 questions
2026-05-06 11:56:14,017 | INFO    | 💾 Saved at page 105 (516 questions)
2026-05-06 11:56:17,533 | INFO    |   Page 106: 5 questions
2026-05-06 11:56:21,048 | INFO    |   Page 107: 5 questions
2026-05-06 11:56:24,585 | INFO    |   Page 108: 5 questions
2026-05-06 11:56:28,110 | INFO    |   Page 109: 5 questions
2026-05-06 11:56:31,436 | INFO    |   Page 110: 5 questions
2026-05-06 11:56:31,565 | INFO    | 💾 Saved at page 110 (539 questions)
2026-05-06 11:56:34,838 | INFO    |   Page 111: 5 questions
2026-05-06 11:56:38,361 | INFO    |   Page 112: 5 questions
2026-05-06 11:56:41,800 | INFO    |   Page 113: 5 questions
2026-05-06 11:56:45,092 | INFO    |   Page 114: 5 questions
2026-05-06 11:56:48,530 | INFO    |   Page 115: 5 questions
2026-05-06 11:56:48,660 | INFO    | 💾 Saved at page 115 (564 questions)
2026-05-06 11:56:52,085 | INFO    |   Page 116: 5 questions
2026-05-06 11:56:55,509 | INFO    |   Page 117: 5 questions
2026-05-06 11:56:58,969 | INFO    |   Page 118: 5 questions
2026-05-06 11:57:02,295 | INFO    |   Page 119: 5 questions
2026-05-06 11:57:05,853 | INFO    |   Page 120: 5 questions
2026-05-06 11:57:06,013 | INFO    | 💾 Saved at page 120 (586 questions)
2026-05-06 11:57:09,403 | INFO    |   Page 121: 5 questions
2026-05-06 11:57:12,926 | INFO    |   Page 122: 5 questions
2026-05-06 11:57:16,493 | INFO    |   Page 123: 5 questions
2026-05-06 11:57:19,914 | INFO    |   Page 124: 5 questions
2026-05-06 11:57:23,345 | INFO    |   Page 125: 5 questions
2026-05-06 11:57:23,503 | INFO    | 💾 Saved at page 125 (609 questions)
2026-05-06 11:57:26,845 | INFO    |   Page 126: 5 questions
2026-05-06 11:57:30,808 | INFO    |   Page 127: 5 questions
2026-05-06 11:57:34,744 | INFO    |   Page 128: 5 questions
2026-05-06 11:57:38,520 | INFO    |   Page 129: 5 questions
2026-05-06 11:57:42,185 | INFO    |   Page 130: 5 questions
2026-05-06 11:57:42,353 | INFO    | 💾 Saved at page 130 (634 questions)
2026-05-06 11:57:46,818 | INFO    |   Page 131: 5 questions
2026-05-06 11:57:50,486 | INFO    |   Page 132: 5 questions
2026-05-06 11:57:55,259 | INFO    |   Page 133: 5 questions
2026-05-06 11:57:59,528 | INFO    |   Page 134: 5 questions
2026-05-06 11:58:03,078 | INFO    |   Page 135: 5 questions
2026-05-06 11:58:03,268 | INFO    | 💾 Saved at page 135 (658 questions)
2026-05-06 11:58:06,965 | INFO    |   Page 136: 5 questions
2026-05-06 11:58:10,310 | INFO    |   Page 137: 5 questions
2026-05-06 11:58:13,748 | INFO    |   Page 138: 5 questions
2026-05-06 11:58:17,137 | INFO    |   Page 139: 5 questions
2026-05-06 11:58:20,460 | INFO    |   Page 140: 5 questions
2026-05-06 11:58:20,665 | INFO    | 💾 Saved at page 140 (683 questions)
2026-05-06 11:58:23,949 | INFO    |   Page 141: 5 questions
2026-05-06 11:58:27,380 | INFO    |   Page 142: 5 questions
2026-05-06 11:58:30,683 | INFO    |   Page 143: 5 questions
2026-05-06 11:58:34,120 | INFO    |   Page 144: 5 questions
2026-05-06 11:58:37,574 | INFO    |   Page 145: 5 questions
2026-05-06 11:58:37,768 | INFO    | 💾 Saved at page 145 (707 questions)
2026-05-06 11:58:41,070 | INFO    |   Page 146: 5 questions
2026-05-06 11:58:44,506 | INFO    |   Page 147: 5 questions
2026-05-06 11:58:47,806 | INFO    |   Page 148: 5 questions
2026-05-06 11:58:51,136 | INFO    |   Page 149: 5 questions
2026-05-06 11:58:54,669 | INFO    |   Page 150: 5 questions
2026-05-06 11:58:54,869 | INFO    | 💾 Saved at page 150 (732 questions)
2026-05-06 11:58:59,255 | INFO    |   Page 151: 5 questions
2026-05-06 11:59:02,795 | INFO    |   Page 152: 5 questions
2026-05-06 11:59:06,295 | INFO    |   Page 153: 5 questions
2026-05-06 11:59:09,649 | INFO    |   Page 154: 5 questions
2026-05-06 11:59:12,966 | INFO    |   Page 155: 5 questions
2026-05-06 11:59:13,173 | INFO    | 💾 Saved at page 155 (757 questions)
2026-05-06 11:59:16,454 | INFO    |   Page 156: 5 questions
2026-05-06 11:59:19,787 | INFO    |   Page 157: 5 questions
2026-05-06 11:59:23,251 | INFO    |   Page 158: 5 questions
2026-05-06 11:59:26,744 | INFO    |   Page 159: 5 questions
2026-05-06 11:59:30,225 | INFO    |   Page 160: 5 questions
2026-05-06 11:59:30,431 | INFO    | 💾 Saved at page 160 (781 questions)
2026-05-06 11:59:33,907 | INFO    |   Page 161: 5 questions
2026-05-06 11:59:37,346 | INFO    |   Page 162: 5 questions
2026-05-06 11:59:40,797 | INFO    |   Page 163: 5 questions
2026-05-06 11:59:44,244 | INFO    |   Page 164: 5 questions
2026-05-06 11:59:47,731 | INFO    |   Page 165: 5 questions
2026-05-06 11:59:47,949 | INFO    | 💾 Saved at page 165 (806 questions)
2026-05-06 11:59:51,465 | INFO    |   Page 166: 5 questions
2026-05-06 11:59:54,843 | INFO    |   Page 167: 5 questions
2026-05-06 11:59:58,194 | INFO    |   Page 168: 5 questions
2026-05-06 12:00:01,767 | INFO    |   Page 169: 5 questions
2026-05-06 12:00:05,231 | INFO    |   Page 170: 5 questions
2026-05-06 12:00:05,469 | INFO    | 💾 Saved at page 170 (829 questions)
2026-05-06 12:00:08,880 | INFO    |   Page 171: 5 questions
2026-05-06 12:00:12,288 | INFO    |   Page 172: 5 questions
2026-05-06 12:00:15,737 | INFO    |   Page 173: 5 questions
2026-05-06 12:00:19,176 | INFO    |   Page 174: 5 questions
2026-05-06 12:00:22,703 | INFO    |   Page 175: 5 questions
2026-05-06 12:00:22,935 | INFO    | 💾 Saved at page 175 (852 questions)
2026-05-06 12:00:26,410 | INFO    |   Page 176: 5 questions
2026-05-06 12:00:29,714 | INFO    |   Page 177: 5 questions
2026-05-06 12:00:33,219 | INFO    |   Page 178: 5 questions
2026-05-06 12:00:36,576 | INFO    |   Page 179: 5 questions
2026-05-06 12:00:39,945 | INFO    |   Page 180: 5 questions
2026-05-06 12:00:40,191 | INFO    | 💾 Saved at page 180 (877 questions)
2026-05-06 12:00:43,511 | INFO    |   Page 181: 5 questions
2026-05-06 12:00:47,050 | INFO    |   Page 182: 5 questions
2026-05-06 12:00:50,631 | INFO    |   Page 183: 5 questions
2026-05-06 12:00:53,922 | INFO    |   Page 184: 5 questions
2026-05-06 12:00:57,319 | INFO    |   Page 185: 5 questions
2026-05-06 12:00:57,573 | INFO    | 💾 Saved at page 185 (901 questions)
2026-05-06 12:01:01,049 | INFO    |   Page 186: 5 questions
2026-05-06 12:01:04,473 | INFO    |   Page 187: 5 questions
2026-05-06 12:01:07,784 | INFO    |   Page 188: 5 questions
2026-05-06 12:01:11,125 | INFO    |   Page 189: 5 questions
2026-05-06 12:01:14,531 | INFO    |   Page 190: 5 questions
2026-05-06 12:01:14,783 | INFO    | 💾 Saved at page 190 (925 questions)
2026-05-06 12:01:18,220 | INFO    |   Page 191: 5 questions
2026-05-06 12:01:21,697 | INFO    |   Page 192: 5 questions
2026-05-06 12:01:25,207 | INFO    |   Page 193: 5 questions
2026-05-06 12:01:28,547 | INFO    |   Page 194: 5 questions
2026-05-06 12:01:32,004 | INFO    |   Page 195: 5 questions
2026-05-06 12:01:32,296 | INFO    | 💾 Saved at page 195 (949 questions)
2026-05-06 12:01:35,879 | INFO    |   Page 196: 5 questions
2026-05-06 12:01:39,495 | INFO    |   Page 197: 5 questions
2026-05-06 12:01:42,795 | INFO    |   Page 198: 5 questions
2026-05-06 12:01:46,234 | INFO    |   Page 199: 5 questions
2026-05-06 12:01:49,702 | INFO    |   Page 200: 5 questions
2026-05-06 12:01:49,960 | INFO    | 💾 Saved at page 200 (972 questions)
2026-05-06 12:01:53,419 | INFO    |   Page 201: 5 questions
2026-05-06 12:01:56,692 | INFO    |   Page 202: 5 questions
2026-05-06 12:02:00,001 | INFO    |   Page 203: 5 questions
2026-05-06 12:02:03,820 | INFO    |   Page 204: 5 questions
2026-05-06 12:02:07,388 | INFO    |   Page 205: 5 questions
2026-05-06 12:02:07,705 | INFO    | 💾 Saved at page 205 (997 questions)
2026-05-06 12:02:11,292 | INFO    |   Page 206: 5 questions
2026-05-06 12:02:14,679 | INFO    |   Page 207: 5 questions
2026-05-06 12:02:18,191 | INFO    |   Page 208: 5 questions
2026-05-06 12:02:21,696 | INFO    |   Page 209: 5 questions
2026-05-06 12:02:25,153 | INFO    |   Page 210: 5 questions
2026-05-06 12:02:25,476 | INFO    | 💾 Saved at page 210 (1021 questions)
2026-05-06 12:02:29,002 | INFO    |   Page 211: 5 questions
2026-05-06 12:02:32,539 | INFO    |   Page 212: 5 questions
2026-05-06 12:02:35,998 | INFO    |   Page 213: 5 questions
2026-05-06 12:02:39,408 | INFO    |   Page 214: 5 questions
2026-05-06 12:02:42,870 | INFO    |   Page 215: 5 questions
2026-05-06 12:02:43,149 | INFO    | 💾 Saved at page 215 (1046 questions)
2026-05-06 12:02:46,416 | INFO    |   Page 216: 5 questions
2026-05-06 12:02:49,932 | INFO    |   Page 217: 5 questions
2026-05-06 12:02:53,524 | INFO    |   Page 218: 5 questions
2026-05-06 12:02:56,827 | INFO    |   Page 219: 5 questions
2026-05-06 12:03:00,404 | INFO    |   Page 220: 5 questions
2026-05-06 12:03:00,727 | INFO    | 💾 Saved at page 220 (1071 questions)
2026-05-06 12:03:04,125 | INFO    |   Page 221: 5 questions
2026-05-06 12:03:07,510 | INFO    |   Page 222: 5 questions
2026-05-06 12:03:10,909 | INFO    |   Page 223: 5 questions
2026-05-06 12:03:14,376 | INFO    |   Page 224: 5 questions
2026-05-06 12:03:17,973 | INFO    |   Page 225: 5 questions
2026-05-06 12:03:18,272 | INFO    | 💾 Saved at page 225 (1096 questions)
2026-05-06 12:03:21,814 | INFO    |   Page 226: 5 questions
2026-05-06 12:03:25,134 | INFO    |   Page 227: 5 questions
2026-05-06 12:03:28,519 | INFO    |   Page 228: 5 questions
2026-05-06 12:03:31,799 | INFO    |   Page 229: 5 questions
2026-05-06 12:03:35,102 | INFO    |   Page 230: 5 questions
2026-05-06 12:03:35,383 | INFO    | 💾 Saved at page 230 (1120 questions)
2026-05-06 12:03:38,858 | INFO    |   Page 231: 4 questions
2026-05-06 12:03:42,137 | INFO    |   Page 232: 5 questions
2026-05-06 12:03:45,374 | INFO    |   Page 233: 5 questions
2026-05-06 12:03:48,868 | INFO    |   Page 234: 5 questions
2026-05-06 12:03:52,210 | INFO    |   Page 235: 5 questions
2026-05-06 12:03:52,559 | INFO    | 💾 Saved at page 235 (1141 questions)
2026-05-06 12:03:55,932 | INFO    |   Page 236: 5 questions
2026-05-06 12:03:59,344 | INFO    |   Page 237: 5 questions
2026-05-06 12:04:02,847 | INFO    |   Page 238: 5 questions
2026-05-06 12:04:06,380 | INFO    |   Page 239: 5 questions
2026-05-06 12:04:09,733 | INFO    |   Page 240: 5 questions
2026-05-06 12:04:10,077 | INFO    | 💾 Saved at page 240 (1166 questions)
2026-05-06 12:04:13,351 | INFO    |   Page 241: 5 questions
2026-05-06 12:04:16,728 | INFO    |   Page 242: 5 questions
2026-05-06 12:04:20,141 | INFO    |   Page 243: 5 questions
2026-05-06 12:04:23,637 | INFO    |   Page 244: 5 questions
2026-05-06 12:04:27,120 | INFO    |   Page 245: 5 questions
2026-05-06 12:04:27,441 | INFO    | 💾 Saved at page 245 (1188 questions)
2026-05-06 12:04:30,805 | INFO    |   Page 246: 5 questions
2026-05-06 12:04:34,186 | INFO    |   Page 247: 5 questions
2026-05-06 12:04:37,614 | INFO    |   Page 248: 5 questions
2026-05-06 12:04:41,094 | INFO    |   Page 249: 5 questions
2026-05-06 12:04:44,578 | INFO    |   Page 250: 5 questions
2026-05-06 12:04:44,916 | INFO    | 💾 Saved at page 250 (1213 questions)
2026-05-06 12:04:48,291 | INFO    |   Page 251: 5 questions
2026-05-06 12:04:51,762 | INFO    |   Page 252: 5 questions
2026-05-06 12:04:55,096 | INFO    |   Page 253: 5 questions
2026-05-06 12:04:58,454 | INFO    |   Page 254: 5 questions
2026-05-06 12:05:02,340 | INFO    |   Page 255: 5 questions
2026-05-06 12:05:02,689 | INFO    | 💾 Saved at page 255 (1235 questions)
2026-05-06 12:05:06,201 | INFO    |   Page 256: 5 questions
2026-05-06 12:05:09,689 | INFO    |   Page 257: 5 questions
2026-05-06 12:05:13,196 | INFO    |   Page 258: 4 questions
2026-05-06 12:05:16,558 | INFO    |   Page 259: 4 questions
2026-05-06 12:05:19,978 | INFO    |   Page 260: 5 questions
2026-05-06 12:05:20,292 | INFO    | 💾 Saved at page 260 (1258 questions)
2026-05-06 12:05:23,588 | INFO    |   Page 261: 5 questions
2026-05-06 12:05:27,079 | INFO    |   Page 262: 5 questions
2026-05-06 12:05:30,456 | INFO    |   Page 263: 5 questions
2026-05-06 12:05:33,800 | INFO    |   Page 264: 5 questions
2026-05-06 12:05:37,430 | INFO    |   Page 265: 5 questions
2026-05-06 12:05:37,771 | INFO    | 💾 Saved at page 265 (1281 questions)
2026-05-06 12:05:41,365 | INFO    |   Page 266: 5 questions
2026-05-06 12:05:44,719 | INFO    |   Page 267: 5 questions
2026-05-06 12:05:48,056 | INFO    |   Page 268: 5 questions
2026-05-06 12:05:51,497 | INFO    |   Page 269: 5 questions
2026-05-06 12:05:55,075 | INFO    |   Page 270: 5 questions
2026-05-06 12:05:55,405 | INFO    | 💾 Saved at page 270 (1306 questions)
2026-05-06 12:05:58,986 | INFO    |   Page 271: 5 questions
2026-05-06 12:06:02,656 | INFO    |   Page 272: 5 questions
2026-05-06 12:06:05,980 | INFO    |   Page 273: 5 questions
2026-05-06 12:06:09,485 | INFO    |   Page 274: 5 questions
2026-05-06 12:06:12,900 | INFO    |   Page 275: 5 questions
2026-05-06 12:06:13,225 | INFO    | 💾 Saved at page 275 (1329 questions)
2026-05-06 12:06:16,721 | INFO    |   Page 276: 5 questions
2026-05-06 12:06:20,223 | INFO    |   Page 277: 5 questions
2026-05-06 12:06:23,800 | INFO    |   Page 278: 5 questions
2026-05-06 12:06:27,338 | INFO    |   Page 279: 5 questions
2026-05-06 12:06:30,785 | INFO    |   Page 280: 4 questions
2026-05-06 12:06:31,197 | INFO    | 💾 Saved at page 280 (1352 questions)
2026-05-06 12:06:34,689 | INFO    |   Page 281: 3 questions
2026-05-06 12:06:38,215 | INFO    |   Page 282: 5 questions
2026-05-06 12:06:41,617 | INFO    |   Page 283: 5 questions
2026-05-06 12:06:44,905 | INFO    |   Page 284: 5 questions
2026-05-06 12:06:48,462 | INFO    |   Page 285: 5 questions
2026-05-06 12:06:48,792 | INFO    | 💾 Saved at page 285 (1374 questions)
2026-05-06 12:06:52,286 | INFO    |   Page 286: 5 questions
2026-05-06 12:06:55,587 | INFO    |   Page 287: 5 questions
2026-05-06 12:06:59,094 | INFO    |   Page 288: 5 questions
2026-05-06 12:07:02,587 | INFO    |   Page 289: 5 questions
2026-05-06 12:07:05,903 | INFO    |   Page 290: 5 questions
2026-05-06 12:07:06,236 | INFO    | 💾 Saved at page 290 (1398 questions)
2026-05-06 12:07:09,627 | INFO    |   Page 291: 3 questions
2026-05-06 12:07:12,984 | INFO    |   Page 292: 5 questions
2026-05-06 12:07:16,522 | INFO    |   Page 293: 5 questions
2026-05-06 12:07:19,851 | INFO    |   Page 294: 4 questions
2026-05-06 12:07:23,496 | INFO    |   Page 295: 5 questions
2026-05-06 12:07:23,857 | INFO    | 💾 Saved at page 295 (1420 questions)
2026-05-06 12:07:27,249 | INFO    |   Page 296: 5 questions
2026-05-06 12:07:30,578 | INFO    |   Page 297: 5 questions
2026-05-06 12:07:33,990 | INFO    |   Page 298: 3 questions
2026-05-06 12:07:34,203 | INFO    | 💾 Saved at page 298 (1431 questions)
2026-05-06 12:07:35,429 | INFO    | ✅ Geography: 1431 questions saved.

2026-05-06 12:07:35,437 | INFO    | 
=======================================================
2026-05-06 12:07:35,439 | INFO    |   Scraping: Economics
2026-05-06 12:07:35,439 | INFO    | =======================================================
2026-05-06 12:07:48,631 | INFO    | Total pages: 345
2026-05-06 12:07:50,826 | INFO    |   Page 1: 5 questions
2026-05-06 12:07:54,251 | INFO    |   Page 2: 5 questions
2026-05-06 12:07:57,740 | INFO    |   Page 3: 5 questions
2026-05-06 12:08:01,180 | INFO    |   Page 4: 5 questions
2026-05-06 12:08:04,536 | INFO    |   Page 5: 5 questions
2026-05-06 12:08:04,557 | INFO    | 💾 Saved at page 5 (25 questions)
2026-05-06 12:08:08,118 | INFO    |   Page 6: 5 questions
2026-05-06 12:08:11,434 | INFO    |   Page 7: 5 questions
2026-05-06 12:08:14,770 | INFO    |   Page 8: 5 questions
2026-05-06 12:08:18,265 | INFO    |   Page 9: 5 questions
2026-05-06 12:08:21,585 | INFO    |   Page 10: 5 questions
2026-05-06 12:08:21,601 | INFO    | 💾 Saved at page 10 (50 questions)
2026-05-06 12:08:24,879 | INFO    |   Page 11: 5 questions
2026-05-06 12:08:28,235 | INFO    |   Page 12: 5 questions
2026-05-06 12:08:31,600 | INFO    |   Page 13: 5 questions
2026-05-06 12:08:34,978 | INFO    |   Page 14: 5 questions
2026-05-06 12:08:38,384 | INFO    |   Page 15: 5 questions
2026-05-06 12:08:38,403 | INFO    | 💾 Saved at page 15 (74 questions)
2026-05-06 12:08:41,751 | INFO    |   Page 16: 5 questions
2026-05-06 12:08:45,059 | INFO    |   Page 17: 5 questions
2026-05-06 12:08:48,421 | INFO    |   Page 18: 5 questions
2026-05-06 12:08:51,948 | INFO    |   Page 19: 5 questions
2026-05-06 12:08:55,272 | INFO    |   Page 20: 5 questions
2026-05-06 12:08:55,302 | INFO    | 💾 Saved at page 20 (99 questions)
2026-05-06 12:08:58,684 | INFO    |   Page 21: 5 questions
2026-05-06 12:09:02,104 | INFO    |   Page 22: 5 questions
2026-05-06 12:09:05,408 | INFO    |   Page 23: 5 questions
2026-05-06 12:09:08,804 | INFO    |   Page 24: 5 questions
2026-05-06 12:09:12,219 | INFO    |   Page 25: 5 questions
2026-05-06 12:09:12,244 | INFO    | 💾 Saved at page 25 (124 questions)
2026-05-06 12:09:15,612 | INFO    |   Page 26: 5 questions
2026-05-06 12:09:18,934 | INFO    |   Page 27: 5 questions
2026-05-06 12:09:22,399 | INFO    |   Page 28: 5 questions
2026-05-06 12:09:25,713 | INFO    |   Page 29: 5 questions
2026-05-06 12:09:29,128 | INFO    |   Page 30: 5 questions
2026-05-06 12:09:29,165 | INFO    | 💾 Saved at page 30 (149 questions)
2026-05-06 12:09:32,514 | INFO    |   Page 31: 5 questions
2026-05-06 12:09:35,969 | INFO    |   Page 32: 5 questions
2026-05-06 12:09:39,357 | INFO    |   Page 33: 5 questions
2026-05-06 12:09:42,823 | INFO    |   Page 34: 5 questions
2026-05-06 12:09:46,313 | INFO    |   Page 35: 5 questions
2026-05-06 12:09:46,361 | INFO    | 💾 Saved at page 35 (174 questions)
2026-05-06 12:09:49,693 | INFO    |   Page 36: 5 questions
2026-05-06 12:09:53,055 | INFO    |   Page 37: 5 questions
2026-05-06 12:09:56,384 | INFO    |   Page 38: 5 questions
2026-05-06 12:09:59,714 | INFO    |   Page 39: 5 questions
2026-05-06 12:10:03,088 | INFO    |   Page 40: 5 questions
2026-05-06 12:10:03,140 | INFO    | 💾 Saved at page 40 (198 questions)
2026-05-06 12:10:06,464 | INFO    |   Page 41: 5 questions
2026-05-06 12:10:09,844 | INFO    |   Page 42: 5 questions
2026-05-06 12:10:13,344 | INFO    |   Page 43: 5 questions
2026-05-06 12:10:16,660 | INFO    |   Page 44: 5 questions
2026-05-06 12:10:20,200 | INFO    |   Page 45: 5 questions
2026-05-06 12:10:20,263 | INFO    | 💾 Saved at page 45 (223 questions)
2026-05-06 12:10:23,768 | INFO    |   Page 46: 5 questions
2026-05-06 12:10:27,123 | INFO    |   Page 47: 5 questions
2026-05-06 12:10:30,465 | INFO    |   Page 48: 5 questions
2026-05-06 12:10:33,875 | INFO    |   Page 49: 5 questions
2026-05-06 12:10:37,252 | INFO    |   Page 50: 5 questions
2026-05-06 12:10:37,287 | INFO    | 💾 Saved at page 50 (248 questions)
2026-05-06 12:10:40,696 | INFO    |   Page 51: 5 questions
2026-05-06 12:10:44,077 | INFO    |   Page 52: 5 questions
2026-05-06 12:10:47,332 | INFO    |   Page 53: 5 questions
2026-05-06 12:10:50,643 | INFO    |   Page 54: 5 questions
2026-05-06 12:10:54,063 | INFO    |   Page 55: 5 questions
2026-05-06 12:10:54,097 | INFO    | 💾 Saved at page 55 (273 questions)
2026-05-06 12:10:57,451 | INFO    |   Page 56: 5 questions
2026-05-06 12:11:00,998 | INFO    |   Page 57: 5 questions
2026-05-06 12:11:04,309 | INFO    |   Page 58: 5 questions
2026-05-06 12:11:07,550 | INFO    |   Page 59: 5 questions
2026-05-06 12:11:10,818 | INFO    |   Page 60: 5 questions
2026-05-06 12:11:10,902 | INFO    | 💾 Saved at page 60 (298 questions)
2026-05-06 12:11:14,217 | INFO    |   Page 61: 5 questions
2026-05-06 12:11:17,583 | INFO    |   Page 62: 5 questions
2026-05-06 12:11:21,043 | INFO    |   Page 63: 5 questions
2026-05-06 12:11:24,375 | INFO    |   Page 64: 5 questions
2026-05-06 12:11:27,727 | INFO    |   Page 65: 5 questions
2026-05-06 12:11:27,772 | INFO    | 💾 Saved at page 65 (322 questions)
2026-05-06 12:11:31,085 | INFO    |   Page 66: 5 questions
2026-05-06 12:11:34,469 | INFO    |   Page 67: 5 questions
2026-05-06 12:11:37,901 | INFO    |   Page 68: 5 questions
2026-05-06 12:11:41,154 | INFO    |   Page 69: 5 questions
2026-05-06 12:11:44,434 | INFO    |   Page 70: 5 questions
2026-05-06 12:11:44,481 | INFO    | 💾 Saved at page 70 (346 questions)
2026-05-06 12:11:47,859 | INFO    |   Page 71: 5 questions
2026-05-06 12:11:51,151 | INFO    |   Page 72: 5 questions
2026-05-06 12:11:54,482 | INFO    |   Page 73: 5 questions
2026-05-06 12:11:57,852 | INFO    |   Page 74: 5 questions
2026-05-06 12:12:01,204 | INFO    |   Page 75: 5 questions
2026-05-06 12:12:01,252 | INFO    | 💾 Saved at page 75 (370 questions)
2026-05-06 12:12:04,587 | INFO    |   Page 76: 5 questions
2026-05-06 12:12:08,038 | INFO    |   Page 77: 5 questions
2026-05-06 12:12:11,388 | INFO    |   Page 78: 5 questions
2026-05-06 12:12:14,647 | INFO    |   Page 79: 5 questions
2026-05-06 12:12:17,999 | INFO    |   Page 80: 5 questions
2026-05-06 12:12:18,050 | INFO    | 💾 Saved at page 80 (394 questions)
2026-05-06 12:12:21,459 | INFO    |   Page 81: 5 questions
2026-05-06 12:12:24,807 | INFO    |   Page 82: 5 questions
2026-05-06 12:12:28,059 | INFO    |   Page 83: 5 questions
2026-05-06 12:12:31,321 | INFO    |   Page 84: 5 questions
2026-05-06 12:12:34,630 | INFO    |   Page 85: 5 questions
2026-05-06 12:12:34,679 | INFO    | 💾 Saved at page 85 (419 questions)
2026-05-06 12:12:38,109 | INFO    |   Page 86: 5 questions
2026-05-06 12:12:41,534 | INFO    |   Page 87: 5 questions
2026-05-06 12:12:44,885 | INFO    |   Page 88: 5 questions
2026-05-06 12:12:48,220 | INFO    |   Page 89: 5 questions
2026-05-06 12:12:51,555 | INFO    |   Page 90: 5 questions
2026-05-06 12:12:51,617 | INFO    | 💾 Saved at page 90 (444 questions)
2026-05-06 12:12:54,954 | INFO    |   Page 91: 5 questions
2026-05-06 12:12:58,320 | INFO    |   Page 92: 5 questions
2026-05-06 12:13:01,624 | INFO    |   Page 93: 5 questions
2026-05-06 12:13:04,929 | INFO    |   Page 94: 5 questions
2026-05-06 12:13:08,448 | INFO    |   Page 95: 5 questions
2026-05-06 12:13:08,504 | INFO    | 💾 Saved at page 95 (469 questions)
2026-05-06 12:13:11,844 | INFO    |   Page 96: 5 questions
2026-05-06 12:13:15,199 | INFO    |   Page 97: 5 questions
2026-05-06 12:13:18,551 | INFO    |   Page 98: 5 questions
2026-05-06 12:13:21,877 | INFO    |   Page 99: 5 questions
2026-05-06 12:13:25,259 | INFO    |   Page 100: 5 questions
2026-05-06 12:13:25,314 | INFO    | 💾 Saved at page 100 (493 questions)
2026-05-06 12:13:28,652 | INFO    |   Page 101: 5 questions
2026-05-06 12:13:31,959 | INFO    |   Page 102: 5 questions
2026-05-06 12:13:35,251 | INFO    |   Page 103: 5 questions
2026-05-06 12:13:38,558 | INFO    |   Page 104: 5 questions
2026-05-06 12:13:41,866 | INFO    |   Page 105: 5 questions
2026-05-06 12:13:41,939 | INFO    | 💾 Saved at page 105 (518 questions)
2026-05-06 12:13:45,293 | INFO    |   Page 106: 5 questions
2026-05-06 12:13:48,562 | INFO    |   Page 107: 5 questions
2026-05-06 12:13:51,792 | INFO    |   Page 108: 5 questions
2026-05-06 12:13:55,024 | INFO    |   Page 109: 5 questions
2026-05-06 12:13:58,318 | INFO    |   Page 110: 5 questions
2026-05-06 12:13:58,380 | INFO    | 💾 Saved at page 110 (543 questions)
2026-05-06 12:14:01,647 | INFO    |   Page 111: 5 questions
2026-05-06 12:14:04,963 | INFO    |   Page 112: 5 questions
2026-05-06 12:14:08,275 | INFO    |   Page 113: 5 questions
2026-05-06 12:14:11,522 | INFO    |   Page 114: 5 questions
2026-05-06 12:14:14,770 | INFO    |   Page 115: 5 questions
2026-05-06 12:14:14,841 | INFO    | 💾 Saved at page 115 (568 questions)
2026-05-06 12:14:18,144 | INFO    |   Page 116: 5 questions
2026-05-06 12:14:21,350 | INFO    |   Page 117: 5 questions
2026-05-06 12:14:24,671 | INFO    |   Page 118: 5 questions
2026-05-06 12:14:27,940 | INFO    |   Page 119: 5 questions
2026-05-06 12:14:31,251 | INFO    |   Page 120: 5 questions
2026-05-06 12:14:31,318 | INFO    | 💾 Saved at page 120 (592 questions)
2026-05-06 12:14:34,502 | INFO    |   Page 121: 5 questions
2026-05-06 12:14:37,862 | INFO    |   Page 122: 5 questions
2026-05-06 12:14:41,218 | INFO    |   Page 123: 5 questions
2026-05-06 12:14:44,478 | INFO    |   Page 124: 5 questions
2026-05-06 12:14:47,821 | INFO    |   Page 125: 5 questions
2026-05-06 12:14:47,889 | INFO    | 💾 Saved at page 125 (615 questions)
2026-05-06 12:14:51,169 | INFO    |   Page 126: 5 questions
2026-05-06 12:14:54,450 | INFO    |   Page 127: 5 questions
2026-05-06 12:14:57,787 | INFO    |   Page 128: 5 questions
2026-05-06 12:15:01,231 | INFO    |   Page 129: 5 questions
2026-05-06 12:15:04,564 | INFO    |   Page 130: 5 questions
2026-05-06 12:15:04,631 | INFO    | 💾 Saved at page 130 (640 questions)
2026-05-06 12:15:07,930 | INFO    |   Page 131: 5 questions
2026-05-06 12:15:11,129 | INFO    |   Page 132: 5 questions
2026-05-06 12:15:14,360 | INFO    |   Page 133: 5 questions
2026-05-06 12:15:17,622 | INFO    |   Page 134: 5 questions
2026-05-06 12:15:20,901 | INFO    |   Page 135: 5 questions
2026-05-06 12:15:20,974 | INFO    | 💾 Saved at page 135 (665 questions)
2026-05-06 12:15:24,268 | INFO    |   Page 136: 5 questions
2026-05-06 12:15:27,600 | INFO    |   Page 137: 5 questions
2026-05-06 12:15:30,867 | INFO    |   Page 138: 5 questions
2026-05-06 12:15:34,106 | INFO    |   Page 139: 5 questions
2026-05-06 12:15:37,487 | INFO    |   Page 140: 5 questions
2026-05-06 12:15:37,562 | INFO    | 💾 Saved at page 140 (689 questions)
2026-05-06 12:15:40,827 | INFO    |   Page 141: 5 questions
2026-05-06 12:15:44,167 | INFO    |   Page 142: 5 questions
2026-05-06 12:15:47,443 | INFO    |   Page 143: 5 questions
2026-05-06 12:15:50,660 | INFO    |   Page 144: 5 questions
2026-05-06 12:15:53,970 | INFO    |   Page 145: 5 questions
2026-05-06 12:15:54,051 | INFO    | 💾 Saved at page 145 (714 questions)
2026-05-06 12:15:57,249 | INFO    |   Page 146: 5 questions
2026-05-06 12:16:00,497 | INFO    |   Page 147: 5 questions
2026-05-06 12:16:03,876 | INFO    |   Page 148: 5 questions
2026-05-06 12:16:07,102 | INFO    |   Page 149: 5 questions
2026-05-06 12:16:10,335 | INFO    |   Page 150: 5 questions
2026-05-06 12:16:10,415 | INFO    | 💾 Saved at page 150 (739 questions)
2026-05-06 12:16:13,672 | INFO    |   Page 151: 5 questions
2026-05-06 12:16:16,912 | INFO    |   Page 152: 5 questions
2026-05-06 12:16:20,216 | INFO    |   Page 153: 5 questions
2026-05-06 12:16:23,599 | INFO    |   Page 154: 5 questions
2026-05-06 12:16:26,893 | INFO    |   Page 155: 5 questions
2026-05-06 12:16:26,976 | INFO    | 💾 Saved at page 155 (764 questions)
2026-05-06 12:16:30,398 | INFO    |   Page 156: 5 questions
2026-05-06 12:16:33,609 | INFO    |   Page 157: 5 questions
2026-05-06 12:16:36,818 | INFO    |   Page 158: 5 questions
2026-05-06 12:16:39,995 | INFO    |   Page 159: 5 questions
2026-05-06 12:16:43,271 | INFO    |   Page 160: 5 questions
2026-05-06 12:16:43,354 | INFO    | 💾 Saved at page 160 (789 questions)
2026-05-06 12:16:46,769 | INFO    |   Page 161: 5 questions
2026-05-06 12:16:50,067 | INFO    |   Page 162: 5 questions
2026-05-06 12:16:53,362 | INFO    |   Page 163: 5 questions
2026-05-06 12:16:56,624 | INFO    |   Page 164: 5 questions
2026-05-06 12:16:59,838 | INFO    |   Page 165: 5 questions
2026-05-06 12:16:59,926 | INFO    | 💾 Saved at page 165 (814 questions)
2026-05-06 12:17:03,229 | INFO    |   Page 166: 5 questions
2026-05-06 12:17:06,540 | INFO    |   Page 167: 5 questions
2026-05-06 12:17:09,778 | INFO    |   Page 168: 5 questions
2026-05-06 12:17:12,921 | INFO    |   Page 169: 5 questions
2026-05-06 12:17:16,131 | INFO    |   Page 170: 5 questions
2026-05-06 12:17:16,220 | INFO    | 💾 Saved at page 170 (839 questions)
2026-05-06 12:17:19,418 | INFO    |   Page 171: 5 questions
2026-05-06 12:17:22,715 | INFO    |   Page 172: 5 questions
2026-05-06 12:17:26,094 | INFO    |   Page 173: 5 questions
2026-05-06 12:17:29,524 | INFO    |   Page 174: 5 questions
2026-05-06 12:17:32,803 | INFO    |   Page 175: 5 questions
2026-05-06 12:17:32,889 | INFO    | 💾 Saved at page 175 (862 questions)
2026-05-06 12:17:36,165 | INFO    |   Page 176: 5 questions
2026-05-06 12:17:39,584 | INFO    |   Page 177: 5 questions
2026-05-06 12:17:42,891 | INFO    |   Page 178: 5 questions
2026-05-06 12:17:46,218 | INFO    |   Page 179: 5 questions
2026-05-06 12:17:49,473 | INFO    |   Page 180: 5 questions
2026-05-06 12:17:49,561 | INFO    | 💾 Saved at page 180 (885 questions)
2026-05-06 12:17:52,770 | INFO    |   Page 181: 5 questions
2026-05-06 12:17:55,950 | INFO    |   Page 182: 5 questions
2026-05-06 12:17:59,148 | INFO    |   Page 183: 5 questions
2026-05-06 12:18:02,409 | INFO    |   Page 184: 5 questions
2026-05-06 12:18:05,767 | INFO    |   Page 185: 5 questions
2026-05-06 12:18:05,859 | INFO    | 💾 Saved at page 185 (910 questions)
2026-05-06 12:18:09,216 | INFO    |   Page 186: 5 questions
2026-05-06 12:18:12,524 | INFO    |   Page 187: 5 questions
2026-05-06 12:18:15,744 | INFO    |   Page 188: 5 questions
2026-05-06 12:18:19,056 | INFO    |   Page 189: 5 questions
2026-05-06 12:18:22,461 | INFO    |   Page 190: 5 questions
2026-05-06 12:18:22,553 | INFO    | 💾 Saved at page 190 (935 questions)
2026-05-06 12:18:25,805 | INFO    |   Page 191: 5 questions
2026-05-06 12:18:29,108 | INFO    |   Page 192: 5 questions
2026-05-06 12:18:32,442 | INFO    |   Page 193: 5 questions
2026-05-06 12:18:35,640 | INFO    |   Page 194: 5 questions
2026-05-06 12:18:38,957 | INFO    |   Page 195: 5 questions
2026-05-06 12:18:39,055 | INFO    | 💾 Saved at page 195 (960 questions)
2026-05-06 12:18:42,293 | INFO    |   Page 196: 5 questions
2026-05-06 12:18:45,655 | INFO    |   Page 197: 5 questions
2026-05-06 12:18:48,868 | INFO    |   Page 198: 5 questions
2026-05-06 12:18:52,177 | INFO    |   Page 199: 5 questions
2026-05-06 12:18:55,612 | INFO    |   Page 200: 5 questions
2026-05-06 12:18:55,711 | INFO    | 💾 Saved at page 200 (984 questions)
2026-05-06 12:18:59,033 | INFO    |   Page 201: 5 questions
2026-05-06 12:19:02,402 | INFO    |   Page 202: 5 questions
2026-05-06 12:19:05,660 | INFO    |   Page 203: 5 questions
2026-05-06 12:19:09,062 | INFO    |   Page 204: 5 questions
2026-05-06 12:19:12,315 | INFO    |   Page 205: 5 questions
2026-05-06 12:19:12,416 | INFO    | 💾 Saved at page 205 (1009 questions)
2026-05-06 12:19:15,728 | INFO    |   Page 206: 5 questions
2026-05-06 12:19:18,911 | INFO    |   Page 207: 5 questions
2026-05-06 12:19:22,105 | INFO    |   Page 208: 5 questions
2026-05-06 12:19:25,456 | INFO    |   Page 209: 5 questions
2026-05-06 12:19:28,672 | INFO    |   Page 210: 5 questions
2026-05-06 12:19:28,769 | INFO    | 💾 Saved at page 210 (1034 questions)
2026-05-06 12:19:32,104 | INFO    |   Page 211: 5 questions
2026-05-06 12:19:35,417 | INFO    |   Page 212: 5 questions
2026-05-06 12:19:38,792 | INFO    |   Page 213: 5 questions
2026-05-06 12:19:42,041 | INFO    |   Page 214: 5 questions
2026-05-06 12:19:45,447 | INFO    |   Page 215: 5 questions
2026-05-06 12:19:45,553 | INFO    | 💾 Saved at page 215 (1059 questions)
2026-05-06 12:19:48,930 | INFO    |   Page 216: 5 questions
2026-05-06 12:19:52,383 | INFO    |   Page 217: 5 questions
2026-05-06 12:19:55,656 | INFO    |   Page 218: 5 questions
2026-05-06 12:19:58,868 | INFO    |   Page 219: 5 questions
2026-05-06 12:20:02,102 | INFO    |   Page 220: 5 questions
2026-05-06 12:20:02,211 | INFO    | 💾 Saved at page 220 (1082 questions)
2026-05-06 12:20:05,488 | INFO    |   Page 221: 5 questions
2026-05-06 12:20:08,944 | INFO    |   Page 222: 5 questions
2026-05-06 12:20:12,395 | INFO    |   Page 223: 5 questions
2026-05-06 12:20:15,794 | INFO    |   Page 224: 5 questions
2026-05-06 12:20:19,195 | INFO    |   Page 225: 5 questions
2026-05-06 12:20:19,308 | INFO    | 💾 Saved at page 225 (1106 questions)
2026-05-06 12:20:22,539 | INFO    |   Page 226: 4 questions
2026-05-06 12:20:25,750 | INFO    |   Page 227: 5 questions
2026-05-06 12:20:29,000 | INFO    |   Page 228: 5 questions
2026-05-06 12:20:32,253 | INFO    |   Page 229: 5 questions
2026-05-06 12:20:35,511 | INFO    |   Page 230: 5 questions
2026-05-06 12:20:35,626 | INFO    | 💾 Saved at page 230 (1130 questions)
2026-05-06 12:20:38,839 | INFO    |   Page 231: 5 questions
2026-05-06 12:20:42,021 | INFO    |   Page 232: 5 questions
2026-05-06 12:20:45,301 | INFO    |   Page 233: 5 questions
2026-05-06 12:20:48,663 | INFO    |   Page 234: 5 questions
2026-05-06 12:20:51,948 | INFO    |   Page 235: 5 questions
2026-05-06 12:20:52,066 | INFO    | 💾 Saved at page 235 (1155 questions)
2026-05-06 12:20:55,474 | INFO    |   Page 236: 5 questions
2026-05-06 12:20:58,766 | INFO    |   Page 237: 5 questions
2026-05-06 12:21:02,048 | INFO    |   Page 238: 4 questions
2026-05-06 12:21:05,344 | INFO    |   Page 239: 5 questions
2026-05-06 12:21:08,631 | INFO    |   Page 240: 5 questions
2026-05-06 12:21:08,750 | INFO    | 💾 Saved at page 240 (1179 questions)
2026-05-06 12:21:12,095 | INFO    |   Page 241: 5 questions
2026-05-06 12:21:15,513 | INFO    |   Page 242: 5 questions
2026-05-06 12:21:18,704 | INFO    |   Page 243: 5 questions
2026-05-06 12:21:22,099 | INFO    |   Page 244: 5 questions
2026-05-06 12:21:25,304 | INFO    |   Page 245: 5 questions
2026-05-06 12:21:25,417 | INFO    | 💾 Saved at page 245 (1203 questions)
2026-05-06 12:21:28,680 | INFO    |   Page 246: 5 questions
2026-05-06 12:21:31,952 | INFO    |   Page 247: 5 questions
2026-05-06 12:21:35,191 | INFO    |   Page 248: 5 questions
2026-05-06 12:21:38,452 | INFO    |   Page 249: 5 questions
2026-05-06 12:21:41,774 | INFO    |   Page 250: 5 questions
2026-05-06 12:21:41,899 | INFO    | 💾 Saved at page 250 (1228 questions)
2026-05-06 12:21:45,227 | INFO    |   Page 251: 5 questions
2026-05-06 12:21:48,500 | INFO    |   Page 252: 5 questions
2026-05-06 12:21:51,780 | INFO    |   Page 253: 5 questions
2026-05-06 12:21:55,056 | INFO    |   Page 254: 5 questions
2026-05-06 12:21:58,410 | INFO    |   Page 255: 5 questions
2026-05-06 12:21:58,534 | INFO    | 💾 Saved at page 255 (1253 questions)
2026-05-06 12:22:01,848 | INFO    |   Page 256: 5 questions
2026-05-06 12:22:05,483 | INFO    |   Page 257: 5 questions
2026-05-06 12:22:08,756 | INFO    |   Page 258: 5 questions
2026-05-06 12:22:12,100 | INFO    |   Page 259: 5 questions
2026-05-06 12:22:15,497 | INFO    |   Page 260: 5 questions
2026-05-06 12:22:15,617 | INFO    | 💾 Saved at page 260 (1278 questions)
2026-05-06 12:22:19,046 | INFO    |   Page 261: 5 questions
2026-05-06 12:22:22,326 | INFO    |   Page 262: 5 questions
2026-05-06 12:22:25,593 | INFO    |   Page 263: 5 questions
2026-05-06 12:22:28,909 | INFO    |   Page 264: 5 questions
2026-05-06 12:22:32,171 | INFO    |   Page 265: 5 questions
2026-05-06 12:22:32,294 | INFO    | 💾 Saved at page 265 (1302 questions)
2026-05-06 12:22:35,564 | INFO    |   Page 266: 5 questions
2026-05-06 12:22:38,834 | INFO    |   Page 267: 5 questions
2026-05-06 12:22:42,058 | INFO    |   Page 268: 5 questions
2026-05-06 12:22:45,504 | INFO    |   Page 269: 5 questions
2026-05-06 12:22:48,780 | INFO    |   Page 270: 5 questions
2026-05-06 12:22:48,904 | INFO    | 💾 Saved at page 270 (1327 questions)
2026-05-06 12:22:52,194 | INFO    |   Page 271: 5 questions
2026-05-06 12:22:55,440 | INFO    |   Page 272: 5 questions
2026-05-06 12:22:58,824 | INFO    |   Page 273: 5 questions
2026-05-06 12:23:02,155 | INFO    |   Page 274: 5 questions
2026-05-06 12:23:05,421 | INFO    |   Page 275: 4 questions
2026-05-06 12:23:05,545 | INFO    | 💾 Saved at page 275 (1351 questions)
2026-05-06 12:23:08,789 | INFO    |   Page 276: 4 questions
2026-05-06 12:23:12,022 | INFO    |   Page 277: 5 questions
2026-05-06 12:23:15,328 | INFO    |   Page 278: 5 questions
2026-05-06 12:23:18,659 | INFO    |   Page 279: 5 questions
2026-05-06 12:23:21,879 | INFO    |   Page 280: 5 questions
2026-05-06 12:23:22,009 | INFO    | 💾 Saved at page 280 (1375 questions)
2026-05-06 12:23:25,203 | INFO    |   Page 281: 5 questions
2026-05-06 12:23:28,506 | INFO    |   Page 282: 5 questions
2026-05-06 12:23:31,762 | INFO    |   Page 283: 5 questions
2026-05-06 12:23:35,062 | INFO    |   Page 284: 5 questions
2026-05-06 12:23:38,367 | INFO    |   Page 285: 5 questions
2026-05-06 12:23:38,494 | INFO    | 💾 Saved at page 285 (1400 questions)
2026-05-06 12:23:41,845 | INFO    |   Page 286: 5 questions
2026-05-06 12:23:45,077 | INFO    |   Page 287: 5 questions
2026-05-06 12:23:48,439 | INFO    |   Page 288: 5 questions
2026-05-06 12:23:51,735 | INFO    |   Page 289: 5 questions
2026-05-06 12:23:55,011 | INFO    |   Page 290: 5 questions
2026-05-06 12:23:55,144 | INFO    | 💾 Saved at page 290 (1425 questions)
2026-05-06 12:23:58,427 | INFO    |   Page 291: 5 questions
2026-05-06 12:24:01,677 | INFO    |   Page 292: 5 questions
2026-05-06 12:24:04,886 | INFO    |   Page 293: 5 questions
2026-05-06 12:24:08,174 | INFO    |   Page 294: 5 questions
2026-05-06 12:24:11,476 | INFO    |   Page 295: 5 questions
2026-05-06 12:24:11,607 | INFO    | 💾 Saved at page 295 (1450 questions)
2026-05-06 12:24:15,011 | INFO    |   Page 296: 5 questions
2026-05-06 12:24:18,299 | INFO    |   Page 297: 5 questions
2026-05-06 12:24:21,707 | INFO    |   Page 298: 5 questions
2026-05-06 12:24:25,193 | INFO    |   Page 299: 5 questions
2026-05-06 12:24:28,544 | INFO    |   Page 300: 4 questions
2026-05-06 12:24:28,680 | INFO    | 💾 Saved at page 300 (1474 questions)
2026-05-06 12:24:32,081 | INFO    |   Page 301: 5 questions
2026-05-06 12:24:35,394 | INFO    |   Page 302: 5 questions
2026-05-06 12:24:38,626 | INFO    |   Page 303: 5 questions
2026-05-06 12:24:45,213 | INFO    |   Page 304: 5 questions
2026-05-06 12:24:48,501 | INFO    |   Page 305: 5 questions
2026-05-06 12:24:48,638 | INFO    | 💾 Saved at page 305 (1499 questions)
2026-05-06 12:24:52,095 | INFO    |   Page 306: 5 questions
2026-05-06 12:24:55,383 | INFO    |   Page 307: 5 questions
2026-05-06 12:24:58,699 | INFO    |   Page 308: 5 questions
2026-05-06 12:25:01,981 | INFO    |   Page 309: 5 questions
2026-05-06 12:25:05,444 | INFO    |   Page 310: 5 questions
2026-05-06 12:25:05,583 | INFO    | 💾 Saved at page 310 (1524 questions)
2026-05-06 12:25:09,062 | INFO    |   Page 311: 5 questions
2026-05-06 12:25:12,408 | INFO    |   Page 312: 5 questions
2026-05-06 12:25:15,792 | INFO    |   Page 313: 5 questions
2026-05-06 12:25:19,076 | INFO    |   Page 314: 5 questions
2026-05-06 12:25:22,406 | INFO    |   Page 315: 5 questions
2026-05-06 12:25:22,546 | INFO    | 💾 Saved at page 315 (1547 questions)
2026-05-06 12:25:25,726 | INFO    |   Page 316: 5 questions
2026-05-06 12:25:29,022 | INFO    |   Page 317: 5 questions
2026-05-06 12:25:32,272 | INFO    |   Page 318: 5 questions
2026-05-06 12:25:35,719 | INFO    |   Page 319: 5 questions
2026-05-06 12:25:39,059 | INFO    |   Page 320: 5 questions
2026-05-06 12:25:39,204 | INFO    | 💾 Saved at page 320 (1572 questions)
2026-05-06 12:25:42,540 | INFO    |   Page 321: 5 questions
2026-05-06 12:25:45,930 | INFO    |   Page 322: 5 questions
2026-05-06 12:25:49,251 | INFO    |   Page 323: 4 questions
2026-05-06 12:25:52,524 | INFO    |   Page 324: 5 questions
2026-05-06 12:25:55,924 | INFO    |   Page 325: 5 questions
2026-05-06 12:25:56,065 | INFO    | 💾 Saved at page 325 (1596 questions)
2026-05-06 12:25:59,420 | INFO    |   Page 326: 5 questions
2026-05-06 12:26:02,666 | INFO    |   Page 327: 5 questions
2026-05-06 12:26:05,859 | INFO    |   Page 328: 5 questions
2026-05-06 12:26:09,145 | INFO    |   Page 329: 5 questions
2026-05-06 12:26:12,409 | INFO    |   Page 330: 5 questions
2026-05-06 12:26:12,549 | INFO    | 💾 Saved at page 330 (1621 questions)
2026-05-06 12:26:15,805 | INFO    |   Page 331: 5 questions
2026-05-06 12:26:19,097 | INFO    |   Page 332: 5 questions
2026-05-06 12:26:22,512 | INFO    |   Page 333: 5 questions
2026-05-06 12:26:25,804 | INFO    |   Page 334: 5 questions
2026-05-06 12:26:29,187 | INFO    |   Page 335: 5 questions
2026-05-06 12:26:29,330 | INFO    | 💾 Saved at page 335 (1646 questions)
2026-05-06 12:26:32,582 | INFO    |   Page 336: 5 questions
2026-05-06 12:26:35,960 | INFO    |   Page 337: 5 questions
2026-05-06 12:26:39,309 | INFO    |   Page 338: 5 questions
2026-05-06 12:26:42,541 | INFO    |   Page 339: 4 questions
2026-05-06 12:26:45,898 | INFO    |   Page 340: 5 questions
2026-05-06 12:26:46,049 | INFO    | 💾 Saved at page 340 (1670 questions)
2026-05-06 12:26:49,241 | INFO    |   Page 341: 5 questions
2026-05-06 12:26:52,547 | INFO    |   Page 342: 5 questions
2026-05-06 12:26:55,954 | INFO    |   Page 343: 5 questions
2026-05-06 12:26:59,253 | INFO    |   Page 344: 5 questions
2026-05-06 12:27:02,574 | INFO    |   Page 345: 3 questions
2026-05-06 12:27:02,718 | INFO    | 💾 Saved at page 345 (1692 questions)
2026-05-06 12:27:03,381 | INFO    | ✅ Economics: 1692 questions saved.

2026-05-06 12:27:03,381 | INFO    | 
=======================================================
2026-05-06 12:27:03,381 | INFO    |   Scraping: Literature in English
2026-05-06 12:27:03,381 | INFO    | =======================================================
2026-05-06 12:27:13,550 | INFO    | Total pages: 293
2026-05-06 12:27:15,636 | INFO    |   Page 1: 5 questions
2026-05-06 12:27:19,025 | INFO    |   Page 2: 5 questions
2026-05-06 12:27:22,603 | INFO    |   Page 3: 5 questions
2026-05-06 12:27:25,961 | INFO    |   Page 4: 5 questions
2026-05-06 12:27:29,453 | INFO    |   Page 5: 5 questions
2026-05-06 12:27:29,482 | INFO    | 💾 Saved at page 5 (24 questions)
2026-05-06 12:27:32,936 | INFO    |   Page 6: 5 questions
2026-05-06 12:27:36,397 | INFO    |   Page 7: 5 questions
2026-05-06 12:27:39,980 | INFO    |   Page 8: 5 questions
2026-05-06 12:27:43,605 | INFO    |   Page 9: 5 questions
2026-05-06 12:27:47,061 | INFO    |   Page 10: 5 questions
2026-05-06 12:27:47,076 | INFO    | 💾 Saved at page 10 (47 questions)
2026-05-06 12:27:50,635 | INFO    |   Page 11: 5 questions
2026-05-06 12:27:54,127 | INFO    |   Page 12: 5 questions
2026-05-06 12:27:57,716 | INFO    |   Page 13: 5 questions
2026-05-06 12:28:01,306 | INFO    |   Page 14: 5 questions
2026-05-06 12:28:04,863 | INFO    |   Page 15: 5 questions
2026-05-06 12:28:04,881 | INFO    | 💾 Saved at page 15 (71 questions)
2026-05-06 12:28:08,403 | INFO    |   Page 16: 5 questions
2026-05-06 12:28:11,815 | INFO    |   Page 17: 5 questions
2026-05-06 12:28:15,550 | INFO    |   Page 18: 5 questions
2026-05-06 12:28:19,099 | INFO    |   Page 19: 5 questions
2026-05-06 12:28:22,680 | INFO    |   Page 20: 5 questions
2026-05-06 12:28:22,700 | INFO    | 💾 Saved at page 20 (89 questions)
2026-05-06 12:28:26,413 | INFO    |   Page 21: 5 questions
2026-05-06 12:28:29,913 | INFO    |   Page 22: 5 questions
2026-05-06 12:28:33,429 | INFO    |   Page 23: 5 questions
2026-05-06 12:28:36,925 | INFO    |   Page 24: 5 questions
2026-05-06 12:28:40,584 | INFO    |   Page 25: 5 questions
2026-05-06 12:28:40,605 | INFO    | 💾 Saved at page 25 (108 questions)
2026-05-06 12:28:44,195 | INFO    |   Page 26: 5 questions
2026-05-06 12:28:47,623 | INFO    |   Page 27: 5 questions
2026-05-06 12:28:51,073 | INFO    |   Page 28: 5 questions
2026-05-06 12:28:54,530 | INFO    |   Page 29: 5 questions
2026-05-06 12:28:58,013 | INFO    |   Page 30: 5 questions
2026-05-06 12:28:58,034 | INFO    | 💾 Saved at page 30 (132 questions)
2026-05-06 12:29:01,664 | INFO    |   Page 31: 5 questions
2026-05-06 12:29:05,135 | INFO    |   Page 32: 5 questions
2026-05-06 12:29:08,606 | INFO    |   Page 33: 5 questions
2026-05-06 12:29:12,083 | INFO    |   Page 34: 5 questions
2026-05-06 12:29:15,610 | INFO    |   Page 35: 5 questions
2026-05-06 12:29:15,633 | INFO    | 💾 Saved at page 35 (157 questions)
2026-05-06 12:29:19,170 | INFO    |   Page 36: 5 questions
2026-05-06 12:29:22,720 | INFO    |   Page 37: 5 questions
2026-05-06 12:29:26,303 | INFO    |   Page 38: 5 questions
2026-05-06 12:29:29,802 | INFO    |   Page 39: 5 questions
2026-05-06 12:29:33,282 | INFO    |   Page 40: 5 questions
2026-05-06 12:29:33,309 | INFO    | 💾 Saved at page 40 (182 questions)
2026-05-06 12:29:36,838 | INFO    |   Page 41: 5 questions
2026-05-06 12:29:40,439 | INFO    |   Page 42: 5 questions
2026-05-06 12:29:43,942 | INFO    |   Page 43: 5 questions
2026-05-06 12:29:47,529 | INFO    |   Page 44: 5 questions
2026-05-06 12:29:51,026 | INFO    |   Page 45: 5 questions
2026-05-06 12:29:51,054 | INFO    | 💾 Saved at page 45 (203 questions)
2026-05-06 12:29:54,615 | INFO    |   Page 46: 5 questions
2026-05-06 12:29:58,232 | INFO    |   Page 47: 5 questions
2026-05-06 12:30:01,707 | INFO    |   Page 48: 5 questions
2026-05-06 12:30:05,255 | INFO    |   Page 49: 5 questions
2026-05-06 12:30:08,730 | INFO    |   Page 50: 5 questions
2026-05-06 12:30:08,759 | INFO    | 💾 Saved at page 50 (226 questions)
2026-05-06 12:30:12,208 | INFO    |   Page 51: 5 questions
2026-05-06 12:30:15,649 | INFO    |   Page 52: 5 questions
2026-05-06 12:30:19,173 | INFO    |   Page 53: 5 questions
2026-05-06 12:30:22,658 | INFO    |   Page 54: 5 questions
2026-05-06 12:30:26,207 | INFO    |   Page 55: 5 questions
2026-05-06 12:30:26,236 | INFO    | 💾 Saved at page 55 (243 questions)
2026-05-06 12:30:29,724 | INFO    |   Page 56: 5 questions
2026-05-06 12:30:33,269 | INFO    |   Page 57: 5 questions
2026-05-06 12:30:36,836 | INFO    |   Page 58: 5 questions
2026-05-06 12:30:40,349 | INFO    |   Page 59: 5 questions
2026-05-06 12:30:43,821 | INFO    |   Page 60: 5 questions
2026-05-06 12:30:43,852 | INFO    | 💾 Saved at page 60 (268 questions)
2026-05-06 12:30:47,412 | INFO    |   Page 61: 5 questions
2026-05-06 12:30:50,851 | INFO    |   Page 62: 5 questions
2026-05-06 12:30:54,278 | INFO    |   Page 63: 5 questions
2026-05-06 12:30:57,710 | INFO    |   Page 64: 5 questions
2026-05-06 12:31:01,311 | INFO    |   Page 65: 5 questions
2026-05-06 12:31:01,345 | INFO    | 💾 Saved at page 65 (285 questions)
2026-05-06 12:31:04,817 | INFO    |   Page 66: 5 questions
2026-05-06 12:31:08,346 | INFO    |   Page 67: 5 questions
2026-05-06 12:31:11,937 | INFO    |   Page 68: 5 questions
2026-05-06 12:31:15,501 | INFO    |   Page 69: 5 questions
2026-05-06 12:31:19,084 | INFO    |   Page 70: 5 questions
2026-05-06 12:31:19,122 | INFO    | 💾 Saved at page 70 (308 questions)
2026-05-06 12:31:22,616 | INFO    |   Page 71: 5 questions
2026-05-06 12:31:26,086 | INFO    |   Page 72: 5 questions
2026-05-06 12:31:29,541 | INFO    |   Page 73: 5 questions
2026-05-06 12:31:32,905 | INFO    |   Page 74: 5 questions
2026-05-06 12:31:36,245 | INFO    |   Page 75: 5 questions
2026-05-06 12:31:36,283 | INFO    | 💾 Saved at page 75 (323 questions)
2026-05-06 12:31:39,843 | INFO    |   Page 76: 5 questions
2026-05-06 12:31:43,316 | INFO    |   Page 77: 5 questions
2026-05-06 12:31:46,850 | INFO    |   Page 78: 5 questions
2026-05-06 12:31:50,368 | INFO    |   Page 79: 5 questions
2026-05-06 12:31:53,858 | INFO    |   Page 80: 5 questions
2026-05-06 12:31:53,901 | INFO    | 💾 Saved at page 80 (346 questions)
2026-05-06 12:31:57,330 | INFO    |   Page 81: 5 questions
2026-05-06 12:32:00,847 | INFO    |   Page 82: 5 questions
2026-05-06 12:32:04,577 | INFO    |   Page 83: 5 questions
2026-05-06 12:32:08,110 | INFO    |   Page 84: 5 questions
2026-05-06 12:32:11,552 | INFO    |   Page 85: 5 questions
2026-05-06 12:32:11,596 | INFO    | 💾 Saved at page 85 (366 questions)
2026-05-06 12:32:14,968 | INFO    |   Page 86: 5 questions
2026-05-06 12:32:18,337 | INFO    |   Page 87: 5 questions
2026-05-06 12:32:21,778 | INFO    |   Page 88: 5 questions
2026-05-06 12:32:25,222 | INFO    |   Page 89: 5 questions
2026-05-06 12:32:28,724 | INFO    |   Page 90: 5 questions
2026-05-06 12:32:28,768 | INFO    | 💾 Saved at page 90 (386 questions)
2026-05-06 12:32:32,288 | INFO    |   Page 91: 5 questions
2026-05-06 12:32:35,778 | INFO    |   Page 92: 5 questions
2026-05-06 12:32:39,303 | INFO    |   Page 93: 5 questions
2026-05-06 12:32:42,804 | INFO    |   Page 94: 5 questions
2026-05-06 12:32:46,268 | INFO    |   Page 95: 5 questions
2026-05-06 12:32:46,316 | INFO    | 💾 Saved at page 95 (406 questions)
2026-05-06 12:32:49,783 | INFO    |   Page 96: 5 questions
2026-05-06 12:32:53,202 | INFO    |   Page 97: 5 questions
2026-05-06 12:32:56,540 | INFO    |   Page 98: 5 questions
2026-05-06 12:32:59,892 | INFO    |   Page 99: 5 questions
2026-05-06 12:33:03,338 | INFO    |   Page 100: 5 questions
2026-05-06 12:33:03,388 | INFO    | 💾 Saved at page 100 (430 questions)
2026-05-06 12:33:06,840 | INFO    |   Page 101: 5 questions
2026-05-06 12:33:10,307 | INFO    |   Page 102: 5 questions
2026-05-06 12:33:13,737 | INFO    |   Page 103: 5 questions
2026-05-06 12:33:17,156 | INFO    |   Page 104: 5 questions
2026-05-06 12:33:20,604 | INFO    |   Page 105: 5 questions
2026-05-06 12:33:20,651 | INFO    | 💾 Saved at page 105 (452 questions)
2026-05-06 12:33:24,153 | INFO    |   Page 106: 5 questions
2026-05-06 12:33:27,619 | INFO    |   Page 107: 5 questions
2026-05-06 12:33:30,995 | INFO    |   Page 108: 5 questions
2026-05-06 12:33:34,494 | INFO    |   Page 109: 5 questions
2026-05-06 12:33:37,838 | INFO    |   Page 110: 5 questions
2026-05-06 12:33:37,888 | INFO    | 💾 Saved at page 110 (474 questions)
2026-05-06 12:33:41,249 | INFO    |   Page 111: 5 questions
2026-05-06 12:33:44,683 | INFO    |   Page 112: 5 questions
2026-05-06 12:33:48,160 | INFO    |   Page 113: 5 questions
2026-05-06 12:33:51,656 | INFO    |   Page 114: 5 questions
2026-05-06 12:33:55,150 | INFO    |   Page 115: 5 questions
2026-05-06 12:33:55,201 | INFO    | 💾 Saved at page 115 (494 questions)
2026-05-06 12:33:58,708 | INFO    |   Page 116: 5 questions
2026-05-06 12:34:02,152 | INFO    |   Page 117: 5 questions
2026-05-06 12:34:05,624 | INFO    |   Page 118: 5 questions
2026-05-06 12:34:09,025 | INFO    |   Page 119: 5 questions
2026-05-06 12:34:12,444 | INFO    |   Page 120: 5 questions
2026-05-06 12:34:12,494 | INFO    | 💾 Saved at page 120 (516 questions)
2026-05-06 12:34:15,882 | INFO    |   Page 121: 5 questions
2026-05-06 12:34:19,328 | INFO    |   Page 122: 5 questions
2026-05-06 12:34:22,722 | INFO    |   Page 123: 5 questions
2026-05-06 12:34:26,151 | INFO    |   Page 124: 5 questions
2026-05-06 12:34:29,604 | INFO    |   Page 125: 5 questions
2026-05-06 12:34:29,654 | INFO    | 💾 Saved at page 125 (535 questions)
2026-05-06 12:34:33,074 | INFO    |   Page 126: 5 questions
2026-05-06 12:34:36,568 | INFO    |   Page 127: 5 questions
2026-05-06 12:34:40,008 | INFO    |   Page 128: 5 questions
2026-05-06 12:34:43,440 | INFO    |   Page 129: 5 questions
2026-05-06 12:34:46,799 | INFO    |   Page 130: 5 questions
2026-05-06 12:34:46,852 | INFO    | 💾 Saved at page 130 (552 questions)
2026-05-06 12:34:50,235 | INFO    |   Page 131: 5 questions
2026-05-06 12:34:53,900 | INFO    |   Page 132: 5 questions
2026-05-06 12:34:57,285 | INFO    |   Page 133: 5 questions
2026-05-06 12:35:00,643 | INFO    |   Page 134: 5 questions
2026-05-06 12:35:04,024 | INFO    |   Page 135: 5 questions
2026-05-06 12:35:04,081 | INFO    | 💾 Saved at page 135 (570 questions)
2026-05-06 12:35:07,567 | INFO    |   Page 136: 5 questions
2026-05-06 12:35:11,132 | INFO    |   Page 137: 5 questions
2026-05-06 12:35:14,609 | INFO    |   Page 138: 5 questions
2026-05-06 12:35:18,058 | INFO    |   Page 139: 5 questions
2026-05-06 12:35:21,596 | INFO    |   Page 140: 5 questions
2026-05-06 12:35:21,654 | INFO    | 💾 Saved at page 140 (587 questions)
2026-05-06 12:35:25,091 | INFO    |   Page 141: 5 questions
2026-05-06 12:35:28,531 | INFO    |   Page 142: 5 questions
2026-05-06 12:35:32,082 | INFO    |   Page 143: 5 questions
2026-05-06 12:35:35,566 | INFO    |   Page 144: 5 questions
2026-05-06 12:35:38,993 | INFO    |   Page 145: 5 questions
2026-05-06 12:35:39,050 | INFO    | 💾 Saved at page 145 (608 questions)
2026-05-06 12:35:42,405 | INFO    |   Page 146: 5 questions
2026-05-06 12:35:45,892 | INFO    |   Page 147: 5 questions
2026-05-06 12:35:49,402 | INFO    |   Page 148: 5 questions
2026-05-06 12:35:52,844 | INFO    |   Page 149: 5 questions
2026-05-06 12:35:56,468 | INFO    |   Page 150: 5 questions
2026-05-06 12:35:56,528 | INFO    | 💾 Saved at page 150 (630 questions)
2026-05-06 12:35:59,976 | INFO    |   Page 151: 5 questions
2026-05-06 12:36:03,499 | INFO    |   Page 152: 5 questions
2026-05-06 12:36:06,949 | INFO    |   Page 153: 5 questions
2026-05-06 12:36:10,397 | INFO    |   Page 154: 5 questions
2026-05-06 12:36:13,775 | INFO    |   Page 155: 5 questions
2026-05-06 12:36:13,835 | INFO    | 💾 Saved at page 155 (651 questions)
2026-05-06 12:36:17,280 | INFO    |   Page 156: 5 questions
2026-05-06 12:36:20,592 | INFO    |   Page 157: 5 questions
2026-05-06 12:36:23,943 | INFO    |   Page 158: 5 questions
2026-05-06 12:36:27,286 | INFO    |   Page 159: 5 questions
2026-05-06 12:36:30,808 | INFO    |   Page 160: 5 questions
2026-05-06 12:36:30,866 | INFO    | 💾 Saved at page 160 (671 questions)
2026-05-06 12:36:34,300 | INFO    |   Page 161: 5 questions
2026-05-06 12:36:37,803 | INFO    |   Page 162: 5 questions
2026-05-06 12:36:41,404 | INFO    |   Page 163: 5 questions
2026-05-06 12:36:44,977 | INFO    |   Page 164: 5 questions
2026-05-06 12:36:48,490 | INFO    |   Page 165: 5 questions
2026-05-06 12:36:48,550 | INFO    | 💾 Saved at page 165 (691 questions)
2026-05-06 12:36:52,006 | INFO    |   Page 166: 5 questions
2026-05-06 12:36:55,461 | INFO    |   Page 167: 5 questions
2026-05-06 12:36:58,923 | INFO    |   Page 168: 5 questions
2026-05-06 12:37:02,251 | INFO    |   Page 169: 5 questions
2026-05-06 12:37:05,665 | INFO    |   Page 170: 5 questions
2026-05-06 12:37:05,744 | INFO    | 💾 Saved at page 170 (711 questions)
2026-05-06 12:37:09,322 | INFO    |   Page 171: 5 questions
2026-05-06 12:37:12,843 | INFO    |   Page 172: 5 questions
2026-05-06 12:37:16,239 | INFO    |   Page 173: 5 questions
2026-05-06 12:37:19,624 | INFO    |   Page 174: 5 questions
2026-05-06 12:37:22,976 | INFO    |   Page 175: 5 questions
2026-05-06 12:37:23,041 | INFO    | 💾 Saved at page 175 (730 questions)
2026-05-06 12:37:26,568 | INFO    |   Page 176: 5 questions
2026-05-06 12:37:29,831 | INFO    |   Page 177: 5 questions
2026-05-06 12:37:33,317 | INFO    |   Page 178: 5 questions
2026-05-06 12:37:36,719 | INFO    |   Page 179: 5 questions
2026-05-06 12:37:40,109 | INFO    |   Page 180: 5 questions
2026-05-06 12:37:40,178 | INFO    | 💾 Saved at page 180 (752 questions)
2026-05-06 12:37:43,518 | INFO    |   Page 181: 5 questions
2026-05-06 12:37:47,018 | INFO    |   Page 182: 5 questions
2026-05-06 12:37:50,550 | INFO    |   Page 183: 5 questions
2026-05-06 12:37:53,957 | INFO    |   Page 184: 5 questions
2026-05-06 12:37:57,425 | INFO    |   Page 185: 5 questions
2026-05-06 12:37:57,509 | INFO    | 💾 Saved at page 185 (773 questions)
2026-05-06 12:38:00,916 | INFO    |   Page 186: 5 questions
2026-05-06 12:38:04,292 | INFO    |   Page 187: 5 questions
2026-05-06 12:38:07,659 | INFO    |   Page 188: 5 questions
2026-05-06 12:38:10,993 | INFO    |   Page 189: 5 questions
2026-05-06 12:38:14,353 | INFO    |   Page 190: 5 questions
2026-05-06 12:38:14,430 | INFO    | 💾 Saved at page 190 (790 questions)
2026-05-06 12:38:17,855 | INFO    |   Page 191: 5 questions
2026-05-06 12:38:21,202 | INFO    |   Page 192: 5 questions
2026-05-06 12:38:24,569 | INFO    |   Page 193: 5 questions
2026-05-06 12:38:27,929 | INFO    |   Page 194: 5 questions
2026-05-06 12:38:31,390 | INFO    |   Page 195: 5 questions
2026-05-06 12:38:31,493 | INFO    | 💾 Saved at page 195 (808 questions)
2026-05-06 12:38:34,966 | INFO    |   Page 196: 5 questions
2026-05-06 12:38:38,392 | INFO    |   Page 197: 5 questions
2026-05-06 12:38:41,874 | INFO    |   Page 198: 5 questions
2026-05-06 12:38:45,326 | INFO    |   Page 199: 5 questions
2026-05-06 12:38:48,663 | INFO    |   Page 200: 5 questions
2026-05-06 12:38:48,742 | INFO    | 💾 Saved at page 200 (827 questions)
2026-05-06 12:38:52,136 | INFO    |   Page 201: 5 questions
2026-05-06 12:38:55,558 | INFO    |   Page 202: 5 questions
2026-05-06 12:38:58,936 | INFO    |   Page 203: 5 questions
2026-05-06 12:39:02,325 | INFO    |   Page 204: 5 questions
2026-05-06 12:39:05,773 | INFO    |   Page 205: 5 questions
2026-05-06 12:39:05,876 | INFO    | 💾 Saved at page 205 (851 questions)
2026-05-06 12:39:09,260 | INFO    |   Page 206: 5 questions
2026-05-06 12:39:12,606 | INFO    |   Page 207: 5 questions
2026-05-06 12:39:16,339 | INFO    |   Page 208: 5 questions
2026-05-06 12:39:19,855 | INFO    |   Page 209: 5 questions
2026-05-06 12:39:23,302 | INFO    |   Page 210: 5 questions
2026-05-06 12:39:23,404 | INFO    | 💾 Saved at page 210 (876 questions)
2026-05-06 12:39:26,898 | INFO    |   Page 211: 5 questions
2026-05-06 12:39:30,474 | INFO    |   Page 212: 5 questions
2026-05-06 12:39:33,872 | INFO    |   Page 213: 5 questions
2026-05-06 12:39:38,023 | INFO    |   Page 214: 5 questions
2026-05-06 12:39:41,372 | INFO    |   Page 215: 5 questions
2026-05-06 12:39:41,463 | INFO    | 💾 Saved at page 215 (901 questions)
2026-05-06 12:39:45,057 | INFO    |   Page 216: 5 questions
2026-05-06 12:39:48,806 | INFO    |   Page 217: 5 questions
2026-05-06 12:39:52,603 | INFO    |   Page 218: 5 questions
2026-05-06 12:39:56,046 | INFO    |   Page 219: 5 questions
2026-05-06 12:39:59,428 | INFO    |   Page 220: 5 questions
2026-05-06 12:39:59,527 | INFO    | 💾 Saved at page 220 (926 questions)
2026-05-06 12:40:03,025 | INFO    |   Page 221: 4 questions
2026-05-06 12:40:06,455 | INFO    |   Page 222: 5 questions
2026-05-06 12:40:09,971 | INFO    |   Page 223: 5 questions
2026-05-06 12:40:13,463 | INFO    |   Page 224: 5 questions
2026-05-06 12:40:17,074 | INFO    |   Page 225: 5 questions
2026-05-06 12:40:17,180 | INFO    | 💾 Saved at page 225 (950 questions)
2026-05-06 12:40:20,559 | INFO    |   Page 226: 5 questions
2026-05-06 12:40:23,957 | INFO    |   Page 227: 5 questions
2026-05-06 12:40:27,298 | INFO    |   Page 228: 5 questions
2026-05-06 12:40:30,686 | INFO    |   Page 229: 5 questions
2026-05-06 12:40:34,153 | INFO    |   Page 230: 5 questions
2026-05-06 12:40:34,260 | INFO    | 💾 Saved at page 230 (975 questions)
2026-05-06 12:40:37,734 | INFO    |   Page 231: 5 questions
2026-05-06 12:40:41,145 | INFO    |   Page 232: 5 questions
2026-05-06 12:40:44,703 | INFO    |   Page 233: 5 questions
2026-05-06 12:40:48,208 | INFO    |   Page 234: 5 questions
2026-05-06 12:40:51,725 | INFO    |   Page 235: 5 questions
2026-05-06 12:40:51,838 | INFO    | 💾 Saved at page 235 (998 questions)
2026-05-06 12:40:55,371 | INFO    |   Page 236: 5 questions
2026-05-06 12:40:58,847 | INFO    |   Page 237: 5 questions
2026-05-06 12:41:02,450 | INFO    |   Page 238: 5 questions
2026-05-06 12:41:05,858 | INFO    |   Page 239: 5 questions
2026-05-06 12:41:09,313 | INFO    |   Page 240: 5 questions
2026-05-06 12:41:09,426 | INFO    | 💾 Saved at page 240 (1020 questions)
2026-05-06 12:41:12,845 | INFO    |   Page 241: 5 questions
2026-05-06 12:41:16,271 | INFO    |   Page 242: 5 questions
2026-05-06 12:41:20,031 | INFO    |   Page 243: 5 questions
2026-05-06 12:41:23,611 | INFO    |   Page 244: 5 questions
2026-05-06 12:41:27,080 | INFO    |   Page 245: 5 questions
2026-05-06 12:41:27,191 | INFO    | 💾 Saved at page 245 (1044 questions)
2026-05-06 12:41:30,655 | INFO    |   Page 246: 5 questions
2026-05-06 12:41:34,157 | INFO    |   Page 247: 5 questions
2026-05-06 12:41:37,680 | INFO    |   Page 248: 5 questions
2026-05-06 12:41:41,176 | INFO    |   Page 249: 5 questions
2026-05-06 12:41:44,677 | INFO    |   Page 250: 5 questions
2026-05-06 12:41:44,804 | INFO    | 💾 Saved at page 250 (1063 questions)
2026-05-06 12:41:48,545 | INFO    |   Page 251: 5 questions
2026-05-06 12:41:52,438 | INFO    |   Page 252: 5 questions
2026-05-06 12:41:56,938 | INFO    |   Page 253: 5 questions
2026-05-06 12:42:00,701 | INFO    |   Page 254: 5 questions
2026-05-06 12:42:04,428 | INFO    |   Page 255: 5 questions
2026-05-06 12:42:04,748 | INFO    | 💾 Saved at page 255 (1084 questions)
2026-05-06 12:42:08,560 | INFO    |   Page 256: 5 questions
2026-05-06 12:42:12,344 | INFO    |   Page 257: 5 questions
2026-05-06 12:42:16,146 | INFO    |   Page 258: 5 questions
2026-05-06 12:42:20,096 | INFO    |   Page 259: 5 questions
2026-05-06 12:42:24,065 | INFO    |   Page 260: 5 questions
2026-05-06 12:42:24,407 | INFO    | 💾 Saved at page 260 (1109 questions)
2026-05-06 12:42:28,336 | INFO    |   Page 261: 5 questions
2026-05-06 12:42:32,265 | INFO    |   Page 262: 5 questions
2026-05-06 12:42:36,367 | INFO    |   Page 263: 5 questions
2026-05-06 12:42:40,526 | INFO    |   Page 264: 5 questions
2026-05-06 12:42:44,424 | INFO    |   Page 265: 5 questions
2026-05-06 12:42:44,787 | INFO    | 💾 Saved at page 265 (1130 questions)
2026-05-06 12:42:49,119 | INFO    |   Page 266: 5 questions
2026-05-06 12:42:53,520 | INFO    |   Page 267: 5 questions
2026-05-06 12:42:57,848 | INFO    |   Page 268: 5 questions
2026-05-06 12:43:02,474 | INFO    |   Page 269: 5 questions
2026-05-06 12:43:06,925 | INFO    |   Page 270: 5 questions
2026-05-06 12:43:07,334 | INFO    | 💾 Saved at page 270 (1149 questions)
2026-05-06 12:43:12,490 | INFO    |   Page 271: 5 questions
2026-05-06 12:43:16,944 | INFO    |   Page 272: 5 questions
2026-05-06 12:43:21,257 | INFO    |   Page 273: 5 questions
2026-05-06 12:43:25,638 | INFO    |   Page 274: 5 questions
2026-05-06 12:43:29,971 | INFO    |   Page 275: 5 questions
2026-05-06 12:43:30,379 | INFO    | 💾 Saved at page 275 (1171 questions)
2026-05-06 12:43:34,747 | INFO    |   Page 276: 5 questions
2026-05-06 12:43:39,164 | INFO    |   Page 277: 5 questions
2026-05-06 12:43:43,543 | INFO    |   Page 278: 5 questions
2026-05-06 12:43:47,915 | INFO    |   Page 279: 5 questions
2026-05-06 12:43:52,299 | INFO    |   Page 280: 5 questions
2026-05-06 12:43:52,706 | INFO    | 💾 Saved at page 280 (1191 questions)
2026-05-06 12:43:57,072 | INFO    |   Page 281: 5 questions
2026-05-06 12:44:01,402 | INFO    |   Page 282: 5 questions
2026-05-06 12:44:05,766 | INFO    |   Page 283: 5 questions
2026-05-06 12:44:10,021 | INFO    |   Page 284: 5 questions
2026-05-06 12:44:14,376 | INFO    |   Page 285: 5 questions
2026-05-06 12:44:14,815 | INFO    | 💾 Saved at page 285 (1207 questions)
2026-05-06 12:44:19,397 | INFO    |   Page 286: 5 questions
2026-05-06 12:44:23,804 | INFO    |   Page 287: 5 questions
2026-05-06 12:44:28,188 | INFO    |   Page 288: 5 questions
2026-05-06 12:44:32,791 | INFO    |   Page 289: 5 questions
2026-05-06 12:44:37,169 | INFO    |   Page 290: 5 questions
2026-05-06 12:44:37,575 | INFO    | 💾 Saved at page 290 (1209 questions)
2026-05-06 12:44:41,946 | INFO    |   Page 291: 5 questions
2026-05-06 12:44:46,517 | INFO    |   Page 292: 5 questions
2026-05-06 12:44:50,954 | INFO    |   Page 293: 1 questions
2026-05-06 12:44:51,476 | INFO    | 💾 Saved at page 293 (1210 questions)
2026-05-06 12:44:53,119 | INFO    | ✅ Literature in English: 1210 questions saved.

2026-05-06 12:44:53,128 | INFO    | 
=======================================================
2026-05-06 12:44:53,130 | INFO    |   Scraping: Government
2026-05-06 12:44:53,130 | INFO    | =======================================================
2026-05-06 12:45:22,449 | INFO    | Total pages: 394
2026-05-06 12:45:25,661 | INFO    |   Page 1: 5 questions
2026-05-06 12:45:30,398 | INFO    |   Page 2: 5 questions
2026-05-06 12:45:35,193 | INFO    |   Page 3: 5 questions
2026-05-06 12:45:39,527 | INFO    |   Page 4: 5 questions
2026-05-06 12:45:43,817 | INFO    |   Page 5: 5 questions
2026-05-06 12:45:43,895 | INFO    | 💾 Saved at page 5 (25 questions)
2026-05-06 12:45:48,029 | INFO    |   Page 6: 5 questions
2026-05-06 12:45:52,214 | INFO    |   Page 7: 5 questions
2026-05-06 12:45:56,504 | INFO    |   Page 8: 5 questions
2026-05-06 12:46:00,849 | INFO    |   Page 9: 5 questions
2026-05-06 12:46:05,177 | INFO    |   Page 10: 5 questions
2026-05-06 12:46:05,246 | INFO    | 💾 Saved at page 10 (50 questions)
2026-05-06 12:46:09,544 | INFO    |   Page 11: 5 questions
2026-05-06 12:46:14,074 | INFO    |   Page 12: 5 questions
2026-05-06 12:46:18,394 | INFO    |   Page 13: 5 questions
2026-05-06 12:46:22,784 | INFO    |   Page 14: 5 questions
2026-05-06 12:46:27,155 | INFO    |   Page 15: 5 questions
2026-05-06 12:46:27,244 | INFO    | 💾 Saved at page 15 (75 questions)
2026-05-06 12:46:31,509 | INFO    |   Page 16: 5 questions
2026-05-06 12:46:36,000 | INFO    |   Page 17: 5 questions
2026-05-06 12:46:40,248 | INFO    |   Page 18: 5 questions
2026-05-06 12:46:44,437 | INFO    |   Page 19: 5 questions
2026-05-06 12:46:48,892 | INFO    |   Page 20: 5 questions
2026-05-06 12:46:49,051 | INFO    | 💾 Saved at page 20 (100 questions)
2026-05-06 12:46:53,595 | INFO    |   Page 21: 5 questions
2026-05-06 12:46:57,966 | INFO    |   Page 22: 5 questions
2026-05-06 12:47:02,156 | INFO    |   Page 23: 5 questions
2026-05-06 12:47:06,391 | INFO    |   Page 24: 5 questions
2026-05-06 12:47:11,305 | INFO    |   Page 25: 5 questions
2026-05-06 12:47:11,432 | INFO    | 💾 Saved at page 25 (125 questions)
2026-05-06 12:47:15,961 | INFO    |   Page 26: 5 questions
2026-05-06 12:47:20,306 | INFO    |   Page 27: 5 questions
2026-05-06 12:47:24,702 | INFO    |   Page 28: 5 questions
2026-05-06 12:47:28,990 | INFO    |   Page 29: 5 questions
2026-05-06 12:47:33,524 | INFO    |   Page 30: 5 questions
2026-05-06 12:47:33,719 | INFO    | 💾 Saved at page 30 (149 questions)
2026-05-06 12:47:38,133 | INFO    |   Page 31: 5 questions
2026-05-06 12:47:42,594 | INFO    |   Page 32: 5 questions
2026-05-06 12:47:46,648 | INFO    |   Page 33: 5 questions
2026-05-06 12:47:50,213 | INFO    |   Page 34: 5 questions
2026-05-06 12:47:53,915 | INFO    |   Page 35: 5 questions
2026-05-06 12:47:53,998 | INFO    | 💾 Saved at page 35 (174 questions)
2026-05-06 12:47:57,649 | INFO    |   Page 36: 5 questions
2026-05-06 12:48:01,242 | INFO    |   Page 37: 5 questions
2026-05-06 12:48:04,917 | INFO    |   Page 38: 5 questions
2026-05-06 12:48:08,605 | INFO    |   Page 39: 5 questions
2026-05-06 12:48:12,289 | INFO    |   Page 40: 5 questions
2026-05-06 12:48:12,365 | INFO    | 💾 Saved at page 40 (198 questions)
2026-05-06 12:48:16,018 | INFO    |   Page 41: 5 questions
2026-05-06 12:48:19,577 | INFO    |   Page 42: 5 questions
2026-05-06 12:48:23,310 | INFO    |   Page 43: 5 questions
2026-05-06 12:48:26,951 | INFO    |   Page 44: 5 questions
2026-05-06 12:48:30,806 | INFO    |   Page 45: 5 questions
2026-05-06 12:48:30,901 | INFO    | 💾 Saved at page 45 (222 questions)
2026-05-06 12:48:34,478 | INFO    |   Page 46: 5 questions
2026-05-06 12:48:38,291 | INFO    |   Page 47: 5 questions
2026-05-06 12:48:42,133 | INFO    |   Page 48: 5 questions
2026-05-06 12:48:45,708 | INFO    |   Page 49: 5 questions
2026-05-06 12:48:49,118 | INFO    |   Page 50: 5 questions
2026-05-06 12:48:49,198 | INFO    | 💾 Saved at page 50 (247 questions)
2026-05-06 12:48:52,599 | INFO    |   Page 51: 5 questions
2026-05-06 12:48:55,995 | INFO    |   Page 52: 5 questions
2026-05-06 12:48:59,331 | INFO    |   Page 53: 5 questions
2026-05-06 12:49:02,717 | INFO    |   Page 54: 5 questions
2026-05-06 12:49:06,054 | INFO    |   Page 55: 5 questions
2026-05-06 12:49:06,130 | INFO    | 💾 Saved at page 55 (272 questions)
2026-05-06 12:49:09,575 | INFO    |   Page 56: 5 questions
2026-05-06 12:49:12,995 | INFO    |   Page 57: 5 questions
2026-05-06 12:49:16,369 | INFO    |   Page 58: 5 questions
2026-05-06 12:49:19,817 | INFO    |   Page 59: 5 questions
2026-05-06 12:49:23,265 | INFO    |   Page 60: 5 questions
2026-05-06 12:49:23,361 | INFO    | 💾 Saved at page 60 (297 questions)
2026-05-06 12:49:26,873 | INFO    |   Page 61: 5 questions
2026-05-06 12:49:30,338 | INFO    |   Page 62: 5 questions
2026-05-06 12:49:33,750 | INFO    |   Page 63: 5 questions
2026-05-06 12:49:37,196 | INFO    |   Page 64: 5 questions
2026-05-06 12:49:40,667 | INFO    |   Page 65: 5 questions
2026-05-06 12:49:40,754 | INFO    | 💾 Saved at page 65 (321 questions)
2026-05-06 12:49:44,178 | INFO    |   Page 66: 5 questions
2026-05-06 12:49:47,465 | INFO    |   Page 67: 5 questions
2026-05-06 12:49:50,859 | INFO    |   Page 68: 5 questions
2026-05-06 12:49:54,161 | INFO    |   Page 69: 5 questions
2026-05-06 12:49:57,558 | INFO    |   Page 70: 5 questions
2026-05-06 12:49:57,657 | INFO    | 💾 Saved at page 70 (346 questions)
2026-05-06 12:50:01,214 | INFO    |   Page 71: 5 questions
2026-05-06 12:50:04,585 | INFO    |   Page 72: 5 questions
2026-05-06 12:50:08,097 | INFO    |   Page 73: 5 questions
2026-05-06 12:50:11,620 | INFO    |   Page 74: 5 questions
2026-05-06 12:50:15,089 | INFO    |   Page 75: 5 questions
2026-05-06 12:50:15,209 | INFO    | 💾 Saved at page 75 (370 questions)
2026-05-06 12:50:18,700 | INFO    |   Page 76: 5 questions
2026-05-06 12:50:22,290 | INFO    |   Page 77: 5 questions
2026-05-06 12:50:25,753 | INFO    |   Page 78: 5 questions
2026-05-06 12:50:29,166 | INFO    |   Page 79: 5 questions
2026-05-06 12:50:32,686 | INFO    |   Page 80: 5 questions
2026-05-06 12:50:32,804 | INFO    | 💾 Saved at page 80 (395 questions)
2026-05-06 12:50:36,208 | INFO    |   Page 81: 5 questions
2026-05-06 12:50:39,679 | INFO    |   Page 82: 5 questions
2026-05-06 12:50:43,152 | INFO    |   Page 83: 5 questions
2026-05-06 12:50:46,564 | INFO    |   Page 84: 5 questions
2026-05-06 12:50:49,933 | INFO    |   Page 85: 5 questions
2026-05-06 12:50:50,063 | INFO    | 💾 Saved at page 85 (419 questions)
2026-05-06 12:50:53,627 | INFO    |   Page 86: 5 questions
2026-05-06 12:50:56,942 | INFO    |   Page 87: 5 questions
2026-05-06 12:51:00,412 | INFO    |   Page 88: 5 questions
2026-05-06 12:51:03,951 | INFO    |   Page 89: 5 questions
2026-05-06 12:51:07,340 | INFO    |   Page 90: 5 questions
2026-05-06 12:51:07,489 | INFO    | 💾 Saved at page 90 (444 questions)
2026-05-06 12:51:10,958 | INFO    |   Page 91: 5 questions
2026-05-06 12:51:14,375 | INFO    |   Page 92: 5 questions
2026-05-06 12:51:17,661 | INFO    |   Page 93: 5 questions
2026-05-06 12:51:21,173 | INFO    |   Page 94: 5 questions
2026-05-06 12:51:24,530 | INFO    |   Page 95: 5 questions
2026-05-06 12:51:24,686 | INFO    | 💾 Saved at page 95 (468 questions)
2026-05-06 12:51:28,221 | INFO    |   Page 96: 5 questions
2026-05-06 12:51:31,704 | INFO    |   Page 97: 5 questions
2026-05-06 12:51:35,154 | INFO    |   Page 98: 5 questions
2026-05-06 12:51:38,461 | INFO    |   Page 99: 5 questions
2026-05-06 12:51:41,876 | INFO    |   Page 100: 5 questions
2026-05-06 12:51:42,242 | INFO    | 💾 Saved at page 100 (493 questions)
2026-05-06 12:51:45,768 | INFO    |   Page 101: 5 questions
2026-05-06 12:51:49,350 | INFO    |   Page 102: 5 questions
2026-05-06 12:51:52,845 | INFO    |   Page 103: 5 questions
2026-05-06 12:51:56,348 | INFO    |   Page 104: 5 questions
2026-05-06 12:51:59,663 | INFO    |   Page 105: 5 questions
2026-05-06 12:51:59,895 | INFO    | 💾 Saved at page 105 (517 questions)
2026-05-06 12:52:03,401 | INFO    |   Page 106: 5 questions
2026-05-06 12:52:06,823 | INFO    |   Page 107: 5 questions
2026-05-06 12:52:10,209 | INFO    |   Page 108: 5 questions
2026-05-06 12:52:13,847 | INFO    |   Page 109: 5 questions
2026-05-06 12:52:17,487 | INFO    |   Page 110: 5 questions
2026-05-06 12:52:17,667 | INFO    | 💾 Saved at page 110 (542 questions)
2026-05-06 12:52:21,037 | INFO    |   Page 111: 5 questions
2026-05-06 12:52:24,639 | INFO    |   Page 112: 5 questions
2026-05-06 12:52:28,576 | INFO    |   Page 113: 5 questions
2026-05-06 12:52:32,055 | INFO    |   Page 114: 5 questions
2026-05-06 12:52:36,493 | INFO    |   Page 115: 5 questions
2026-05-06 12:52:36,575 | INFO    | 💾 Saved at page 115 (567 questions)
2026-05-06 12:52:40,006 | INFO    |   Page 116: 5 questions
2026-05-06 12:52:43,362 | INFO    |   Page 117: 5 questions
2026-05-06 12:52:46,847 | INFO    |   Page 118: 5 questions
2026-05-06 12:52:50,251 | INFO    |   Page 119: 5 questions
2026-05-06 12:52:53,685 | INFO    |   Page 120: 5 questions
2026-05-06 12:52:53,869 | INFO    | 💾 Saved at page 120 (592 questions)
2026-05-06 12:52:57,296 | INFO    |   Page 121: 5 questions
2026-05-06 12:53:00,829 | INFO    |   Page 122: 5 questions
2026-05-06 12:53:04,217 | INFO    |   Page 123: 5 questions
2026-05-06 12:53:07,907 | INFO    |   Page 124: 5 questions
2026-05-06 12:53:11,335 | INFO    |   Page 125: 5 questions
2026-05-06 12:53:11,527 | INFO    | 💾 Saved at page 125 (616 questions)
2026-05-06 12:53:15,018 | INFO    |   Page 126: 5 questions
2026-05-06 12:53:18,475 | INFO    |   Page 127: 5 questions
2026-05-06 12:53:21,998 | INFO    |   Page 128: 5 questions
2026-05-06 12:53:25,310 | INFO    |   Page 129: 5 questions
2026-05-06 12:53:28,898 | INFO    |   Page 130: 5 questions
2026-05-06 12:53:29,132 | INFO    | 💾 Saved at page 130 (641 questions)
2026-05-06 12:53:32,459 | INFO    |   Page 131: 5 questions
2026-05-06 12:53:35,693 | INFO    |   Page 132: 5 questions
2026-05-06 12:53:39,437 | INFO    |   Page 133: 5 questions
2026-05-06 12:53:43,034 | INFO    |   Page 134: 5 questions
2026-05-06 12:53:47,462 | INFO    |   Page 135: 5 questions
2026-05-06 12:53:47,883 | INFO    | 💾 Saved at page 135 (663 questions)
2026-05-06 12:53:52,394 | INFO    |   Page 136: 5 questions
2026-05-06 12:53:56,366 | INFO    |   Page 137: 5 questions
2026-05-06 12:54:00,396 | INFO    |   Page 138: 5 questions
2026-05-06 12:54:04,312 | INFO    |   Page 139: 5 questions
2026-05-06 12:54:08,481 | INFO    |   Page 140: 5 questions
2026-05-06 12:54:08,883 | INFO    | 💾 Saved at page 140 (687 questions)
2026-05-06 12:54:12,769 | INFO    |   Page 141: 5 questions
2026-05-06 12:54:16,847 | INFO    |   Page 142: 5 questions
2026-05-06 12:54:20,825 | INFO    |   Page 143: 5 questions
2026-05-06 12:54:25,168 | INFO    |   Page 144: 5 questions
2026-05-06 12:54:29,197 | INFO    |   Page 145: 5 questions
2026-05-06 12:54:29,648 | INFO    | 💾 Saved at page 145 (712 questions)
2026-05-06 12:54:34,981 | INFO    |   Page 146: 5 questions
2026-05-06 12:54:39,267 | INFO    |   Page 147: 5 questions
2026-05-06 12:54:48,965 | INFO    |   Page 148: 5 questions
2026-05-06 12:54:52,772 | INFO    |   Page 149: 5 questions
2026-05-06 12:54:56,361 | INFO    |   Page 150: 5 questions
2026-05-06 12:54:56,763 | INFO    | 💾 Saved at page 150 (737 questions)
2026-05-06 12:55:00,598 | INFO    |   Page 151: 5 questions
2026-05-06 12:55:04,511 | INFO    |   Page 152: 5 questions
2026-05-06 12:55:08,437 | INFO    |   Page 153: 5 questions
2026-05-06 12:55:12,445 | INFO    |   Page 154: 5 questions
2026-05-06 12:55:15,977 | INFO    |   Page 155: 5 questions
2026-05-06 12:55:16,333 | INFO    | 💾 Saved at page 155 (762 questions)
2026-05-06 12:55:20,298 | INFO    |   Page 156: 5 questions
2026-05-06 12:55:24,149 | INFO    |   Page 157: 5 questions
2026-05-06 12:55:28,001 | INFO    |   Page 158: 5 questions
2026-05-06 12:55:31,994 | INFO    |   Page 159: 5 questions
2026-05-06 12:55:35,511 | INFO    |   Page 160: 5 questions
2026-05-06 12:55:35,854 | INFO    | 💾 Saved at page 160 (787 questions)
2026-05-06 12:55:39,495 | INFO    |   Page 161: 5 questions
2026-05-06 12:55:43,286 | INFO    |   Page 162: 5 questions
2026-05-06 12:55:47,131 | INFO    |   Page 163: 5 questions
2026-05-06 12:55:51,018 | INFO    |   Page 164: 5 questions
2026-05-06 12:55:54,957 | INFO    |   Page 165: 5 questions
2026-05-06 12:55:55,306 | INFO    | 💾 Saved at page 165 (811 questions)
2026-05-06 12:55:59,098 | INFO    |   Page 166: 5 questions
2026-05-06 12:56:02,618 | INFO    |   Page 167: 5 questions
2026-05-06 12:56:06,329 | INFO    |   Page 168: 5 questions
2026-05-06 12:56:09,860 | INFO    |   Page 169: 5 questions
2026-05-06 12:56:13,424 | INFO    |   Page 170: 5 questions
2026-05-06 12:56:13,712 | INFO    | 💾 Saved at page 170 (833 questions)
2026-05-06 12:56:17,379 | INFO    |   Page 171: 5 questions
2026-05-06 12:56:20,973 | INFO    |   Page 172: 5 questions
2026-05-06 12:56:24,514 | INFO    |   Page 173: 5 questions
2026-05-06 12:56:28,183 | INFO    |   Page 174: 5 questions
2026-05-06 12:56:32,061 | INFO    |   Page 175: 5 questions
2026-05-06 12:56:32,360 | INFO    | 💾 Saved at page 175 (855 questions)
2026-05-06 12:56:36,130 | INFO    |   Page 176: 5 questions
2026-05-06 12:56:39,644 | INFO    |   Page 177: 5 questions
2026-05-06 12:56:43,391 | INFO    |   Page 178: 5 questions
2026-05-06 12:56:47,079 | INFO    |   Page 179: 5 questions
2026-05-06 12:56:50,553 | INFO    |   Page 180: 5 questions
2026-05-06 12:56:50,936 | INFO    | 💾 Saved at page 180 (880 questions)
2026-05-06 12:56:54,731 | INFO    |   Page 181: 5 questions
2026-05-06 12:56:58,417 | INFO    |   Page 182: 5 questions
2026-05-06 12:57:01,920 | INFO    |   Page 183: 5 questions
2026-05-06 12:57:05,433 | INFO    |   Page 184: 5 questions
2026-05-06 12:57:08,934 | INFO    |   Page 185: 5 questions
2026-05-06 12:57:09,315 | INFO    | 💾 Saved at page 185 (904 questions)
2026-05-06 12:57:13,158 | INFO    |   Page 186: 5 questions
2026-05-06 12:57:16,684 | INFO    |   Page 187: 5 questions
2026-05-06 12:57:20,191 | INFO    |   Page 188: 5 questions
2026-05-06 12:57:24,436 | INFO    |   Page 189: 5 questions
2026-05-06 12:57:28,082 | INFO    |   Page 190: 5 questions
2026-05-06 12:57:28,545 | INFO    | 💾 Saved at page 190 (929 questions)
2026-05-06 12:57:32,340 | INFO    |   Page 191: 5 questions
2026-05-06 12:57:35,802 | INFO    |   Page 192: 5 questions
2026-05-06 12:57:39,544 | INFO    |   Page 193: 5 questions
2026-05-06 12:57:43,329 | INFO    |   Page 194: 5 questions
2026-05-06 12:57:46,940 | INFO    |   Page 195: 5 questions
2026-05-06 12:57:47,315 | INFO    | 💾 Saved at page 195 (953 questions)
2026-05-06 12:57:51,041 | INFO    |   Page 196: 5 questions
2026-05-06 12:57:54,541 | INFO    |   Page 197: 5 questions
2026-05-06 12:57:58,064 | INFO    |   Page 198: 5 questions
2026-05-06 12:58:01,846 | INFO    |   Page 199: 5 questions
2026-05-06 12:58:05,522 | INFO    |   Page 200: 5 questions
2026-05-06 12:58:05,866 | INFO    | 💾 Saved at page 200 (976 questions)
2026-05-06 12:58:09,366 | INFO    |   Page 201: 5 questions
2026-05-06 12:58:12,906 | INFO    |   Page 202: 5 questions
2026-05-06 12:58:16,400 | INFO    |   Page 203: 5 questions
2026-05-06 12:58:19,908 | INFO    |   Page 204: 5 questions
2026-05-06 12:58:24,100 | INFO    |   Page 205: 5 questions
2026-05-06 12:58:24,520 | INFO    | 💾 Saved at page 205 (1001 questions)
2026-05-06 12:58:28,292 | INFO    |   Page 206: 5 questions
2026-05-06 12:58:31,838 | INFO    |   Page 207: 5 questions
2026-05-06 12:58:35,643 | INFO    |   Page 208: 5 questions
2026-05-06 12:58:39,495 | INFO    |   Page 209: 5 questions
2026-05-06 12:58:43,220 | INFO    |   Page 210: 5 questions
2026-05-06 12:58:43,551 | INFO    | 💾 Saved at page 210 (1026 questions)
2026-05-06 12:58:46,949 | INFO    |   Page 211: 5 questions
2026-05-06 12:58:50,290 | INFO    |   Page 212: 5 questions
2026-05-06 12:58:53,614 | INFO    |   Page 213: 5 questions
2026-05-06 12:58:56,991 | INFO    |   Page 214: 5 questions
2026-05-06 12:59:00,337 | INFO    |   Page 215: 5 questions
2026-05-06 12:59:00,587 | INFO    | 💾 Saved at page 215 (1051 questions)
2026-05-06 12:59:04,012 | INFO    |   Page 216: 5 questions
2026-05-06 12:59:07,361 | INFO    |   Page 217: 5 questions
2026-05-06 12:59:10,759 | INFO    |   Page 218: 5 questions
2026-05-06 12:59:14,089 | INFO    |   Page 219: 5 questions
2026-05-06 12:59:17,472 | INFO    |   Page 220: 5 questions
2026-05-06 12:59:17,733 | INFO    | 💾 Saved at page 220 (1076 questions)
2026-05-06 12:59:21,205 | INFO    |   Page 221: 5 questions
2026-05-06 12:59:24,629 | INFO    |   Page 222: 5 questions
2026-05-06 12:59:28,120 | INFO    |   Page 223: 5 questions
2026-05-06 12:59:31,567 | INFO    |   Page 224: 5 questions
2026-05-06 12:59:35,007 | INFO    |   Page 225: 5 questions
2026-05-06 12:59:35,275 | INFO    | 💾 Saved at page 225 (1101 questions)
2026-05-06 12:59:38,677 | INFO    |   Page 226: 5 questions
2026-05-06 12:59:42,048 | INFO    |   Page 227: 5 questions
2026-05-06 12:59:45,435 | INFO    |   Page 228: 5 questions
2026-05-06 12:59:48,844 | INFO    |   Page 229: 5 questions
2026-05-06 12:59:52,218 | INFO    |   Page 230: 5 questions
2026-05-06 12:59:52,478 | INFO    | 💾 Saved at page 230 (1126 questions)
2026-05-06 12:59:55,846 | INFO    |   Page 231: 5 questions
2026-05-06 12:59:59,211 | INFO    |   Page 232: 5 questions
2026-05-06 13:00:02,753 | INFO    |   Page 233: 5 questions
2026-05-06 13:00:06,293 | INFO    |   Page 234: 5 questions
2026-05-06 13:00:09,708 | INFO    |   Page 235: 5 questions
2026-05-06 13:00:09,966 | INFO    | 💾 Saved at page 235 (1150 questions)
2026-05-06 13:00:13,398 | INFO    |   Page 236: 5 questions
2026-05-06 13:00:16,983 | INFO    |   Page 237: 5 questions
2026-05-06 13:00:20,473 | INFO    |   Page 238: 5 questions
2026-05-06 13:00:23,815 | INFO    |   Page 239: 5 questions
2026-05-06 13:00:27,152 | INFO    |   Page 240: 5 questions
2026-05-06 13:00:27,408 | INFO    | 💾 Saved at page 240 (1173 questions)
2026-05-06 13:00:30,780 | INFO    |   Page 241: 5 questions
2026-05-06 13:00:34,153 | INFO    |   Page 242: 5 questions
2026-05-06 13:00:37,782 | INFO    |   Page 243: 5 questions
2026-05-06 13:00:41,148 | INFO    |   Page 244: 5 questions
2026-05-06 13:00:44,491 | INFO    |   Page 245: 5 questions
2026-05-06 13:00:44,767 | INFO    | 💾 Saved at page 245 (1196 questions)
2026-05-06 13:00:48,152 | INFO    |   Page 246: 5 questions
2026-05-06 13:00:51,537 | INFO    |   Page 247: 5 questions
2026-05-06 13:00:55,006 | INFO    |   Page 248: 5 questions
2026-05-06 13:00:58,464 | INFO    |   Page 249: 5 questions
2026-05-06 13:01:01,919 | INFO    |   Page 250: 5 questions
2026-05-06 13:01:02,181 | INFO    | 💾 Saved at page 250 (1217 questions)
2026-05-06 13:01:05,460 | INFO    |   Page 251: 5 questions
2026-05-06 13:01:08,808 | INFO    |   Page 252: 5 questions
2026-05-06 13:01:12,173 | INFO    |   Page 253: 5 questions
2026-05-06 13:01:15,762 | INFO    |   Page 254: 5 questions
2026-05-06 13:01:19,161 | INFO    |   Page 255: 5 questions
2026-05-06 13:01:19,423 | INFO    | 💾 Saved at page 255 (1242 questions)
2026-05-06 13:01:22,788 | INFO    |   Page 256: 5 questions
2026-05-06 13:01:26,206 | INFO    |   Page 257: 4 questions
2026-05-06 13:01:29,748 | INFO    |   Page 258: 5 questions
2026-05-06 13:01:33,096 | INFO    |   Page 259: 5 questions
2026-05-06 13:01:36,670 | INFO    |   Page 260: 5 questions
2026-05-06 13:01:36,968 | INFO    | 💾 Saved at page 260 (1266 questions)
2026-05-06 13:01:40,522 | INFO    |   Page 261: 5 questions
2026-05-06 13:01:44,018 | INFO    |   Page 262: 5 questions
2026-05-06 13:01:47,489 | INFO    |   Page 263: 5 questions
2026-05-06 13:01:50,981 | INFO    |   Page 264: 5 questions
2026-05-06 13:01:54,430 | INFO    |   Page 265: 5 questions
2026-05-06 13:01:54,699 | INFO    | 💾 Saved at page 265 (1290 questions)
2026-05-06 13:01:58,078 | INFO    |   Page 266: 5 questions
2026-05-06 13:02:01,524 | INFO    |   Page 267: 5 questions
2026-05-06 13:02:04,915 | INFO    |   Page 268: 5 questions
2026-05-06 13:02:08,268 | INFO    |   Page 269: 5 questions
2026-05-06 13:02:11,682 | INFO    |   Page 270: 5 questions
2026-05-06 13:02:11,972 | INFO    | 💾 Saved at page 270 (1314 questions)
2026-05-06 13:02:15,400 | INFO    |   Page 271: 5 questions
2026-05-06 13:02:18,748 | INFO    |   Page 272: 5 questions
2026-05-06 13:02:22,099 | INFO    |   Page 273: 5 questions
2026-05-06 13:02:25,499 | INFO    |   Page 274: 5 questions
2026-05-06 13:02:28,879 | INFO    |   Page 275: 5 questions
2026-05-06 13:02:29,179 | INFO    | 💾 Saved at page 275 (1338 questions)
2026-05-06 13:02:32,591 | INFO    |   Page 276: 5 questions
2026-05-06 13:02:36,062 | INFO    |   Page 277: 5 questions
2026-05-06 13:02:39,516 | INFO    |   Page 278: 5 questions
2026-05-06 13:02:42,931 | INFO    |   Page 279: 5 questions
2026-05-06 13:02:46,395 | INFO    |   Page 280: 5 questions
2026-05-06 13:02:46,660 | INFO    | 💾 Saved at page 280 (1361 questions)
2026-05-06 13:02:50,070 | INFO    |   Page 281: 5 questions
2026-05-06 13:02:53,405 | INFO    |   Page 282: 5 questions
2026-05-06 13:02:56,775 | INFO    |   Page 283: 5 questions
2026-05-06 13:03:00,178 | INFO    |   Page 284: 5 questions
2026-05-06 13:03:03,545 | INFO    |   Page 285: 5 questions
2026-05-06 13:03:03,821 | INFO    | 💾 Saved at page 285 (1385 questions)
2026-05-06 13:03:07,198 | INFO    |   Page 286: 5 questions
2026-05-06 13:03:10,606 | INFO    |   Page 287: 5 questions
2026-05-06 13:03:14,081 | INFO    |   Page 288: 5 questions
2026-05-06 13:03:17,541 | INFO    |   Page 289: 5 questions
2026-05-06 13:03:21,016 | INFO    |   Page 290: 5 questions
2026-05-06 13:03:21,319 | INFO    | 💾 Saved at page 290 (1409 questions)
2026-05-06 13:03:24,792 | INFO    |   Page 291: 5 questions
2026-05-06 13:03:28,148 | INFO    |   Page 292: 5 questions
2026-05-06 13:03:31,600 | INFO    |   Page 293: 5 questions
2026-05-06 13:03:34,970 | INFO    |   Page 294: 5 questions
2026-05-06 13:03:38,381 | INFO    |   Page 295: 5 questions
2026-05-06 13:03:38,668 | INFO    | 💾 Saved at page 295 (1431 questions)
2026-05-06 13:03:42,035 | INFO    |   Page 296: 5 questions
2026-05-06 13:03:45,464 | INFO    |   Page 297: 5 questions
2026-05-06 13:03:48,863 | INFO    |   Page 298: 5 questions
2026-05-06 13:03:52,316 | INFO    |   Page 299: 5 questions
2026-05-06 13:03:55,980 | INFO    |   Page 300: 5 questions
2026-05-06 13:03:56,398 | INFO    | 💾 Saved at page 300 (1456 questions)
2026-05-06 13:04:00,227 | INFO    |   Page 301: 5 questions
2026-05-06 13:04:03,721 | INFO    |   Page 302: 5 questions
2026-05-06 13:04:07,269 | INFO    |   Page 303: 5 questions
2026-05-06 13:04:10,970 | INFO    |   Page 304: 5 questions
2026-05-06 13:04:14,494 | INFO    |   Page 305: 5 questions
2026-05-06 13:04:14,976 | INFO    | 💾 Saved at page 305 (1480 questions)
2026-05-06 13:04:18,773 | INFO    |   Page 306: 5 questions
2026-05-06 13:04:22,330 | INFO    |   Page 307: 5 questions
2026-05-06 13:04:25,826 | INFO    |   Page 308: 5 questions
2026-05-06 13:04:29,309 | INFO    |   Page 309: 5 questions
2026-05-06 13:04:32,854 | INFO    |   Page 310: 5 questions
2026-05-06 13:04:33,295 | INFO    | 💾 Saved at page 310 (1505 questions)
2026-05-06 13:04:36,992 | INFO    |   Page 311: 5 questions
2026-05-06 13:04:40,526 | INFO    |   Page 312: 5 questions
2026-05-06 13:04:44,070 | INFO    |   Page 313: 5 questions
2026-05-06 13:04:47,678 | INFO    |   Page 314: 5 questions
2026-05-06 13:04:51,232 | INFO    |   Page 315: 5 questions
2026-05-06 13:04:51,749 | INFO    | 💾 Saved at page 315 (1530 questions)
2026-05-06 13:04:55,311 | INFO    |   Page 316: 5 questions
2026-05-06 13:04:59,093 | INFO    |   Page 317: 5 questions
2026-05-06 13:05:02,707 | INFO    |   Page 318: 5 questions
2026-05-06 13:05:06,244 | INFO    |   Page 319: 5 questions
2026-05-06 13:05:09,700 | INFO    |   Page 320: 5 questions
2026-05-06 13:05:10,232 | INFO    | 💾 Saved at page 320 (1555 questions)
2026-05-06 13:05:14,035 | INFO    |   Page 321: 5 questions
2026-05-06 13:05:17,566 | INFO    |   Page 322: 5 questions
2026-05-06 13:05:21,047 | INFO    |   Page 323: 5 questions
2026-05-06 13:05:24,679 | INFO    |   Page 324: 5 questions
2026-05-06 13:05:28,170 | INFO    |   Page 325: 5 questions
2026-05-06 13:05:28,596 | INFO    | 💾 Saved at page 325 (1580 questions)
2026-05-06 13:05:32,324 | INFO    |   Page 326: 5 questions
2026-05-06 13:05:35,777 | INFO    |   Page 327: 5 questions
2026-05-06 13:05:39,417 | INFO    |   Page 328: 5 questions
2026-05-06 13:05:43,007 | INFO    |   Page 329: 5 questions
2026-05-06 13:05:48,229 | INFO    |   Page 330: 5 questions
2026-05-06 13:05:50,065 | INFO    | 💾 Saved at page 330 (1605 questions)
2026-05-06 13:05:54,309 | INFO    |   Page 331: 5 questions
2026-05-06 13:05:59,345 | INFO    |   Page 332: 5 questions
2026-05-06 13:06:04,875 | INFO    |   Page 333: 5 questions
2026-05-06 13:06:11,111 | INFO    |   Page 334: 5 questions
2026-05-06 13:06:25,729 | INFO    |   Page 335: 5 questions
2026-05-06 13:06:34,413 | INFO    | 💾 Saved at page 335 (1629 questions)
2026-05-06 13:06:43,946 | INFO    |   Page 336: 5 questions
2026-05-06 13:06:52,687 | INFO    |   Page 337: 5 questions
2026-05-06 13:06:57,711 | INFO    |   Page 338: 5 questions
2026-05-06 13:07:04,623 | INFO    |   Page 339: 5 questions
2026-05-06 13:07:19,000 | INFO    |   Page 340: 5 questions
2026-05-06 13:07:33,656 | INFO    | 💾 Saved at page 340 (1653 questions)
2026-05-06 13:07:45,469 | INFO    |   Page 341: 5 questions
2026-05-06 13:07:55,330 | INFO    |   Page 342: 5 questions
2026-05-06 13:08:06,186 | INFO    |   Page 343: 5 questions
2026-05-06 13:08:25,458 | INFO    |   Page 344: 5 questions
2026-05-06 13:08:39,682 | INFO    |   Page 345: 5 questions
2026-05-06 13:08:51,776 | INFO    | 💾 Saved at page 345 (1677 questions)
2026-05-06 13:09:16,205 | INFO    |   Page 346: 5 questions
2026-05-06 13:09:35,148 | INFO    |   Page 347: 5 questions
2026-05-06 13:09:50,618 | INFO    |   Page 348: 5 questions
2026-05-06 13:10:03,408 | INFO    |   Page 349: 5 questions
2026-05-06 13:10:08,761 | INFO    |   Page 350: 5 questions
2026-05-06 13:10:11,449 | INFO    | 💾 Saved at page 350 (1702 questions)
2026-05-06 13:10:18,479 | INFO    |   Page 351: 5 questions
2026-05-06 13:10:23,948 | INFO    |   Page 352: 5 questions
2026-05-06 13:10:29,314 | INFO    |   Page 353: 5 questions
2026-05-06 13:10:35,007 | INFO    |   Page 354: 5 questions
2026-05-06 13:10:41,031 | INFO    |   Page 355: 5 questions
2026-05-06 13:10:42,591 | INFO    | 💾 Saved at page 355 (1727 questions)
2026-05-06 13:10:47,952 | INFO    |   Page 356: 5 questions
2026-05-06 13:10:53,157 | INFO    |   Page 357: 5 questions
2026-05-06 13:10:58,374 | INFO    |   Page 358: 5 questions
2026-05-06 13:11:03,584 | INFO    |   Page 359: 5 questions
2026-05-06 13:11:08,728 | INFO    |   Page 360: 5 questions
2026-05-06 13:11:10,194 | INFO    | 💾 Saved at page 360 (1752 questions)
2026-05-06 13:11:15,450 | INFO    |   Page 361: 5 questions
2026-05-06 13:11:20,564 | INFO    |   Page 362: 4 questions
2026-05-06 13:11:25,691 | INFO    |   Page 363: 5 questions
2026-05-06 13:11:31,393 | INFO    |   Page 364: 5 questions
2026-05-06 13:11:36,413 | INFO    |   Page 365: 5 questions
2026-05-06 13:11:37,661 | INFO    | 💾 Saved at page 365 (1776 questions)
2026-05-06 13:11:43,692 | INFO    |   Page 366: 5 questions
2026-05-06 13:11:49,193 | INFO    |   Page 367: 5 questions
2026-05-06 13:11:54,313 | INFO    |   Page 368: 5 questions
2026-05-06 13:11:59,793 | INFO    |   Page 369: 5 questions
2026-05-06 13:12:05,191 | INFO    |   Page 370: 5 questions
2026-05-06 13:12:06,937 | INFO    | 💾 Saved at page 370 (1801 questions)
2026-05-06 13:12:12,170 | INFO    |   Page 371: 5 questions
2026-05-06 13:12:17,192 | INFO    |   Page 372: 5 questions
2026-05-06 13:12:23,004 | INFO    |   Page 373: 5 questions
2026-05-06 13:12:28,198 | INFO    |   Page 374: 5 questions
2026-05-06 13:12:33,350 | INFO    |   Page 375: 5 questions
2026-05-06 13:12:34,798 | INFO    | 💾 Saved at page 375 (1826 questions)
2026-05-06 13:12:39,820 | INFO    |   Page 376: 5 questions
2026-05-06 13:12:44,079 | INFO    |   Page 377: 5 questions
2026-05-06 13:12:48,105 | INFO    |   Page 378: 5 questions
2026-05-06 13:12:52,040 | INFO    |   Page 379: 5 questions
2026-05-06 13:12:55,666 | INFO    |   Page 380: 4 questions
2026-05-06 13:12:56,289 | INFO    | 💾 Saved at page 380 (1850 questions)
2026-05-06 13:13:00,067 | INFO    |   Page 381: 5 questions
2026-05-06 13:13:04,021 | INFO    |   Page 382: 5 questions
2026-05-06 13:13:07,619 | INFO    |   Page 383: 5 questions
2026-05-06 13:13:11,422 | INFO    |   Page 384: 5 questions
2026-05-06 13:13:15,141 | INFO    |   Page 385: 5 questions
2026-05-06 13:13:15,726 | INFO    | 💾 Saved at page 385 (1869 questions)
2026-05-06 13:13:19,307 | INFO    |   Page 386: 5 questions
2026-05-06 13:13:23,091 | INFO    |   Page 387: 5 questions
2026-05-06 13:13:26,589 | INFO    |   Page 388: 5 questions
2026-05-06 13:13:30,053 | INFO    |   Page 389: 5 questions
2026-05-06 13:13:33,526 | INFO    |   Page 390: 5 questions
2026-05-06 13:13:34,026 | INFO    | 💾 Saved at page 390 (1872 questions)
2026-05-06 13:13:37,600 | INFO    |   Page 391: 5 questions
2026-05-06 13:13:41,273 | INFO    |   Page 392: 5 questions
2026-05-06 13:13:44,860 | INFO    |   Page 393: 5 questions
2026-05-06 13:13:48,248 | INFO    |   Page 394: 3 questions
2026-05-06 13:13:48,415 | INFO    | 💾 Saved at page 394 (1876 questions)
2026-05-06 13:13:49,517 | INFO    | ✅ Government: 1876 questions saved.

2026-05-06 13:13:49,533 | INFO    | ⏭ History: already scraped (0 questions). Skipping.
2026-05-06 13:13:49,734 | INFO    | ⏭ Civic Education: already scraped (577 questions). Skipping.
2026-05-06 13:13:49,734 | INFO    | ⏭ Christian Religious Studies: already scraped (0 questions). Skipping.
2026-05-06 13:13:49,734 | INFO    | ⏭ Islamic Religious Studies: already scraped (0 questions). Skipping.
2026-05-06 13:13:49,755 | INFO    | ⏭ French: already scraped (0 questions). Skipping.
2026-05-06 13:13:49,760 | INFO    | ⏭ Arabic: already scraped (0 questions). Skipping.
2026-05-06 13:13:49,772 | INFO    | 
=======================================================
2026-05-06 13:13:49,790 | INFO    |   Scraping: Commerce
2026-05-06 13:13:49,795 | INFO    | =======================================================
2026-05-06 13:13:50,050 | INFO    | Resumed from page 16 with 75 questions.
2026-05-06 13:14:41,147 | INFO    | Total pages: 445
2026-05-06 13:14:43,325 | INFO    |   Page 16: 5 questions
2026-05-06 13:14:46,632 | INFO    |   Page 17: 5 questions
2026-05-06 13:14:49,922 | INFO    |   Page 18: 5 questions
2026-05-06 13:14:53,373 | INFO    |   Page 19: 5 questions
2026-05-06 13:14:56,818 | INFO    |   Page 20: 5 questions
2026-05-06 13:14:56,843 | INFO    | 💾 Saved at page 20 (100 questions)
2026-05-06 13:15:00,266 | INFO    |   Page 21: 5 questions
2026-05-06 13:15:03,752 | INFO    |   Page 22: 5 questions
2026-05-06 13:15:07,156 | INFO    |   Page 23: 5 questions
2026-05-06 13:15:10,616 | INFO    |   Page 24: 5 questions
2026-05-06 13:15:14,074 | INFO    |   Page 25: 5 questions
2026-05-06 13:15:14,097 | INFO    | 💾 Saved at page 25 (125 questions)
2026-05-06 13:15:17,521 | INFO    |   Page 26: 5 questions
2026-05-06 13:15:20,924 | INFO    |   Page 27: 5 questions
2026-05-06 13:15:24,342 | INFO    |   Page 28: 5 questions
2026-05-06 13:15:27,698 | INFO    |   Page 29: 5 questions
2026-05-06 13:15:31,139 | INFO    |   Page 30: 5 questions
2026-05-06 13:15:31,166 | INFO    | 💾 Saved at page 30 (150 questions)
2026-05-06 13:15:34,648 | INFO    |   Page 31: 5 questions
2026-05-06 13:15:38,063 | INFO    |   Page 32: 5 questions
2026-05-06 13:15:41,505 | INFO    |   Page 33: 5 questions
2026-05-06 13:15:45,567 | INFO    |   Page 34: 5 questions
2026-05-06 13:15:49,274 | INFO    |   Page 35: 5 questions
2026-05-06 13:15:49,304 | INFO    | 💾 Saved at page 35 (175 questions)
2026-05-06 13:15:52,706 | INFO    |   Page 36: 5 questions
2026-05-06 13:15:56,124 | INFO    |   Page 37: 5 questions
2026-05-06 13:15:59,580 | INFO    |   Page 38: 5 questions
2026-05-06 13:16:03,007 | INFO    |   Page 39: 5 questions
2026-05-06 13:16:06,529 | INFO    |   Page 40: 5 questions
2026-05-06 13:16:06,555 | INFO    | 💾 Saved at page 40 (200 questions)
2026-05-06 13:16:10,004 | INFO    |   Page 41: 5 questions
2026-05-06 13:16:13,491 | INFO    |   Page 42: 5 questions
2026-05-06 13:16:16,882 | INFO    |   Page 43: 5 questions
2026-05-06 13:16:20,336 | INFO    |   Page 44: 5 questions
2026-05-06 13:16:23,754 | INFO    |   Page 45: 5 questions
2026-05-06 13:16:23,821 | INFO    | 💾 Saved at page 45 (225 questions)
2026-05-06 13:16:27,816 | INFO    |   Page 46: 5 questions
2026-05-06 13:16:31,161 | INFO    |   Page 47: 5 questions
2026-05-06 13:16:34,470 | INFO    |   Page 48: 5 questions
2026-05-06 13:16:37,915 | INFO    |   Page 49: 5 questions
2026-05-06 13:16:41,354 | INFO    |   Page 50: 5 questions
2026-05-06 13:16:41,394 | INFO    | 💾 Saved at page 50 (250 questions)
2026-05-06 13:16:44,830 | INFO    |   Page 51: 5 questions
2026-05-06 13:16:48,247 | INFO    |   Page 52: 5 questions
2026-05-06 13:16:51,546 | INFO    |   Page 53: 5 questions
2026-05-06 13:16:55,012 | INFO    |   Page 54: 5 questions
2026-05-06 13:16:58,441 | INFO    |   Page 55: 5 questions
2026-05-06 13:16:58,474 | INFO    | 💾 Saved at page 55 (273 questions)
2026-05-06 13:17:01,973 | INFO    |   Page 56: 5 questions
2026-05-06 13:17:05,435 | INFO    |   Page 57: 5 questions
2026-05-06 13:17:08,923 | INFO    |   Page 58: 5 questions
2026-05-06 13:17:12,313 | INFO    |   Page 59: 5 questions
2026-05-06 13:17:15,768 | INFO    |   Page 60: 5 questions
2026-05-06 13:17:15,814 | INFO    | 💾 Saved at page 60 (293 questions)
2026-05-06 13:17:19,245 | INFO    |   Page 61: 5 questions
2026-05-06 13:17:22,734 | INFO    |   Page 62: 5 questions
2026-05-06 13:17:26,274 | INFO    |   Page 63: 5 questions
2026-05-06 13:17:29,656 | INFO    |   Page 64: 5 questions
2026-05-06 13:17:33,078 | INFO    |   Page 65: 5 questions
2026-05-06 13:17:33,118 | INFO    | 💾 Saved at page 65 (317 questions)
2026-05-06 13:17:36,619 | INFO    |   Page 66: 5 questions
2026-05-06 13:17:40,078 | INFO    |   Page 67: 5 questions
2026-05-06 13:17:43,463 | INFO    |   Page 68: 5 questions
2026-05-06 13:17:46,866 | INFO    |   Page 69: 5 questions
2026-05-06 13:17:50,243 | INFO    |   Page 70: 5 questions
2026-05-06 13:17:50,288 | INFO    | 💾 Saved at page 70 (342 questions)
2026-05-06 13:17:53,698 | INFO    |   Page 71: 5 questions
2026-05-06 13:17:57,107 | INFO    |   Page 72: 5 questions
2026-05-06 13:18:00,551 | INFO    |   Page 73: 5 questions
2026-05-06 13:18:04,046 | INFO    |   Page 74: 5 questions
2026-05-06 13:18:08,470 | INFO    |   Page 75: 5 questions
2026-05-06 13:18:09,883 | INFO    | 💾 Saved at page 75 (364 questions)
2026-05-06 13:18:13,685 | INFO    |   Page 76: 5 questions
2026-05-06 13:18:17,285 | INFO    |   Page 77: 5 questions
2026-05-06 13:18:21,086 | INFO    |   Page 78: 5 questions
2026-05-06 13:18:25,058 | INFO    |   Page 79: 5 questions
2026-05-06 13:18:32,183 | INFO    |   Page 80: 5 questions
2026-05-06 13:18:35,054 | INFO    | 💾 Saved at page 80 (387 questions)
2026-05-06 13:18:45,118 | INFO    |   Page 81: 5 questions
2026-05-06 13:18:51,392 | INFO    |   Page 82: 5 questions
2026-05-06 13:18:56,166 | INFO    |   Page 83: 5 questions
2026-05-06 13:18:59,723 | INFO    |   Page 84: 5 questions
2026-05-06 13:19:03,387 | INFO    |   Page 85: 5 questions
2026-05-06 13:19:03,445 | INFO    | 💾 Saved at page 85 (411 questions)
2026-05-06 13:19:07,124 | INFO    |   Page 86: 5 questions
2026-05-06 13:19:10,703 | INFO    |   Page 87: 5 questions
2026-05-06 13:19:14,216 | INFO    |   Page 88: 5 questions
2026-05-06 13:19:17,879 | INFO    |   Page 89: 5 questions
2026-05-06 13:19:21,341 | INFO    |   Page 90: 5 questions
2026-05-06 13:19:21,389 | INFO    | 💾 Saved at page 90 (433 questions)
2026-05-06 13:19:24,836 | INFO    |   Page 91: 5 questions
2026-05-06 13:19:28,244 | INFO    |   Page 92: 5 questions
2026-05-06 13:19:32,046 | INFO    |   Page 93: 5 questions
2026-05-06 13:19:35,666 | INFO    |   Page 94: 5 questions
2026-05-06 13:19:39,033 | INFO    |   Page 95: 5 questions
2026-05-06 13:19:39,084 | INFO    | 💾 Saved at page 95 (458 questions)
2026-05-06 13:19:45,780 | INFO    |   Page 96: 5 questions
2026-05-06 13:19:52,284 | INFO    |   Page 97: 5 questions
2026-05-06 13:20:05,645 | INFO    |   Page 98: 5 questions
2026-05-06 13:20:15,482 | INFO    |   Page 99: 5 questions
2026-05-06 13:20:20,910 | INFO    |   Page 100: 5 questions
2026-05-06 13:20:21,110 | INFO    | 💾 Saved at page 100 (480 questions)
2026-05-06 13:20:24,807 | INFO    |   Page 101: 5 questions
2026-05-06 13:20:28,198 | INFO    |   Page 102: 5 questions
2026-05-06 13:20:31,644 | INFO    |   Page 103: 5 questions
2026-05-06 13:20:35,052 | INFO    |   Page 104: 5 questions
2026-05-06 13:20:38,422 | INFO    |   Page 105: 5 questions
2026-05-06 13:20:38,478 | INFO    | 💾 Saved at page 105 (502 questions)
2026-05-06 13:20:41,944 | INFO    |   Page 106: 5 questions
2026-05-06 13:20:45,385 | INFO    |   Page 107: 5 questions
2026-05-06 13:20:48,823 | INFO    |   Page 108: 5 questions
2026-05-06 13:20:52,244 | INFO    |   Page 109: 5 questions
2026-05-06 13:20:55,775 | INFO    |   Page 110: 5 questions
2026-05-06 13:20:55,838 | INFO    | 💾 Saved at page 110 (524 questions)
2026-05-06 13:20:59,237 | INFO    |   Page 111: 5 questions
2026-05-06 13:21:02,631 | INFO    |   Page 112: 5 questions
2026-05-06 13:21:05,986 | INFO    |   Page 113: 5 questions
2026-05-06 13:21:09,405 | INFO    |   Page 114: 5 questions
2026-05-06 13:21:12,812 | INFO    |   Page 115: 5 questions
2026-05-06 13:21:12,873 | INFO    | 💾 Saved at page 115 (546 questions)
2026-05-06 13:21:16,386 | INFO    |   Page 116: 5 questions
2026-05-06 13:21:19,799 | INFO    |   Page 117: 5 questions
2026-05-06 13:21:25,529 | INFO    |   Page 118: 5 questions
2026-05-06 13:21:30,673 | INFO    |   Page 119: 5 questions
2026-05-06 13:21:34,951 | INFO    |   Page 120: 5 questions
2026-05-06 13:21:35,012 | INFO    | 💾 Saved at page 120 (568 questions)
2026-05-06 13:21:38,698 | INFO    |   Page 121: 5 questions
2026-05-06 13:21:42,227 | INFO    |   Page 122: 5 questions
2026-05-06 13:21:45,717 | INFO    |   Page 123: 5 questions
2026-05-06 13:21:49,149 | INFO    |   Page 124: 5 questions
2026-05-06 13:21:52,590 | INFO    |   Page 125: 5 questions
2026-05-06 13:21:52,653 | INFO    | 💾 Saved at page 125 (590 questions)
2026-05-06 13:21:56,047 | INFO    |   Page 126: 5 questions
2026-05-06 13:21:59,530 | INFO    |   Page 127: 5 questions
2026-05-06 13:22:02,897 | INFO    |   Page 128: 5 questions
2026-05-06 13:22:06,443 | INFO    |   Page 129: 5 questions
2026-05-06 13:22:09,842 | INFO    |   Page 130: 5 questions
2026-05-06 13:22:09,913 | INFO    | 💾 Saved at page 130 (611 questions)
2026-05-06 13:22:13,314 | INFO    |   Page 131: 5 questions
2026-05-06 13:22:16,682 | INFO    |   Page 132: 5 questions
2026-05-06 13:22:19,934 | INFO    |   Page 133: 5 questions
2026-05-06 13:22:23,303 | INFO    |   Page 134: 5 questions
2026-05-06 13:22:26,680 | INFO    |   Page 135: 5 questions
2026-05-06 13:22:26,750 | INFO    | 💾 Saved at page 135 (632 questions)
2026-05-06 13:22:30,117 | INFO    |   Page 136: 5 questions
2026-05-06 13:22:33,402 | INFO    |   Page 137: 5 questions
2026-05-06 13:22:36,711 | INFO    |   Page 138: 5 questions
2026-05-06 13:22:40,089 | INFO    |   Page 139: 5 questions
2026-05-06 13:22:43,499 | INFO    |   Page 140: 5 questions
2026-05-06 13:22:43,567 | INFO    | 💾 Saved at page 140 (655 questions)
2026-05-06 13:22:46,969 | INFO    |   Page 141: 5 questions
2026-05-06 13:22:50,403 | INFO    |   Page 142: 5 questions
2026-05-06 13:22:53,827 | INFO    |   Page 143: 5 questions
2026-05-06 13:22:57,243 | INFO    |   Page 144: 5 questions
2026-05-06 13:23:00,612 | INFO    |   Page 145: 5 questions
2026-05-06 13:23:00,682 | INFO    | 💾 Saved at page 145 (676 questions)
2026-05-06 13:23:04,057 | INFO    |   Page 146: 5 questions
2026-05-06 13:23:07,407 | INFO    |   Page 147: 5 questions
2026-05-06 13:23:10,888 | INFO    |   Page 148: 5 questions
2026-05-06 13:23:14,493 | INFO    |   Page 149: 5 questions
2026-05-06 13:23:18,090 | INFO    |   Page 150: 5 questions
2026-05-06 13:23:18,168 | INFO    | 💾 Saved at page 150 (693 questions)
2026-05-06 13:23:21,444 | INFO    |   Page 151: 5 questions
2026-05-06 13:23:24,859 | INFO    |   Page 152: 5 questions
2026-05-06 13:23:28,346 | INFO    |   Page 153: 5 questions
2026-05-06 13:23:32,178 | INFO    |   Page 154: 5 questions
2026-05-06 13:23:35,740 | INFO    |   Page 155: 5 questions
2026-05-06 13:23:35,881 | INFO    | 💾 Saved at page 155 (714 questions)
2026-05-06 13:23:39,686 | INFO    |   Page 156: 5 questions
2026-05-06 13:23:44,893 | INFO    |   Page 157: 5 questions
2026-05-06 13:23:48,375 | INFO    |   Page 158: 5 questions
2026-05-06 13:23:51,815 | INFO    |   Page 159: 5 questions
2026-05-06 13:23:55,830 | INFO    |   Page 160: 5 questions
2026-05-06 13:23:56,017 | INFO    | 💾 Saved at page 160 (734 questions)
2026-05-06 13:24:00,307 | INFO    |   Page 161: 5 questions
2026-05-06 13:24:04,231 | INFO    |   Page 162: 5 questions
2026-05-06 13:24:08,101 | INFO    |   Page 163: 5 questions
2026-05-06 13:24:11,475 | INFO    |   Page 164: 5 questions
2026-05-06 13:24:14,830 | INFO    |   Page 165: 5 questions
2026-05-06 13:24:14,899 | INFO    | 💾 Saved at page 165 (758 questions)
2026-05-06 13:24:18,193 | INFO    |   Page 166: 5 questions
2026-05-06 13:24:21,606 | INFO    |   Page 167: 5 questions
2026-05-06 13:24:24,956 | INFO    |   Page 168: 5 questions
2026-05-06 13:24:28,284 | INFO    |   Page 169: 5 questions
2026-05-06 13:24:31,623 | INFO    |   Page 170: 5 questions
2026-05-06 13:24:31,696 | INFO    | 💾 Saved at page 170 (782 questions)
2026-05-06 13:24:35,042 | INFO    |   Page 171: 5 questions
2026-05-06 13:24:38,418 | INFO    |   Page 172: 5 questions
2026-05-06 13:24:41,860 | INFO    |   Page 173: 5 questions
2026-05-06 13:24:47,854 | INFO    |   Page 174: 5 questions
2026-05-06 13:24:51,350 | INFO    |   Page 175: 5 questions
2026-05-06 13:24:51,430 | INFO    | 💾 Saved at page 175 (807 questions)
2026-05-06 13:24:54,929 | INFO    |   Page 176: 5 questions
2026-05-06 13:24:58,351 | INFO    |   Page 177: 5 questions
2026-05-06 13:25:01,983 | INFO    |   Page 178: 5 questions
2026-05-06 13:25:05,452 | INFO    |   Page 179: 5 questions
2026-05-06 13:25:09,761 | INFO    |   Page 180: 5 questions
2026-05-06 13:25:09,841 | INFO    | 💾 Saved at page 180 (832 questions)
2026-05-06 13:25:13,146 | INFO    |   Page 181: 5 questions
2026-05-06 13:25:16,469 | INFO    |   Page 182: 5 questions
2026-05-06 13:25:20,379 | INFO    |   Page 183: 5 questions
2026-05-06 13:25:23,756 | INFO    |   Page 184: 5 questions
2026-05-06 13:25:27,140 | INFO    |   Page 185: 5 questions
2026-05-06 13:25:27,218 | INFO    | 💾 Saved at page 185 (857 questions)
2026-05-06 13:25:30,686 | INFO    |   Page 186: 5 questions
2026-05-06 13:25:34,192 | INFO    |   Page 187: 5 questions
2026-05-06 13:25:38,239 | INFO    |   Page 188: 5 questions
2026-05-06 13:25:41,624 | INFO    |   Page 189: 5 questions
2026-05-06 13:25:44,967 | INFO    |   Page 190: 5 questions
2026-05-06 13:25:45,043 | INFO    | 💾 Saved at page 190 (882 questions)
2026-05-06 13:25:48,303 | INFO    |   Page 191: 5 questions
2026-05-06 13:25:51,785 | INFO    |   Page 192: 5 questions
2026-05-06 13:25:55,088 | INFO    |   Page 193: 5 questions
2026-05-06 13:25:58,408 | INFO    |   Page 194: 5 questions
2026-05-06 13:26:01,774 | INFO    |   Page 195: 5 questions
2026-05-06 13:26:02,648 | INFO    | 💾 Saved at page 195 (907 questions)
2026-05-06 13:26:05,968 | INFO    |   Page 196: 5 questions
2026-05-06 13:26:09,429 | INFO    |   Page 197: 5 questions
2026-05-06 13:26:13,242 | INFO    |   Page 198: 5 questions
2026-05-06 13:26:16,707 | INFO    |   Page 199: 5 questions
2026-05-06 13:26:19,916 | INFO    |   Page 200: 5 questions
2026-05-06 13:26:20,003 | INFO    | 💾 Saved at page 200 (932 questions)
2026-05-06 13:26:23,465 | INFO    |   Page 201: 5 questions
2026-05-06 13:26:26,910 | INFO    |   Page 202: 5 questions
2026-05-06 13:26:30,506 | INFO    |   Page 203: 5 questions
2026-05-06 13:26:33,861 | INFO    |   Page 204: 5 questions
2026-05-06 13:26:37,220 | INFO    |   Page 205: 5 questions
2026-05-06 13:26:37,311 | INFO    | 💾 Saved at page 205 (956 questions)
2026-05-06 13:26:41,048 | INFO    |   Page 206: 5 questions
2026-05-06 13:26:44,562 | INFO    |   Page 207: 5 questions
2026-05-06 13:26:47,923 | INFO    |   Page 208: 5 questions
2026-05-06 13:26:51,345 | INFO    |   Page 209: 5 questions
2026-05-06 13:26:54,734 | INFO    |   Page 210: 5 questions
2026-05-06 13:26:54,825 | INFO    | 💾 Saved at page 210 (981 questions)
2026-05-06 13:26:58,088 | INFO    |   Page 211: 5 questions
2026-05-06 13:27:01,466 | INFO    |   Page 212: 5 questions
2026-05-06 13:27:04,842 | INFO    |   Page 213: 5 questions
2026-05-06 13:27:08,130 | INFO    |   Page 214: 5 questions
2026-05-06 13:27:11,552 | INFO    |   Page 215: 5 questions
2026-05-06 13:27:11,652 | INFO    | 💾 Saved at page 215 (1006 questions)
2026-05-06 13:27:15,085 | INFO    |   Page 216: 5 questions
2026-05-06 13:27:18,395 | INFO    |   Page 217: 5 questions
2026-05-06 13:27:21,696 | INFO    |   Page 218: 5 questions
2026-05-06 13:27:25,014 | INFO    |   Page 219: 5 questions
2026-05-06 13:27:28,411 | INFO    |   Page 220: 5 questions
2026-05-06 13:27:28,507 | INFO    | 💾 Saved at page 220 (1030 questions)
2026-05-06 13:27:31,904 | INFO    |   Page 221: 5 questions
2026-05-06 13:27:35,194 | INFO    |   Page 222: 5 questions
2026-05-06 13:27:38,565 | INFO    |   Page 223: 5 questions
2026-05-06 13:27:41,934 | INFO    |   Page 224: 5 questions
2026-05-06 13:27:45,382 | INFO    |   Page 225: 5 questions
2026-05-06 13:27:45,481 | INFO    | 💾 Saved at page 225 (1055 questions)
2026-05-06 13:27:48,851 | INFO    |   Page 226: 5 questions
2026-05-06 13:27:52,170 | INFO    |   Page 227: 5 questions
2026-05-06 13:27:55,517 | INFO    |   Page 228: 5 questions
2026-05-06 13:27:58,814 | INFO    |   Page 229: 5 questions
2026-05-06 13:28:02,147 | INFO    |   Page 230: 5 questions
2026-05-06 13:28:02,251 | INFO    | 💾 Saved at page 230 (1079 questions)
2026-05-06 13:28:05,546 | INFO    |   Page 231: 5 questions
2026-05-06 13:28:08,943 | INFO    |   Page 232: 5 questions
2026-05-06 13:28:12,282 | INFO    |   Page 233: 5 questions
2026-05-06 13:28:15,642 | INFO    |   Page 234: 5 questions
2026-05-06 13:28:19,015 | INFO    |   Page 235: 5 questions
2026-05-06 13:28:19,120 | INFO    | 💾 Saved at page 235 (1104 questions)
2026-05-06 13:28:22,504 | INFO    |   Page 236: 5 questions
2026-05-06 13:28:25,881 | INFO    |   Page 237: 5 questions
2026-05-06 13:28:29,322 | INFO    |   Page 238: 5 questions
2026-05-06 13:28:32,669 | INFO    |   Page 239: 5 questions
2026-05-06 13:28:36,009 | INFO    |   Page 240: 5 questions
2026-05-06 13:28:36,115 | INFO    | 💾 Saved at page 240 (1126 questions)
2026-05-06 13:28:39,408 | INFO    |   Page 241: 5 questions
2026-05-06 13:28:42,764 | INFO    |   Page 242: 5 questions
2026-05-06 13:28:46,184 | INFO    |   Page 243: 5 questions
2026-05-06 13:28:49,528 | INFO    |   Page 244: 5 questions
2026-05-06 13:28:52,912 | INFO    |   Page 245: 5 questions
2026-05-06 13:28:53,023 | INFO    | 💾 Saved at page 245 (1149 questions)
2026-05-06 13:28:56,338 | INFO    |   Page 246: 5 questions
2026-05-06 13:28:59,796 | INFO    |   Page 247: 5 questions
2026-05-06 13:29:03,270 | INFO    |   Page 248: 5 questions
2026-05-06 13:29:06,680 | INFO    |   Page 249: 5 questions
2026-05-06 13:29:10,078 | INFO    |   Page 250: 5 questions
2026-05-06 13:29:10,185 | INFO    | 💾 Saved at page 250 (1172 questions)
2026-05-06 13:29:13,547 | INFO    |   Page 251: 5 questions
2026-05-06 13:29:16,981 | INFO    |   Page 252: 5 questions
2026-05-06 13:29:20,336 | INFO    |   Page 253: 5 questions
2026-05-06 13:29:23,682 | INFO    |   Page 254: 5 questions
2026-05-06 13:29:27,018 | INFO    |   Page 255: 5 questions
2026-05-06 13:29:27,130 | INFO    | 💾 Saved at page 255 (1197 questions)
2026-05-06 13:29:30,447 | INFO    |   Page 256: 5 questions
2026-05-06 13:29:33,800 | INFO    |   Page 257: 5 questions
2026-05-06 13:29:37,163 | INFO    |   Page 258: 5 questions
2026-05-06 13:29:40,517 | INFO    |   Page 259: 5 questions
2026-05-06 13:29:43,945 | INFO    |   Page 260: 5 questions
2026-05-06 13:29:44,059 | INFO    | 💾 Saved at page 260 (1222 questions)
2026-05-06 13:29:47,377 | INFO    |   Page 261: 5 questions
2026-05-06 13:29:50,702 | INFO    |   Page 262: 5 questions
2026-05-06 13:29:54,100 | INFO    |   Page 263: 5 questions
2026-05-06 13:29:57,355 | INFO    |   Page 264: 5 questions
2026-05-06 13:30:00,665 | INFO    |   Page 265: 5 questions
2026-05-06 13:30:00,777 | INFO    | 💾 Saved at page 265 (1246 questions)
2026-05-06 13:30:04,137 | INFO    |   Page 266: 5 questions
2026-05-06 13:30:07,441 | INFO    |   Page 267: 5 questions
2026-05-06 13:30:10,871 | INFO    |   Page 268: 5 questions
2026-05-06 13:30:14,217 | INFO    |   Page 269: 5 questions
2026-05-06 13:30:17,542 | INFO    |   Page 270: 5 questions
2026-05-06 13:30:17,655 | INFO    | 💾 Saved at page 270 (1269 questions)
2026-05-06 13:30:20,956 | INFO    |   Page 271: 5 questions
2026-05-06 13:30:24,366 | INFO    |   Page 272: 5 questions
2026-05-06 13:30:27,768 | INFO    |   Page 273: 5 questions
2026-05-06 13:30:31,308 | INFO    |   Page 274: 5 questions
2026-05-06 13:30:34,612 | INFO    |   Page 275: 5 questions
2026-05-06 13:30:34,726 | INFO    | 💾 Saved at page 275 (1294 questions)
2026-05-06 13:30:38,116 | INFO    |   Page 276: 5 questions
2026-05-06 13:30:41,454 | INFO    |   Page 277: 5 questions
2026-05-06 13:30:44,837 | INFO    |   Page 278: 5 questions
2026-05-06 13:30:48,507 | INFO    |   Page 279: 5 questions
2026-05-06 13:30:51,867 | INFO    |   Page 280: 5 questions
2026-05-06 13:30:51,982 | INFO    | 💾 Saved at page 280 (1318 questions)
2026-05-06 13:30:55,452 | INFO    |   Page 281: 5 questions
2026-05-06 13:30:58,809 | INFO    |   Page 282: 5 questions
2026-05-06 13:31:02,020 | INFO    |   Page 283: 5 questions
2026-05-06 13:31:05,384 | INFO    |   Page 284: 5 questions
2026-05-06 13:31:08,687 | INFO    |   Page 285: 5 questions
2026-05-06 13:31:08,809 | INFO    | 💾 Saved at page 285 (1342 questions)
2026-05-06 13:31:12,202 | INFO    |   Page 286: 5 questions
2026-05-06 13:31:15,565 | INFO    |   Page 287: 5 questions
2026-05-06 13:31:18,903 | INFO    |   Page 288: 5 questions
2026-05-06 13:31:22,191 | INFO    |   Page 289: 5 questions
2026-05-06 13:31:25,520 | INFO    |   Page 290: 5 questions
2026-05-06 13:31:25,648 | INFO    | 💾 Saved at page 290 (1367 questions)
2026-05-06 13:31:29,054 | INFO    |   Page 291: 5 questions
2026-05-06 13:31:32,473 | INFO    |   Page 292: 5 questions
2026-05-06 13:31:35,853 | INFO    |   Page 293: 5 questions
2026-05-06 13:31:39,266 | INFO    |   Page 294: 5 questions
2026-05-06 13:31:42,668 | INFO    |   Page 295: 5 questions
2026-05-06 13:31:42,792 | INFO    | 💾 Saved at page 295 (1392 questions)
2026-05-06 13:31:46,239 | INFO    |   Page 296: 5 questions
2026-05-06 13:31:49,582 | INFO    |   Page 297: 5 questions
2026-05-06 13:31:52,903 | INFO    |   Page 298: 5 questions
2026-05-06 13:31:56,271 | INFO    |   Page 299: 5 questions
2026-05-06 13:31:59,609 | INFO    |   Page 300: 5 questions
2026-05-06 13:31:59,738 | INFO    | 💾 Saved at page 300 (1415 questions)
2026-05-06 13:32:03,065 | INFO    |   Page 301: 5 questions
2026-05-06 13:32:06,385 | INFO    |   Page 302: 5 questions
2026-05-06 13:32:09,766 | INFO    |   Page 303: 5 questions
2026-05-06 13:32:13,150 | INFO    |   Page 304: 5 questions
2026-05-06 13:32:16,451 | INFO    |   Page 305: 5 questions
2026-05-06 13:32:16,584 | INFO    | 💾 Saved at page 305 (1439 questions)
2026-05-06 13:32:19,942 | INFO    |   Page 306: 5 questions
2026-05-06 13:32:23,333 | INFO    |   Page 307: 5 questions
2026-05-06 13:32:26,743 | INFO    |   Page 308: 5 questions
2026-05-06 13:32:30,133 | INFO    |   Page 309: 5 questions
2026-05-06 13:32:33,531 | INFO    |   Page 310: 5 questions
2026-05-06 13:32:33,663 | INFO    | 💾 Saved at page 310 (1464 questions)
2026-05-06 13:32:37,080 | INFO    |   Page 311: 5 questions
2026-05-06 13:32:40,414 | INFO    |   Page 312: 5 questions
2026-05-06 13:32:43,736 | INFO    |   Page 313: 5 questions
2026-05-06 13:32:47,095 | INFO    |   Page 314: 5 questions
2026-05-06 13:32:50,505 | INFO    |   Page 315: 5 questions
2026-05-06 13:32:50,637 | INFO    | 💾 Saved at page 315 (1489 questions)
2026-05-06 13:32:53,982 | INFO    |   Page 316: 5 questions
2026-05-06 13:32:57,256 | INFO    |   Page 317: 5 questions
2026-05-06 13:33:00,524 | INFO    |   Page 318: 5 questions
2026-05-06 13:33:03,867 | INFO    |   Page 319: 5 questions
2026-05-06 13:33:07,141 | INFO    |   Page 320: 5 questions
2026-05-06 13:33:07,280 | INFO    | 💾 Saved at page 320 (1513 questions)
2026-05-06 13:33:10,612 | INFO    |   Page 321: 5 questions
2026-05-06 13:33:13,965 | INFO    |   Page 322: 5 questions
2026-05-06 13:33:17,321 | INFO    |   Page 323: 5 questions
2026-05-06 13:33:20,664 | INFO    |   Page 324: 5 questions
2026-05-06 13:33:23,977 | INFO    |   Page 325: 5 questions
2026-05-06 13:33:24,114 | INFO    | 💾 Saved at page 325 (1536 questions)
2026-05-06 13:33:27,453 | INFO    |   Page 326: 5 questions
2026-05-06 13:33:30,831 | INFO    |   Page 327: 5 questions
2026-05-06 13:33:34,234 | INFO    |   Page 328: 5 questions
2026-05-06 13:33:37,675 | INFO    |   Page 329: 5 questions
2026-05-06 13:33:41,126 | INFO    |   Page 330: 5 questions
2026-05-06 13:33:41,270 | INFO    | 💾 Saved at page 330 (1561 questions)
2026-05-06 13:33:44,632 | INFO    |   Page 331: 5 questions
2026-05-06 13:33:47,978 | INFO    |   Page 332: 5 questions
2026-05-06 13:33:51,456 | INFO    |   Page 333: 5 questions
2026-05-06 13:33:54,879 | INFO    |   Page 334: 5 questions
2026-05-06 13:33:58,189 | INFO    |   Page 335: 5 questions
2026-05-06 13:33:58,329 | INFO    | 💾 Saved at page 335 (1586 questions)
2026-05-06 13:34:01,729 | INFO    |   Page 336: 5 questions
2026-05-06 13:34:05,046 | INFO    |   Page 337: 5 questions
2026-05-06 13:34:08,388 | INFO    |   Page 338: 5 questions
2026-05-06 13:34:11,816 | INFO    |   Page 339: 5 questions
2026-05-06 13:34:15,283 | INFO    |   Page 340: 5 questions
2026-05-06 13:34:15,431 | INFO    | 💾 Saved at page 340 (1611 questions)
2026-05-06 13:34:18,874 | INFO    |   Page 341: 5 questions
2026-05-06 13:34:22,280 | INFO    |   Page 342: 5 questions
2026-05-06 13:34:25,762 | INFO    |   Page 343: 5 questions
2026-05-06 13:34:29,235 | INFO    |   Page 344: 5 questions
2026-05-06 13:34:32,506 | INFO    |   Page 345: 5 questions
2026-05-06 13:34:32,650 | INFO    | 💾 Saved at page 345 (1635 questions)
2026-05-06 13:34:36,045 | INFO    |   Page 346: 5 questions
2026-05-06 13:34:39,316 | INFO    |   Page 347: 5 questions
2026-05-06 13:34:42,628 | INFO    |   Page 348: 5 questions
2026-05-06 13:34:45,947 | INFO    |   Page 349: 5 questions
2026-05-06 13:34:49,351 | INFO    |   Page 350: 5 questions
2026-05-06 13:34:49,494 | INFO    | 💾 Saved at page 350 (1659 questions)
2026-05-06 13:34:52,881 | INFO    |   Page 351: 4 questions
2026-05-06 13:34:56,270 | INFO    |   Page 352: 4 questions
2026-05-06 13:34:59,529 | INFO    |   Page 353: 5 questions
2026-05-06 13:35:02,801 | INFO    |   Page 354: 5 questions
2026-05-06 13:35:06,144 | INFO    |   Page 355: 5 questions
2026-05-06 13:35:06,287 | INFO    | 💾 Saved at page 355 (1682 questions)
2026-05-06 13:35:09,692 | INFO    |   Page 356: 5 questions
2026-05-06 13:35:13,021 | INFO    |   Page 357: 5 questions
2026-05-06 13:35:16,427 | INFO    |   Page 358: 5 questions
2026-05-06 13:35:19,761 | INFO    |   Page 359: 5 questions
2026-05-06 13:35:23,031 | INFO    |   Page 360: 5 questions
2026-05-06 13:35:23,183 | INFO    | 💾 Saved at page 360 (1707 questions)
2026-05-06 13:35:26,542 | INFO    |   Page 361: 5 questions
2026-05-06 13:35:29,928 | INFO    |   Page 362: 5 questions
2026-05-06 13:35:33,314 | INFO    |   Page 363: 5 questions
2026-05-06 13:35:36,718 | INFO    |   Page 364: 5 questions
2026-05-06 13:35:40,111 | INFO    |   Page 365: 5 questions
2026-05-06 13:35:40,260 | INFO    | 💾 Saved at page 365 (1732 questions)
2026-05-06 13:35:43,634 | INFO    |   Page 366: 5 questions
2026-05-06 13:35:47,016 | INFO    |   Page 367: 5 questions
2026-05-06 13:35:50,361 | INFO    |   Page 368: 5 questions
2026-05-06 13:35:53,989 | INFO    |   Page 369: 5 questions
2026-05-06 13:35:57,381 | INFO    |   Page 370: 5 questions
2026-05-06 13:35:57,532 | INFO    | 💾 Saved at page 370 (1757 questions)
2026-05-06 13:36:00,912 | INFO    |   Page 371: 5 questions
2026-05-06 13:36:04,270 | INFO    |   Page 372: 5 questions
2026-05-06 13:36:07,612 | INFO    |   Page 373: 5 questions
2026-05-06 13:36:11,080 | INFO    |   Page 374: 5 questions
2026-05-06 13:36:14,700 | INFO    |   Page 375: 5 questions
2026-05-06 13:36:14,870 | INFO    | 💾 Saved at page 375 (1779 questions)
2026-05-06 13:36:18,279 | INFO    |   Page 376: 5 questions
2026-05-06 13:36:21,671 | INFO    |   Page 377: 5 questions
2026-05-06 13:36:25,104 | INFO    |   Page 378: 5 questions
2026-05-06 13:36:28,473 | INFO    |   Page 379: 5 questions
2026-05-06 13:36:31,791 | INFO    |   Page 380: 5 questions
2026-05-06 13:36:31,941 | INFO    | 💾 Saved at page 380 (1804 questions)
2026-05-06 13:36:35,214 | INFO    |   Page 381: 5 questions
2026-05-06 13:36:38,606 | INFO    |   Page 382: 5 questions
2026-05-06 13:36:41,905 | INFO    |   Page 383: 5 questions
2026-05-06 13:36:45,206 | INFO    |   Page 384: 5 questions
2026-05-06 13:36:48,575 | INFO    |   Page 385: 5 questions
2026-05-06 13:36:48,735 | INFO    | 💾 Saved at page 385 (1829 questions)
2026-05-06 13:36:52,087 | INFO    |   Page 386: 5 questions
2026-05-06 13:36:55,517 | INFO    |   Page 387: 5 questions
2026-05-06 13:36:58,847 | INFO    |   Page 388: 4 questions
2026-05-06 13:37:02,190 | INFO    |   Page 389: 5 questions
2026-05-06 13:37:05,500 | INFO    |   Page 390: 5 questions
2026-05-06 13:37:05,682 | INFO    | 💾 Saved at page 390 (1853 questions)
2026-05-06 13:37:09,074 | INFO    |   Page 391: 5 questions
2026-05-06 13:37:12,411 | INFO    |   Page 392: 5 questions
2026-05-06 13:37:15,789 | INFO    |   Page 393: 5 questions
2026-05-06 13:37:19,116 | INFO    |   Page 394: 5 questions
2026-05-06 13:37:22,499 | INFO    |   Page 395: 5 questions
2026-05-06 13:37:22,664 | INFO    | 💾 Saved at page 395 (1877 questions)
2026-05-06 13:37:25,990 | INFO    |   Page 396: 5 questions
2026-05-06 13:37:29,421 | INFO    |   Page 397: 5 questions
2026-05-06 13:37:32,770 | INFO    |   Page 398: 4 questions
2026-05-06 13:37:36,061 | INFO    |   Page 399: 2 questions
2026-05-06 13:37:39,344 | INFO    |   Page 400: 3 questions
2026-05-06 13:37:39,511 | INFO    | 💾 Saved at page 400 (1895 questions)
2026-05-06 13:37:42,845 | INFO    |   Page 401: 2 questions
2026-05-06 13:37:46,190 | INFO    |   Page 402: 3 questions
2026-05-06 13:37:49,506 | INFO    |   Page 403: 2 questions
2026-05-06 13:37:52,843 | INFO    |   Page 404: 3 questions
2026-05-06 13:37:56,178 | INFO    |   Page 405: 2 questions
2026-05-06 13:37:56,343 | INFO    | 💾 Saved at page 405 (1907 questions)
2026-05-06 13:37:59,779 | INFO    |   Page 406: 5 questions
2026-05-06 13:38:03,154 | INFO    |   Page 407: 5 questions
2026-05-06 13:38:06,488 | INFO    |   Page 408: 5 questions
2026-05-06 13:38:09,844 | INFO    |   Page 409: 5 questions
2026-05-06 13:38:13,217 | INFO    |   Page 410: 5 questions
2026-05-06 13:38:13,388 | INFO    | 💾 Saved at page 410 (1932 questions)
2026-05-06 13:38:16,613 | INFO    |   Page 411: 5 questions
2026-05-06 13:38:19,906 | INFO    |   Page 412: 5 questions
2026-05-06 13:38:23,216 | INFO    |   Page 413: 5 questions
2026-05-06 13:38:26,499 | INFO    |   Page 414: 5 questions
2026-05-06 13:38:29,834 | INFO    |   Page 415: 5 questions
2026-05-06 13:38:30,001 | INFO    | 💾 Saved at page 415 (1956 questions)
2026-05-06 13:38:33,597 | INFO    |   Page 416: 5 questions
2026-05-06 13:38:36,897 | INFO    |   Page 417: 5 questions
2026-05-06 13:38:40,229 | INFO    |   Page 418: 5 questions
2026-05-06 13:38:43,527 | INFO    |   Page 419: 5 questions
2026-05-06 13:38:47,147 | INFO    |   Page 420: 5 questions
2026-05-06 13:38:47,350 | INFO    | 💾 Saved at page 420 (1981 questions)
2026-05-06 13:38:50,670 | INFO    |   Page 421: 5 questions
2026-05-06 13:38:54,141 | INFO    |   Page 422: 5 questions
2026-05-06 13:38:57,449 | INFO    |   Page 423: 5 questions
2026-05-06 13:39:00,795 | INFO    |   Page 424: 5 questions
2026-05-06 13:39:04,115 | INFO    |   Page 425: 5 questions
2026-05-06 13:39:04,285 | INFO    | 💾 Saved at page 425 (2006 questions)
2026-05-06 13:39:07,606 | INFO    |   Page 426: 5 questions
2026-05-06 13:39:10,883 | INFO    |   Page 427: 5 questions
2026-05-06 13:39:14,242 | INFO    |   Page 428: 5 questions
2026-05-06 13:39:17,549 | INFO    |   Page 429: 5 questions
2026-05-06 13:39:20,910 | INFO    |   Page 430: 5 questions
2026-05-06 13:39:21,087 | INFO    | 💾 Saved at page 430 (2030 questions)
2026-05-06 13:39:24,399 | INFO    |   Page 431: 5 questions
2026-05-06 13:39:27,709 | INFO    |   Page 432: 5 questions
2026-05-06 13:39:31,245 | INFO    |   Page 433: 5 questions
2026-05-06 13:39:34,596 | INFO    |   Page 434: 5 questions
2026-05-06 13:39:37,938 | INFO    |   Page 435: 5 questions
2026-05-06 13:39:38,124 | INFO    | 💾 Saved at page 435 (2054 questions)
2026-05-06 13:39:41,431 | INFO    |   Page 436: 5 questions
2026-05-06 13:39:44,756 | INFO    |   Page 437: 5 questions
2026-05-06 13:39:48,754 | INFO    |   Page 438: 5 questions
2026-05-06 13:39:52,460 | INFO    |   Page 439: 5 questions
2026-05-06 13:39:55,878 | INFO    |   Page 440: 5 questions
2026-05-06 13:39:56,047 | INFO    | 💾 Saved at page 440 (2072 questions)
2026-05-06 13:39:59,349 | INFO    |   Page 441: 5 questions
2026-05-06 13:40:02,653 | INFO    |   Page 442: 5 questions
2026-05-06 13:40:06,024 | INFO    |   Page 443: 5 questions
2026-05-06 13:40:09,395 | INFO    |   Page 444: 4 questions
2026-05-06 13:40:12,732 | INFO    |   Page 445: 2 questions
2026-05-06 13:40:12,926 | INFO    | 💾 Saved at page 445 (2083 questions)
2026-05-06 13:40:13,671 | INFO    | ✅ Commerce: 2083 questions saved.

2026-05-06 13:40:13,671 | INFO    | 
=======================================================
2026-05-06 13:40:13,671 | INFO    | 🎉 ALL DONE! 20289 questions across 18 subjects.
2026-05-06 13:40:13,695 | INFO    | Files saved in C:\Users\Pc\Videos\pwa-builder\myschool_scraped
2026-05-06 13:40:13,697 | INFO    | =======================================================
2026-05-06 13:40:13,699 | INFO    | Creating myschool_all_subjects.zip ...
